[
{
  "model": "app.category",
  "pk": 7,
  "fields": {
    "name": "Komfort",
    "picture": "categories/comfort_full.jpg",
    "backgroundPicture": "categories/comfort_bg.jpg",
    "short_description": "Komfort ist mehr als ein gem\u00fctliches Sofa. Steuer das Licht, die Roll\u00e4den und vieles mehr. Egal wo du gerade bist.",
    "description": "Komfort ist mehr als ein gem\u00fctliches Sofa. Steuer das Licht, die Roll\u00e4den und vieles mehr. Egal wo du gerade bist.",
    "iconString": "gift"
  }
},
{
  "model": "app.category",
  "pk": 8,
  "fields": {
    "name": "Energie",
    "picture": "categories/enegry_full.jpg",
    "backgroundPicture": "categories/energy_bg.jpg",
    "short_description": "Es werden Dir die M\u00f6glichkeiten angeboten, den eigenen Energiehaushalt jederzeit zu \u00fcberpr\u00fcfen und zu regulieren, so dass Du energieeffizienter leben kannst.",
    "description": "Es werden Dir die M\u00f6glichkeiten angeboten, den eigenen Energiehaushalt jederzeit zu \u00fcberpr\u00fcfen und zu regulieren, so dass Du energieeffizienter leben kannst.",
    "iconString": "leaf"
  }
},
{
  "model": "app.category",
  "pk": 9,
  "fields": {
    "name": "Sicherheit",
    "picture": "categories/security_full.jpg",
    "backgroundPicture": "categories/security_bg.jpg",
    "short_description": "Nutze die Produkte und schenke Deiner Familie und Dir selbst ein sicheres Zuhause. Geh\u00f6re zu den perfekten Helikoptereltern, mit Kamera-Kinder\u00fcberwachung.",
    "description": "Nutze die Produkte und schenke Deiner Familie und Dir selbst ein sicheres Zuhause. Geh\u00f6re zu den perfekten Helikoptereltern, mit Kamera-Kinder\u00fcberwachung.",
    "iconString": "lock"
  }
},
{
  "model": "app.category",
  "pk": 10,
  "fields": {
    "name": "Gesundheit",
    "picture": "categories/smart_health_full.jpg",
    "backgroundPicture": "categories/smart_health_bg.jpg",
    "short_description": "Nutze die M\u00f6glichkeiten von IoT-Ger\u00e4ten, um ihre Gesundheit besser im Blick zu behalten, sportliche Erfolge nachzuverfolgen und gesund zu leben.",
    "description": "Nutze die M\u00f6glichkeiten von IoT-Ger\u00e4ten, um ihre Gesundheit besser im Blick zu behalten, sportliche Erfolge nachzuverfolgen und gesund zu leben.",
    "iconString": "heart"
  }
},
{
  "model": "app.producttype",
  "pk": 1,
  "fields": {
    "type_name": "Basisger\u00e4t",
    "used_as_product_type_filter_by": []
  }
},
{
  "model": "app.producttype",
  "pk": 2,
  "fields": {
    "type_name": "K\u00fchlschrank",
    "used_as_product_type_filter_by": []
  }
},
{
  "model": "app.producttype",
  "pk": 3,
  "fields": {
    "type_name": "Kamera",
    "used_as_product_type_filter_by": []
  }
},
{
  "model": "app.producttype",
  "pk": 4,
  "fields": {
    "type_name": "CO2-Sensor",
    "used_as_product_type_filter_by": []
  }
},
{
  "model": "app.producttype",
  "pk": 5,
  "fields": {
    "type_name": "Thermostat/Temperatursensor",
    "used_as_product_type_filter_by": []
  }
},
{
  "model": "app.producttype",
  "pk": 6,
  "fields": {
    "type_name": "Smart Plug/Smart Socket",
    "used_as_product_type_filter_by": []
  }
},
{
  "model": "app.producttype",
  "pk": 8,
  "fields": {
    "type_name": "Waage",
    "used_as_product_type_filter_by": []
  }
},
{
  "model": "app.producttype",
  "pk": 10,
  "fields": {
    "type_name": "Bewegungsmelder/Lichtsensor",
    "used_as_product_type_filter_by": []
  }
},
{
  "model": "app.producttype",
  "pk": 11,
  "fields": {
    "type_name": "Rauchmelder",
    "used_as_product_type_filter_by": []
  }
},
{
  "model": "app.producttype",
  "pk": 12,
  "fields": {
    "type_name": "Router",
    "used_as_product_type_filter_by": []
  }
},
{
  "model": "app.producttype",
  "pk": 13,
  "fields": {
    "type_name": "T\u00fcr-/Fensterkontaktsensor",
    "used_as_product_type_filter_by": []
  }
},
{
  "model": "app.producttype",
  "pk": 15,
  "fields": {
    "type_name": "Luftfeuchtigkeitssensor (inkl. CO2-Messung)",
    "used_as_product_type_filter_by": []
  }
},
{
  "model": "app.producttype",
  "pk": 16,
  "fields": {
    "type_name": "Rollladen-Aktor",
    "used_as_product_type_filter_by": []
  }
},
{
  "model": "app.producttype",
  "pk": 17,
  "fields": {
    "type_name": "Schaltaktor",
    "used_as_product_type_filter_by": []
  }
},
{
  "model": "app.producttype",
  "pk": 18,
  "fields": {
    "type_name": "Lichtsteuerung/Dimmer",
    "used_as_product_type_filter_by": []
  }
},
{
  "model": "app.producttype",
  "pk": 19,
  "fields": {
    "type_name": "Wetterstation",
    "used_as_product_type_filter_by": []
  }
},
{
  "model": "app.producttype",
  "pk": 20,
  "fields": {
    "type_name": "Geschirrsp\u00fcler",
    "used_as_product_type_filter_by": []
  }
},
{
  "model": "app.producttype",
  "pk": 21,
  "fields": {
    "type_name": "Trockner",
    "used_as_product_type_filter_by": []
  }
},
{
  "model": "app.producttype",
  "pk": 22,
  "fields": {
    "type_name": "Waschmaschine",
    "used_as_product_type_filter_by": []
  }
},
{
  "model": "app.producttype",
  "pk": 23,
  "fields": {
    "type_name": "Ofen",
    "used_as_product_type_filter_by": []
  }
},
{
  "model": "app.producttype",
  "pk": 24,
  "fields": {
    "type_name": "Kochfeld",
    "used_as_product_type_filter_by": []
  }
},
{
  "model": "app.producttype",
  "pk": 25,
  "fields": {
    "type_name": "Dunstabzugshaube",
    "used_as_product_type_filter_by": []
  }
},
{
  "model": "app.producttype",
  "pk": 26,
  "fields": {
    "type_name": "Kaffeemaschine",
    "used_as_product_type_filter_by": []
  }
},
{
  "model": "app.producttype",
  "pk": 27,
  "fields": {
    "type_name": "Gateway",
    "used_as_product_type_filter_by": []
  }
},
{
  "model": "app.producttype",
  "pk": 28,
  "fields": {
    "type_name": "Herzfrequenzsensor",
    "used_as_product_type_filter_by": []
  }
},
{
  "model": "app.producttype",
  "pk": 29,
  "fields": {
    "type_name": "Blutdruckmessger\u00e4t",
    "used_as_product_type_filter_by": []
  }
},
{
  "model": "app.producttype",
  "pk": 30,
  "fields": {
    "type_name": "Smarter Wecker",
    "used_as_product_type_filter_by": []
  }
},
{
  "model": "app.producttype",
  "pk": 31,
  "fields": {
    "type_name": "Lampe & Bridge",
    "used_as_product_type_filter_by": []
  }
},
{
  "model": "app.producttype",
  "pk": 33,
  "fields": {
    "type_name": "T\u00fcrklingel",
    "used_as_product_type_filter_by": []
  }
},
{
  "model": "app.producttype",
  "pk": 34,
  "fields": {
    "type_name": "Alarmsirene",
    "used_as_product_type_filter_by": []
  }
},
{
  "model": "app.producttype",
  "pk": 35,
  "fields": {
    "type_name": "Wassersensor",
    "used_as_product_type_filter_by": []
  }
},
{
  "model": "app.producttype",
  "pk": 37,
  "fields": {
    "type_name": "Leuchtmittel",
    "used_as_product_type_filter_by": []
  }
},
{
  "model": "app.provider",
  "pk": 1,
  "fields": {
    "name": "Connected Living",
    "is_visible": true
  }
},
{
  "model": "app.provider",
  "pk": 2,
  "fields": {
    "name": "avm",
    "is_visible": true
  }
},
{
  "model": "app.provider",
  "pk": 3,
  "fields": {
    "name": "Eurotronic",
    "is_visible": true
  }
},
{
  "model": "app.provider",
  "pk": 4,
  "fields": {
    "name": "Fibaro",
    "is_visible": true
  }
},
{
  "model": "app.provider",
  "pk": 5,
  "fields": {
    "name": "Jung",
    "is_visible": true
  }
},
{
  "model": "app.provider",
  "pk": 6,
  "fields": {
    "name": "Withthings",
    "is_visible": true
  }
},
{
  "model": "app.provider",
  "pk": 7,
  "fields": {
    "name": "Thermokon",
    "is_visible": true
  }
},
{
  "model": "app.provider",
  "pk": 8,
  "fields": {
    "name": "NodOn",
    "is_visible": true
  }
},
{
  "model": "app.provider",
  "pk": 9,
  "fields": {
    "name": "Permundo",
    "is_visible": true
  }
},
{
  "model": "app.provider",
  "pk": 11,
  "fields": {
    "name": "Miele",
    "is_visible": true
  }
},
{
  "model": "app.provider",
  "pk": 12,
  "fields": {
    "name": "Polar",
    "is_visible": true
  }
},
{
  "model": "app.provider",
  "pk": 13,
  "fields": {
    "name": "Epson",
    "is_visible": true
  }
},
{
  "model": "app.provider",
  "pk": 15,
  "fields": {
    "name": "Kingmak",
    "is_visible": true
  }
},
{
  "model": "app.provider",
  "pk": 16,
  "fields": {
    "name": "D-Link",
    "is_visible": true
  }
},
{
  "model": "app.provider",
  "pk": 17,
  "fields": {
    "name": "Philips",
    "is_visible": true
  }
},
{
  "model": "app.provider",
  "pk": 19,
  "fields": {
    "name": "Beddi",
    "is_visible": true
  }
},
{
  "model": "app.provider",
  "pk": 20,
  "fields": {
    "name": "eQ-3",
    "is_visible": true
  }
},
{
  "model": "app.provider",
  "pk": 21,
  "fields": {
    "name": "BMS \u2013 Building Management Systems",
    "is_visible": true
  }
},
{
  "model": "app.provider",
  "pk": 22,
  "fields": {
    "name": "Gira",
    "is_visible": true
  }
},
{
  "model": "app.provider",
  "pk": 23,
  "fields": {
    "name": "Aeotec by Aeon Labs",
    "is_visible": true
  }
},
{
  "model": "app.provider",
  "pk": 25,
  "fields": {
    "name": "Danfoss",
    "is_visible": true
  }
},
{
  "model": "app.providerprofile",
  "pk": 1,
  "fields": {
    "public_name": "AVM",
    "url_name": "avm",
    "logo_image": "provider/avm_logo.png",
    "profile_image": "provider/avm_produkte.png",
    "banner_image": "provider/avm_banner.jpg",
    "introduction": "Die AVM Computersysteme Vertriebs GmbH ist ein deutscher Hersteller von Produkten aus dem Bereich der Telekommunikation und Netzwerktechnik (unter anderem DSL, LTE, ISDN, WLAN und Internettelefonie)",
    "contact_email": "tralala@avvvvvvm.nix",
    "website": "http://www.avm.de",
    "owner": 2
  }
},
{
  "model": "app.providerprofile",
  "pk": 2,
  "fields": {
    "public_name": "Connected Living",
    "url_name": "connected_living",
    "logo_image": "provider/cl_logo.png",
    "profile_image": "provider/cl_image.jpg",
    "banner_image": "provider/cl_banner.png",
    "introduction": "Im Leben der Zukunft wird alles einfach vernetzt sein. Wir betreten nicht mehr allein das Smarte Haus als Zentrum der Vernetzung von Menschen und Dingen. Das Vernetzte Leben geht dar\u00fcber hinaus. Die Anwendungsfelder Wohnen, Mobilit\u00e4t, Gesundheit, Geb\u00e4ude sowie St\u00e4dte konvergieren im zuk\u00fcnftigen Internet of Everything verst\u00e4rkt hin zu ganzheitlichen und branchen\u00fcbergreifenden L\u00f6sungen.",
    "contact_email": "jakob@connected-living.org",
    "website": "http://www.connected-living.org",
    "owner": 1
  }
},
{
  "model": "app.providerprofile",
  "pk": 3,
  "fields": {
    "public_name": "Eurotronic",
    "url_name": "eurotronic",
    "logo_image": "provider/eurotronic_logo.jpg",
    "profile_image": "provider/eurotronic_image.png",
    "banner_image": "provider/eurotronic_banner.jpg",
    "introduction": "Wir haben uns auf die Entwicklung innovativer L\u00f6sungen \r\nzur Reduzierung der Energiekosten spezialisiert.\r\n\r\nUnser mittelst\u00e4ndisches Familienunternehmen hat sich seit der Firmengr\u00fcndung im Mai 1998 kontinuierlich zu einem der marktf\u00fchrenden Unternehmen im Bereich der elektronischen Heizk\u00f6rperregler entwickelt. Unsere Produkte werden in den eigenen Werken in Hessen hergestellt. Ziel ist es, Produkte auf h\u00f6chstem technischen Niveau zu entwickeln, zu produzieren und anwenderfreundlich zu gestalten.",
    "contact_email": "noreply@eurotronic.org",
    "website": "http://www.eurotronic.org",
    "owner": 3
  }
},
{
  "model": "app.providerprofile",
  "pk": 4,
  "fields": {
    "public_name": "Fibaro",
    "url_name": "fibaro",
    "logo_image": "provider/fibaro_logo.jpg",
    "profile_image": "provider/fibaro_image.jpg",
    "banner_image": "provider/fibaro_banner.jpg",
    "introduction": "Zur Zeit ist das FIBARO-System die beste auf dem Markt verf\u00fcgbare Aufbau- Automationsl\u00f6sung.\r\n\r\nEs bietet einen nichtinvasiven Installationsprozess, durch den die Notwendigkeit von meterlangen Kabeln hinf\u00e4llig wird. Unsere Miniatur-Module k\u00f6nnen in jedem Wandschaltkasten installiert werden, hinter einem Lichtschalter, einem Rollladen-Schalter etc., und sind mit jedem elektrischen System kompatibel. \r\nEs ist das einzige auf dem Markt verf\u00fcgbare System, das in der Lage ist, LED-Licht oder fluoreszierendes Licht ohne Nulleiter in elektrischen Systemen zu kontrollieren (ehemals typische elektrische Systeme). \r\nFibaro-Ger\u00e4te werden nicht permanent an die Geb\u00e4udeinfrastruktur gekoppelt. Wenn Sie Ihre Wohnung also umdekorieren, einige W\u00e4nde einrei\u00dfen oder das Inneneinrichtungskonzept \u00e4ndern m\u00f6chten\u2026 Ist das kein Problem. Tun Sie es einfach. Nehmen Sie einfach jedes beliebige Modul aus der Wand und installieren es an einem neuen Platz. Durch das Maschennetzwerk aktualisiert das Modul seinen Standort und nimmt die Kooperation mit den \u00fcbrigen Systemkomponenten problemlos wieder auf.",
    "contact_email": "noreply@fibaro.com",
    "website": "http://www.fibaro.com",
    "owner": 4
  }
},
{
  "model": "app.providerprofile",
  "pk": 5,
  "fields": {
    "public_name": "Jung",
    "url_name": "jung",
    "logo_image": "provider/jung_logo.png",
    "profile_image": "provider/jung_image.jpg",
    "banner_image": "provider/jung_banner.jpg",
    "introduction": "Intelligente Haussteuerung mit dem zukunftssicheren KNX-System\r\nDie Aufgabe moderner Haustechnik ist es, Wohn- und Arbeitswelten intelligent zu steuern und dabei auf individuelle Gestaltungsw\u00fcnsche und Wohnqualit\u00e4t R\u00fccksicht zu nehmen. Von Bedeutung sind dabei die Aspekte Komfort, Wirtschaftlichkeit, Energieeffizienz und Repr\u00e4sentation. In diesem Sinne vernetzt KNX hier Funktionen wie Beleuchtung, Klima, Sicherheit und Multimedia f\u00fcr eine zentrale und smarte Steuerung.",
    "contact_email": "alt@jung.de",
    "website": "http://www.jung.de/",
    "owner": 5
  }
},
{
  "model": "app.providerprofile",
  "pk": 6,
  "fields": {
    "public_name": "Withthings",
    "url_name": "withthings",
    "logo_image": "provider/withings_logo.jpg",
    "profile_image": "provider/withthing_image.jpg",
    "banner_image": "provider/withthings_banner.jpg",
    "introduction": "Withings ist ein Hersteller, der...",
    "contact_email": "noreply@withtings.com",
    "website": "http://www.withings.com/eu/de/",
    "owner": 6
  }
},
{
  "model": "app.providerprofile",
  "pk": 7,
  "fields": {
    "public_name": "Thermokon Sensortechnik GmbH",
    "url_name": "thermokon_sensortechnik_gmbh",
    "logo_image": "provider/thermokon_logo.png",
    "profile_image": "provider/thermokon_profile.jpg",
    "banner_image": "provider/thermokon_banner.png",
    "introduction": "Thermokon \u2013 Home of Sensor Technology\r\n\r\nVom einzelnen Produkt zur Systeml\u00f6sung f\u00fcr Sensorik\r\nWas 1987 mit der Gr\u00fcndung der Thermokon Sensortechnik GmbH durch Harald Zygan begann, entwickelte sich schnell zur Erfolgsgeschichte: Der anf\u00e4nglichen Spezialisierung auf Temperaturf\u00fchler f\u00fcr die Heizkesselindustrie folgte schon bald die schrittweise Erweiterung unseres Produktportfolios auf Sensorikl\u00f6sungen zur Erfassung von relativer Feuchte, Luftqualit\u00e4t und Helligkeit. Sie legte den Grundstein f\u00fcr die energieeffiziente Auslegung unserer Systeme und L\u00f6sungen.\r\n\r\nMit Kompetenz f\u00fcr den Erfolg unserer Kunden\r\nSeit fast 30 Jahren steht der Name Thermokon f\u00fcr die Aufwertung intelligenter Geb\u00e4ude mit Engineering, Innovation und Qualit\u00e4t \u201eMade in Germany\u201c. Mit der Entwicklung und Fertigung richtungsweisender Sensoren und Sensorsysteme schaffen wir Mehrwert f\u00fcr Kunden in aller Welt. Effizienz, Nachhaltigkeit und Offenheit f\u00fcr Neues stehen dabei ebenso im Fokus wie die enge Partnerschaft und der intensive Dialog mit unseren Kunden. \r\n\r\nAls Innovationstreiber mit breitgef\u00e4chertem Anwendungsspektrum entwickeln wir unser Produktportfolio stetig weiter und bieten entscheidende Vorteile durch produktbezogene Leistungen, Sonderl\u00f6sungen und Engineering. Unser gesamtes Portfolio ist auf energieeffiziente Geb\u00e4ude ausgelegt, die eine A-Klassifizierung nach DIN EN 15232 anstreben.",
    "contact_email": "email@thermokon.de",
    "website": "http://www.thermokon.de/",
    "owner": 7
  }
},
{
  "model": "app.providerprofile",
  "pk": 8,
  "fields": {
    "public_name": "nodOn",
    "url_name": "nodon",
    "logo_image": "provider/thermokon_logo_EcI0Ifz.png",
    "profile_image": "provider/thermokon_profile_LUIqxNl.jpg",
    "banner_image": "provider/thermokon_banner_kk0Lzh1.png",
    "introduction": "Home Automation by nodOn\r\n\r\nThe Home automation uses are countless. At NodOn\u00ae, we always design products with multiple and upgradable uses.\r\nhome automation comfort\r\nCOMFORT\r\n\r\nWe believe in strong synergies between energy savings and wellbeing. Our outlook of Smart Home is to be able to control more to save more, without degrading your comfort and wellbeing. And who knows, why not improving it?\r\n\r\nhome automation energy savings\r\nENERGY SAVINGS\r\n\r\nBy connecting NodOn\u00ae products / modules on your existing appliances (lights, HVAC, home appliances, etc\u2026) you can monitor your energy consumption and then act on it. As a game with your family (\u201cwho will save the most energy this month?\u201d), or through intelligent scenarios\r\n\r\nhome automation security\r\nSECURITY\r\n\r\nYour home should always be the most confident and safe place on earth, as a little nest for you and your family. Using NodOn\u00ae products, you combine home control with non-intrusive security system. Safe and relax.",
    "contact_email": "contact@nodon.fr",
    "website": "http://nodon.fr/en/",
    "owner": 8
  }
},
{
  "model": "app.providerprofile",
  "pk": 9,
  "fields": {
    "public_name": "Permundo GmbH",
    "url_name": "permundo_gmbh",
    "logo_image": "provider/logo_permundo.jpg",
    "profile_image": "provider/profile_permundo.jpg",
    "banner_image": "provider/banner_permundo.jpg",
    "introduction": "permundo - the smart control company\r\n\r\npermundo is a supplier of \r\nadvanced smart-control components.\r\n\r\nThe company was founded in 2009 and is based in D\u00fcsseldorf, Germany.\r\n\r\nThe company focus is on Engineering & Design and on Marketing, by an international team of committed experts. Production is outsourced under licence to European-based electronics manufacturers.\r\n\r\nWe at permundo are convinced that cool and easy-to-use products will bring revolutionary new possibilities into our daily lifes. These will increase comfort and will help us to save energy.",
    "contact_email": "sales@permundo.com",
    "website": "http://www.permundo.com/",
    "owner": 9
  }
},
{
  "model": "app.providerprofile",
  "pk": 10,
  "fields": {
    "public_name": "Gira Giersiepen GmbH & Co. KG",
    "url_name": "gira_giersiepen_gmbh___co__kg",
    "logo_image": "provider/gira-logo.jpg",
    "profile_image": "provider/gira-profile.jpg",
    "banner_image": "provider/gira-banner.jpg",
    "introduction": "Das Unternehmen Gira\r\nDer Name Gira steht f\u00fcr moderne Geb\u00e4udetechnik mit System, die das Wohnen komfortabler, sicherer und energieeffizienter macht. Daf\u00fcr bietet Gira intelligente Funktionen und benutzerfreundliche Ger\u00e4te f\u00fcr die einfache und bequeme Steuerung von Beleuchtung, Heizung und Jalousien sowie von T\u00fcrkommunikations-, Multimedia- und Sicherheitssystemen. Den richtigen Rahmen f\u00fcr die Integration der verschiedenen L\u00f6sungen bieten ausgezeichnete Schalterprogramme mit hohem Designanspruch. Mit dem Gesch\u00e4ftsfeld Kunststofftechnik entwickelt und produziert Gira zudem auch spezielle L\u00f6sungen f\u00fcr die Medizin- und Pharmaindustrie.",
    "contact_email": "marketing-service-hotline@gira.de",
    "website": "https://www.gira.de/",
    "owner": 22
  }
},
{
  "model": "app.providerprofile",
  "pk": 11,
  "fields": {
    "public_name": "Miele & Cie. KG",
    "url_name": "miele___cie__kg",
    "logo_image": "provider/High_Res_Miele_logo_2.jpg",
    "profile_image": "provider/High_Res_Miele_profile_2.jpg",
    "banner_image": "provider/miele_banner.jpg",
    "introduction": "Die Miele & Cie. KG ist ein deutscher Haushaltsger\u00e4te-Hersteller mit Sitz in G\u00fctersloh (Nordrhein-Westfalen). Das Unternehmen besch\u00e4ftigt nach eigenen Angaben weltweit 17.741 Mitarbeiter (Stand Gesch\u00e4ftsjahr 2014/2015). Der Umsatz betrug im Gesch\u00e4ftsjahr 2014/2015 3,49 Milliarden Euro. Gesch\u00e4ftsf\u00fchrer sind Markus Miele, Reinhard Zinkann junior, Eduard Sailer, Axel Kniehl und Olaf Bartsch. Seit der Gr\u00fcndung ist die Firma, mittlerweile in der vierten Generation, im Besitz der Familien Miele (51,1 %) und Zinkann (48,9 %). Das Unternehmen ist eine Kommanditgesellschaft. Die unbeschr\u00e4nkt haftenden Gesellschafter (Komplement\u00e4re) sind die Miele Verwaltungs-GmbH und die Zinkann Verwaltungs-GmbH.",
    "contact_email": "info@miele.de",
    "website": "http://www.miele.de/",
    "owner": 11
  }
},
{
  "model": "app.providerprofile",
  "pk": 12,
  "fields": {
    "public_name": "Polar Electro GmbH Deutschland",
    "url_name": "polar_electro_gmbh_deutschland",
    "logo_image": "provider/og-polar-logo.jpg",
    "profile_image": "provider/og-polar-profile.jpg",
    "banner_image": "provider/og-polar-banner.jpg",
    "introduction": "Auf die Signale unseres K\u00f6rpers zu achten, ist das eine, diese auch richtig zu interpretieren etwas anderes. Polar hilft dir, dein Training zu verstehen und die richtigen Schl\u00fcsse f\u00fcr das Training zu ziehen. Garanten hierf\u00fcr sind unser Know-how in Sachen Sport, Physiologie und Elektronik sowie das Verst\u00e4ndnis f\u00fcr die Bed\u00fcrfnisse unserer Nutzer. Nicht zuletzt deshalb sind wir seit 1977 f\u00fchrend im Bereich der Entwicklung von Herzfrequenz-Messger\u00e4ten und technischen Innovationen.\r\n\r\nUnser umfangreiches Produktangebot erf\u00fcllt die hohen Anspr\u00fcche und unterschiedlichen sportlichen Ziele unserer Kunden in Sport und Fitness \u2013 ob Leistungsoptimierung f\u00fcr Wettkampfsportler, Unterst\u00fctzung eines ges\u00fcnderen Lebensstils, Hilfe bei der Rehabilitation oder dem Gewichtsmanagement.\r\n\r\nUnsere ambitionierten und kompetenten Mitarbeiter erm\u00f6glichen es durch ihren Ehrgeiz, Tag f\u00fcr Tag nach dem Besten und weiteren Innovationen zu streben. Seit mehr als 30 Jahren verfolgen wir unsere Ziele mit derselben Leidenschaft. Und unser Erfolg best\u00e4tigt dies. Gegenw\u00e4rtig besch\u00e4ftigt Polar 1.200 Menschen in 26 Tochtergesellschaften auf der ganzen Welt. Wir stellen unsere Produkte ausschlie\u00dflich in unseren eigenen Produktionsst\u00e4tten her und verf\u00fcgt \u00fcber ein Vertriebsnetz, das \u00fcber 35.000 Einzelhandelsgesch\u00e4fte in mehr als 80 L\u00e4ndern beliefert.",
    "contact_email": "info@polar-deutschland.de",
    "website": "http://www.polar.com/de",
    "owner": 12
  }
},
{
  "model": "app.providerprofile",
  "pk": 13,
  "fields": {
    "public_name": "SEIKO Epson CORPORATION",
    "url_name": "seiko_epson_corporation",
    "logo_image": "provider/epson_tagline_logo_blue_and_black.jpg",
    "profile_image": "provider/epson_tagline_profile.jpg",
    "banner_image": "provider/epson_banner.jpg",
    "introduction": "Die Schnelllebigkeit und der gro\u00dfe Druck im Gesundheitswesen erfordern bedienerfreundliche Technologien, die vertrauliche Informationen zuverl\u00e4ssig sch\u00fctzen und jederzeit eine optimale Leistung liefern. Ein gutes Preis-Leistungs-Verh\u00e4ltnis steht hierbei im Vordergrund.\r\n\r\nGenau hier setzt Epson an. Von der Patientenverwaltung \u00fcber die Etikettierung von Medikamenten bis zum Drucken, Archivieren und Abrufen von Daten helfen Ihnen unsere Produkte, Kosten zu sparen, und schaffen mehr Zeit f\u00fcr das Wesentliche \u2013 die Versorgung Ihrer Patienten.",
    "contact_email": "info@epson.de",
    "website": "http://www.epson.de/",
    "owner": 13
  }
},
{
  "model": "app.providerprofile",
  "pk": 14,
  "fields": {
    "public_name": "eQ-3 AG",
    "url_name": "eq_3_ag",
    "logo_image": "provider/logo.gif",
    "profile_image": "provider/profile.gif",
    "banner_image": "provider/banner.jpg",
    "introduction": "Smart Home vom Pionier\r\neQ-3 liefert seit mehr als 30 Jahren innovative Produkte und Technologien f\u00fcr den Home-Control-Bereich und z\u00e4hlt laut \u201eTechnologie Review\u201c zu den 50 innovativsten Unternehmen der Welt. Dar\u00fcber hinaus h\u00e4lt eQ-3 - laut \u201eBerg Insight\u201c - die Marktf\u00fchrerschaft im Bereich der Whole-Home-Systeme im europ\u00e4ischen Raum.\r\n \r\nAls deutsches Familienunternehmen mit Hauptsitz in Leer besch\u00e4ftigen wir weltweit mehr als 1000 Mitarbeiter, welche tagt\u00e4glich dazu beitragen, hochqualitative, innovative aber auch erschwingliche Produkte zu entwickeln und zu produzieren. Unsere vielf\u00e4ltige Vertriebskanalstruktur sorgt f\u00fcr eine breite Verf\u00fcgbarkeit unserer Produkte. Unsere Systeme k\u00f6nnen \u00fcber den Onlinehandel, den Installateur und \u00fcber unterschiedlichste H\u00e4ndler bezogen werden.\r\n\r\nNeben unseren Eigenmarken Homematic, Homematic IP und MAX! nutzen auch Unternehmen wie RWE, EWE, Mobilcom und die Telekom unsere Technologien f\u00fcr ihre Produkte. In der Qivicon Smart-Home-Plattform ist der Homematic Standard bereits ab Werk fest integriert.\r\n\r\n \r\n\r\n \r\nHomematic - Ein ganzes Haus voller guter Ideen\r\n\r\nMit Homematic stellen wir unseren Kunden eine umfangreiche Smart Home L\u00f6sung f\u00fcr nahezu alle Bereiche der Hausautomation zur Verf\u00fcgung. Mehr als 80 Komponenten erm\u00f6glichen das Steuern und Regeln der Beleuchtungs-, Beschattungs-, Sicherheits-, sowie der Heizungsanlage. Die CCU-2 Zentrale sorgt f\u00fcr eine intelligente Zusammenarbeit der verschiedenen Bereiche und stellt zus\u00e4tzlich offene Schnittstellen zu anderen Systemen, der eigenen Benutzeroberfl\u00e4che und zum Internet bereit. Dank dieser Schnittstellen k\u00f6nnen beispielsweise sogar K\u00e4rcher-Gartenbew\u00e4sserungssysteme automatisch den Garten bew\u00e4ssern, sobald der Boden Feuchtigkeit ben\u00f6tigt. Neben einem deutlich gesteigerten Wohnkomfort hilft das Homematic System somit auch beim Wassersparen und senkt dar\u00fcber hinaus die Heizkosten um bis zu 30 %.\r\n\r\n \r\n\r\n \r\nHomematic IP - Die neue Smart Home Generation\r\n\r\nHomematic IP stellt die n\u00e4chste Generation des Homematic Systems dar. Das System kombiniert die hohe Verarbeitungsqualit\u00e4t des Homematic Systems mit modernster IP-Kommunikationstechnologie und einer intuitiv nutzbaren, weltweit abrufbaren Smartphone-App-Benutzeroberfl\u00e4che. Das stetig wachsende Automationssystem umfasst derzeit Produkte zur Raumklima- und Heizungsregelung, mit deren Hilfe bis zu 30 % Heizkosten eingespart werden k\u00f6nnen, sowie Sicherheitskomponenten zur \u00dcberwachung. Wie auch beim Homematic System steht auch bei der neuen Ger\u00e4tegeneration eine offene Schnittstelle f\u00fcr Partner-Software- und Hardwarel\u00f6sungen zur Verf\u00fcgung.\r\n\r\n \r\nMAX! - Heizungssteuerung per Smartphone und Internet\r\n\r\nW\u00e4hrend Homematic nahezu alle Bereiche der Heimautomation abdeckt, ist das MAX! System auf die intelligente Heizungssteuerung spezialisiert. Das Funksystem zeichnet sich durch besonders leichte Handhabung aus, was es auch f\u00fcr Techniklaien interessant macht. Nahezu jedermann kann das System in wenigen Minuten installieren und per Smartphone App einrichten. Dabei beschr\u00e4nkt sich die App-Funktionalit\u00e4t nicht nur auf die eigenen vier W\u00e4nde. Per Onlinezugang \u00fcber den MAX! Cube kann die jeweilige Raumtemperatur auch unterwegs gepr\u00fcft und bei Bedarf angepasst werden. Dank der intelligenten Raumregelung, bei der neben der Raumluft auch T\u00fcren und Fenster \u00fcberwacht werden k\u00f6nnen, kann auch mit dem MAX! System bis zu 30 % Heizenergie eingespart werden. Auf Grund der geringen Anschaffungskosten, wird eine schnelle\r\nAmortisation erreicht.\r\n\r\n \r\n\r\n \r\neqiva\r\n\r\nBei den eqiva Produkten von eQ-3 handelt es sich um hochwertige Stand-Alone-L\u00f6sungen, die auf die Heimabsicherung und Heizungsregelung spezialisiert sind. Das Portfolio erstreckt sich von manuell programmierbaren Heizk\u00f6rperthermostaten, \u00fcber Rauchmelder bis hin zu per App steuer- und programmierbaren Bluetooth-Heizk\u00f6rperthermostaten. Diese Produkte werden \u201estand-alone\u201c, das hei\u00dft unabh\u00e4ngig von den Systemen MAX!, Homematic oder Homematic IP betrieben.",
    "contact_email": "info@eq-3.de",
    "website": "https://www.eq-3.de",
    "owner": 20
  }
},
{
  "model": "app.providerprofile",
  "pk": 15,
  "fields": {
    "public_name": "Witti Inc",
    "url_name": "witti_inc",
    "logo_image": "provider/logo.jpeg",
    "profile_image": "provider/witti_profile.jpeg",
    "banner_image": "provider/banner.jpeg",
    "introduction": "We are Witti Inc",
    "contact_email": "sales@wittidesign.com",
    "website": "http://wittidesign.com/en/",
    "owner": 19
  }
},
{
  "model": "app.providerprofile",
  "pk": 16,
  "fields": {
    "public_name": "Philips",
    "url_name": "philips",
    "logo_image": "provider/logo.jpg",
    "profile_image": "provider/profile.jpg",
    "banner_image": "provider/philips_banner.png",
    "introduction": "Philips Hue bietet eine Vielzahl an Funktionen, \u00fcber die einfache, komfortable Steuerung von unterwegs \u00fcber verschiedene Wei\u00dfnuancen f\u00fcr den Alltag bis hin zu einem bunten Farbenspiel f\u00fcr ein intensives Entertainment-Erlebnis. Entdecken Sie hier die Funktionen, die auf drei S\u00e4ulen aufbauen: Komfort & Sicherheit, Wohlf\u00fchlen im Alltag und Entertainment.",
    "contact_email": "Unternehmenskommunikation@philips.com",
    "website": "http://www.philips.de/",
    "owner": 17
  }
},
{
  "model": "app.providerprofile",
  "pk": 17,
  "fields": {
    "public_name": "D-Link (Deutschland) GmbH",
    "url_name": "d_link__deutschland__gmbh",
    "logo_image": "provider/logo_f3M1Sze.jpg",
    "profile_image": "provider/profile_NkFC74m.jpg",
    "banner_image": "provider/banner.png",
    "introduction": "Die D-Link Corporation (chinesisch \u53cb\u8a0a\u79d1\u6280, Pinyin Y\u01d2ux\u00f9n K\u0113j\u00ec \u201afreundliche Signaltechnik\u2018) ist ein Hersteller von Ger\u00e4ten der Netzwerktechnik.",
    "contact_email": "info@dlink.de",
    "website": "https://www.dlink.com/de/de/",
    "owner": 16
  }
},
{
  "model": "app.providerprofile",
  "pk": 18,
  "fields": {
    "public_name": "Danfoss GmbH",
    "url_name": "danfoss_gmbh",
    "logo_image": "provider/logo_cCm6Ij0.jpg",
    "profile_image": "provider/profile_w7jBLyX.jpg",
    "banner_image": "provider/banner_G2AqTP9.jpg",
    "introduction": "Die Danfoss A/S ist ein Unternehmen im Bereich W\u00e4rme- und K\u00e4ltetechnik mit Sitz in Nordborg, auf der s\u00fcdd\u00e4nischen Insel Alsen in der Kommune S\u00f8nderborg. Nach eigenen Angaben betr\u00e4gt der Umsatz 2013 3,248 Mrd. Euro. Das Unternehmen unterh\u00e4lt 53 Produktionsst\u00e4tten in 21 L\u00e4ndern und besch\u00e4ftigt weltweit etwa 22.500 Mitarbeiter.\r\nDie Tierart Microcebus danfossi ist nach der Firma benannt, da der Konzern die Patenschaft f\u00fcr diese Tiere \u00fcbernommen hat. Neben dem Stammsitz wurde 2006 der Vergn\u00fcgungspark Danfoss Universe er\u00f6ffnet.",
    "contact_email": "info@danfoss.de",
    "website": "http://www.danfoss.de",
    "owner": 25
  }
},
{
  "model": "app.providerprofile",
  "pk": 19,
  "fields": {
    "public_name": "Aeotec by Aeon Labs",
    "url_name": "aeotec_by_aeon_labs",
    "logo_image": "provider/logo_Tprhle9.jpg",
    "profile_image": "provider/profile_waEjEwM.jpg",
    "banner_image": "provider/AEON0415.jpg",
    "introduction": "A house becomes a home when you personalise it and make it your own. When you don't simply fill it with furniture but selectively place the things that mean something to you in each room. The furniture that appeals. The pictures that bring back memories. The things that make you happy. The things that make you comfortable.\r\n\r\nSeldom has technology done this, however. Sure, you can spend many an enjoyable hour in front of your home theatre, but most other technology doesn't make a house a home. It's just there and it's basic and it's the same as everyone else's. Home automation and control technology does away with that flaw, allowing you to create a home where the technology works for you. Whether it's for security or pleasure, whether it's installed for you or a retrofit installation you do yourself, it's automation for your safety, it's automation for your comfort.\r\n\r\nThis is the technology that inspires us at Aeotec. These are the home automation products that we make.",
    "contact_email": "info@aeotec.com",
    "website": "https://aeotec.com/",
    "owner": 23
  }
},
{
  "model": "app.question",
  "pk": 1,
  "fields": {
    "question_text": "F\u00fcr welche Bereiche interessieren Sie sich?",
    "answer_presentation": "mc",
    "order": 1000
  }
},
{
  "model": "app.question",
  "pk": 2,
  "fields": {
    "question_text": "Ich wohne in ...",
    "answer_presentation": "rc",
    "order": 1000
  }
},
{
  "model": "app.question",
  "pk": 3,
  "fields": {
    "question_text": "Ich habe in Zukunft Renovierungen geplant",
    "answer_presentation": "rc",
    "order": 1000
  }
},
{
  "model": "app.question",
  "pk": 4,
  "fields": {
    "question_text": "Die Ausstattung meiner Wohnung ...",
    "answer_presentation": "mc",
    "order": 1000
  }
},
{
  "model": "app.question",
  "pk": 5,
  "fields": {
    "question_text": "Anzahl der Personen im Haushalt",
    "answer_presentation": "sc",
    "order": 1000
  }
},
{
  "model": "app.question",
  "pk": 6,
  "fields": {
    "question_text": "Anzahl der Kinder",
    "answer_presentation": "dc",
    "order": 1000
  }
},
{
  "model": "app.question",
  "pk": 7,
  "fields": {
    "question_text": "Ich m\u00f6chte als Energiefeatures",
    "answer_presentation": "mc",
    "order": 1000
  }
},
{
  "model": "app.question",
  "pk": 8,
  "fields": {
    "question_text": "Ich m\u00f6chte als Sicherheitsfeatures ...",
    "answer_presentation": "mc",
    "order": 1000
  }
},
{
  "model": "app.question",
  "pk": 9,
  "fields": {
    "question_text": "Ich m\u00f6chte die folgenden Dinge unterwegs steuern k\u00f6nnen:",
    "answer_presentation": "mc",
    "order": 1000
  }
},
{
  "model": "app.question",
  "pk": 10,
  "fields": {
    "question_text": "Ich m\u00f6chte als Gesundheitsfeatures",
    "answer_presentation": "mc",
    "order": 1000
  }
},
{
  "model": "app.question",
  "pk": 11,
  "fields": {
    "question_text": "Wie wichtig sind dir folgende Kategorien?",
    "answer_presentation": "sc",
    "order": 1000
  }
},
{
  "model": "app.question",
  "pk": 12,
  "fields": {
    "question_text": "Welcher dieser Aspekte ist dir am Wichtigsten?",
    "answer_presentation": "rc",
    "order": 1000
  }
},
{
  "model": "app.question",
  "pk": 13,
  "fields": {
    "question_text": "Sind dir Bauma\u00dfnahmen zu l\u00e4stig?",
    "answer_presentation": "rc",
    "order": 1000
  }
},
{
  "model": "app.question",
  "pk": 14,
  "fields": {
    "question_text": "Sind dir Bauma\u00dfnahmen zu l\u00e4stig?",
    "answer_presentation": "rc",
    "order": 1000
  }
},
{
  "model": "app.answer",
  "pk": 12,
  "fields": {
    "belongs_to_question": 4,
    "answer_text": "Garage"
  }
},
{
  "model": "app.answer",
  "pk": 13,
  "fields": {
    "belongs_to_question": 5,
    "answer_text": "1"
  }
},
{
  "model": "app.answer",
  "pk": 14,
  "fields": {
    "belongs_to_question": 5,
    "answer_text": "2"
  }
},
{
  "model": "app.answer",
  "pk": 15,
  "fields": {
    "belongs_to_question": 5,
    "answer_text": "3"
  }
},
{
  "model": "app.answer",
  "pk": 16,
  "fields": {
    "belongs_to_question": 5,
    "answer_text": "4"
  }
},
{
  "model": "app.answer",
  "pk": 17,
  "fields": {
    "belongs_to_question": 5,
    "answer_text": "mehr als 4"
  }
},
{
  "model": "app.answer",
  "pk": 18,
  "fields": {
    "belongs_to_question": 6,
    "answer_text": "keine Kinder"
  }
},
{
  "model": "app.answer",
  "pk": 19,
  "fields": {
    "belongs_to_question": 6,
    "answer_text": "1"
  }
},
{
  "model": "app.answer",
  "pk": 20,
  "fields": {
    "belongs_to_question": 6,
    "answer_text": "2"
  }
},
{
  "model": "app.answer",
  "pk": 21,
  "fields": {
    "belongs_to_question": 6,
    "answer_text": "3"
  }
},
{
  "model": "app.answer",
  "pk": 22,
  "fields": {
    "belongs_to_question": 6,
    "answer_text": "4 und mehr"
  }
},
{
  "model": "app.answer",
  "pk": 24,
  "fields": {
    "belongs_to_question": 7,
    "answer_text": "Energie sparen"
  }
},
{
  "model": "app.answer",
  "pk": 25,
  "fields": {
    "belongs_to_question": 7,
    "answer_text": "Energieverbrauch gezielt steuern"
  }
},
{
  "model": "app.answer",
  "pk": 27,
  "fields": {
    "belongs_to_question": 8,
    "answer_text": "Schutz vor Elementarsch\u00e4den (Wasser, Feuer, Erde, Luft, Liebe)"
  }
},
{
  "model": "app.answer",
  "pk": 28,
  "fields": {
    "belongs_to_question": 9,
    "answer_text": "Lichter"
  }
},
{
  "model": "app.answer",
  "pk": 29,
  "fields": {
    "belongs_to_question": 9,
    "answer_text": "Heizung"
  }
},
{
  "model": "app.answer",
  "pk": 30,
  "fields": {
    "belongs_to_question": 9,
    "answer_text": "Fenster"
  }
},
{
  "model": "app.answer",
  "pk": 31,
  "fields": {
    "belongs_to_question": 10,
    "answer_text": "Sturzerkennung"
  }
},
{
  "model": "app.answer",
  "pk": 32,
  "fields": {
    "belongs_to_question": 10,
    "answer_text": "Vitaldaten\u00fcberwachung"
  }
},
{
  "model": "app.answer",
  "pk": 33,
  "fields": {
    "belongs_to_question": 2,
    "answer_text": "Haus"
  }
},
{
  "model": "app.answer",
  "pk": 34,
  "fields": {
    "belongs_to_question": 2,
    "answer_text": "Wohnung"
  }
},
{
  "model": "app.answer",
  "pk": 35,
  "fields": {
    "belongs_to_question": 3,
    "answer_text": "Ja"
  }
},
{
  "model": "app.answer",
  "pk": 36,
  "fields": {
    "belongs_to_question": 3,
    "answer_text": "Nein"
  }
},
{
  "model": "app.answer",
  "pk": 37,
  "fields": {
    "belongs_to_question": 4,
    "answer_text": "Balkon"
  }
},
{
  "model": "app.answer",
  "pk": 38,
  "fields": {
    "belongs_to_question": 4,
    "answer_text": "Terasse"
  }
},
{
  "model": "app.answer",
  "pk": 39,
  "fields": {
    "belongs_to_question": 4,
    "answer_text": "Garten"
  }
},
{
  "model": "app.answer",
  "pk": 40,
  "fields": {
    "belongs_to_question": 1,
    "answer_text": "Energie"
  }
},
{
  "model": "app.answer",
  "pk": 41,
  "fields": {
    "belongs_to_question": 1,
    "answer_text": "Gesundheit"
  }
},
{
  "model": "app.answer",
  "pk": 42,
  "fields": {
    "belongs_to_question": 1,
    "answer_text": "Komfort"
  }
},
{
  "model": "app.answer",
  "pk": 43,
  "fields": {
    "belongs_to_question": 1,
    "answer_text": "Sicherheit"
  }
},
{
  "model": "app.answer",
  "pk": 44,
  "fields": {
    "belongs_to_question": 7,
    "answer_text": "Lichtsteuerung"
  }
},
{
  "model": "app.answer",
  "pk": 45,
  "fields": {
    "belongs_to_question": 8,
    "answer_text": "Schutz gegen Einbruch und Diebstahl"
  }
},
{
  "model": "app.answer",
  "pk": 46,
  "fields": {
    "belongs_to_question": 9,
    "answer_text": "Rolll\u00e4den"
  }
},
{
  "model": "app.answer",
  "pk": 47,
  "fields": {
    "belongs_to_question": 5,
    "answer_text": "Wieviele"
  }
},
{
  "model": "app.answer",
  "pk": 48,
  "fields": {
    "belongs_to_question": 11,
    "answer_text": "Energie"
  }
},
{
  "model": "app.answer",
  "pk": 49,
  "fields": {
    "belongs_to_question": 11,
    "answer_text": "Gesundheit"
  }
},
{
  "model": "app.answer",
  "pk": 50,
  "fields": {
    "belongs_to_question": 11,
    "answer_text": "Sicherheit"
  }
},
{
  "model": "app.answer",
  "pk": 51,
  "fields": {
    "belongs_to_question": 11,
    "answer_text": "Komfort"
  }
},
{
  "model": "app.answer",
  "pk": 52,
  "fields": {
    "belongs_to_question": 12,
    "answer_text": "Preis"
  }
},
{
  "model": "app.answer",
  "pk": 53,
  "fields": {
    "belongs_to_question": 12,
    "answer_text": "Energieeffizienz"
  }
},
{
  "model": "app.answer",
  "pk": 54,
  "fields": {
    "belongs_to_question": 12,
    "answer_text": "Erweiterbarkeit"
  }
},
{
  "model": "app.answer",
  "pk": 55,
  "fields": {
    "belongs_to_question": 13,
    "answer_text": "Ja"
  }
},
{
  "model": "app.answer",
  "pk": 56,
  "fields": {
    "belongs_to_question": 13,
    "answer_text": "Nein"
  }
},
{
  "model": "app.answer",
  "pk": 57,
  "fields": {
    "belongs_to_question": 14,
    "answer_text": "Ja"
  }
},
{
  "model": "app.answer",
  "pk": 58,
  "fields": {
    "belongs_to_question": 14,
    "answer_text": "Nein"
  }
},
{
  "model": "app.answerslider",
  "pk": 47,
  "fields": {
    "rating_value": 10
  }
},
{
  "model": "app.answerslider",
  "pk": 48,
  "fields": {
    "rating_value": 5
  }
},
{
  "model": "app.answerslider",
  "pk": 49,
  "fields": {
    "rating_value": 5
  }
},
{
  "model": "app.answerslider",
  "pk": 50,
  "fields": {
    "rating_value": 5
  }
},
{
  "model": "app.answerslider",
  "pk": 51,
  "fields": {
    "rating_value": 5
  }
},
{
  "model": "app.questionset",
  "pk": 1,
  "fields": {
    "name": "Allgemeine Fragen",
    "order": 1000,
    "question": [
      2,
      3,
      4,
      5,
      6
    ]
  }
},
{
  "model": "app.questionset",
  "pk": 2,
  "fields": {
    "name": "Kategorieauswahl-Fragen",
    "order": 1000,
    "question": [
      1
    ]
  }
},
{
  "model": "app.questionset",
  "pk": 3,
  "fields": {
    "name": "Fragen zu Komfort",
    "order": 1000,
    "question": [
      9
    ]
  }
},
{
  "model": "app.questionset",
  "pk": 4,
  "fields": {
    "name": "Fragen zu Energie",
    "order": 1000,
    "question": [
      7
    ]
  }
},
{
  "model": "app.questionset",
  "pk": 5,
  "fields": {
    "name": "Fragen zu Gesundheit",
    "order": 1000,
    "question": [
      10
    ]
  }
},
{
  "model": "app.questionset",
  "pk": 6,
  "fields": {
    "name": "Fragen zu Sicherheit",
    "order": 1000,
    "question": [
      8
    ]
  }
},
{
  "model": "app.questionset",
  "pk": 7,
  "fields": {
    "name": "Category_Preferences",
    "order": 500,
    "question": [
      11
    ]
  }
},
{
  "model": "app.questionset",
  "pk": 8,
  "fields": {
    "name": "User_Preferences",
    "order": 700,
    "question": [
      12
    ]
  }
},
{
  "model": "app.questionset",
  "pk": 9,
  "fields": {
    "name": "Renovation_Preferences",
    "order": 900,
    "question": [
      14
    ]
  }
},
{
  "model": "app.questionstep",
  "pk": 1,
  "fields": {
    "name": "Allgemeines",
    "question_steps": [
      1
    ]
  }
},
{
  "model": "app.questionstep",
  "pk": 2,
  "fields": {
    "name": "Kategorie-Auswahl",
    "question_steps": [
      2
    ]
  }
},
{
  "model": "app.questionstep",
  "pk": 3,
  "fields": {
    "name": "Energie-Detailfragen",
    "question_steps": [
      4
    ]
  }
},
{
  "model": "app.questionstep",
  "pk": 4,
  "fields": {
    "name": "Sicherheit-Detailfragen",
    "question_steps": [
      6
    ]
  }
},
{
  "model": "app.questionstep",
  "pk": 5,
  "fields": {
    "name": "Gesundheit-Detailfragen",
    "question_steps": [
      5
    ]
  }
},
{
  "model": "app.questionstep",
  "pk": 6,
  "fields": {
    "name": "Komfort-Detailfragen",
    "question_steps": [
      3
    ]
  }
},
{
  "model": "app.questionstep",
  "pk": 7,
  "fields": {
    "name": "Onboarding",
    "question_steps": [
      7,
      8,
      9
    ]
  }
},
{
  "model": "auth.permission",
  "pk": 1,
  "fields": {
    "name": "Can add log entry",
    "content_type": 1,
    "codename": "add_logentry"
  }
},
{
  "model": "auth.permission",
  "pk": 2,
  "fields": {
    "name": "Can change log entry",
    "content_type": 1,
    "codename": "change_logentry"
  }
},
{
  "model": "auth.permission",
  "pk": 3,
  "fields": {
    "name": "Can delete log entry",
    "content_type": 1,
    "codename": "delete_logentry"
  }
},
{
  "model": "auth.permission",
  "pk": 4,
  "fields": {
    "name": "Can add permission",
    "content_type": 2,
    "codename": "add_permission"
  }
},
{
  "model": "auth.permission",
  "pk": 5,
  "fields": {
    "name": "Can change permission",
    "content_type": 2,
    "codename": "change_permission"
  }
},
{
  "model": "auth.permission",
  "pk": 6,
  "fields": {
    "name": "Can delete permission",
    "content_type": 2,
    "codename": "delete_permission"
  }
},
{
  "model": "auth.permission",
  "pk": 7,
  "fields": {
    "name": "Can add group",
    "content_type": 3,
    "codename": "add_group"
  }
},
{
  "model": "auth.permission",
  "pk": 8,
  "fields": {
    "name": "Can change group",
    "content_type": 3,
    "codename": "change_group"
  }
},
{
  "model": "auth.permission",
  "pk": 9,
  "fields": {
    "name": "Can delete group",
    "content_type": 3,
    "codename": "delete_group"
  }
},
{
  "model": "auth.permission",
  "pk": 10,
  "fields": {
    "name": "Can add user",
    "content_type": 4,
    "codename": "add_user"
  }
},
{
  "model": "auth.permission",
  "pk": 11,
  "fields": {
    "name": "Can change user",
    "content_type": 4,
    "codename": "change_user"
  }
},
{
  "model": "auth.permission",
  "pk": 12,
  "fields": {
    "name": "Can delete user",
    "content_type": 4,
    "codename": "delete_user"
  }
},
{
  "model": "auth.permission",
  "pk": 13,
  "fields": {
    "name": "Can add content type",
    "content_type": 5,
    "codename": "add_contenttype"
  }
},
{
  "model": "auth.permission",
  "pk": 14,
  "fields": {
    "name": "Can change content type",
    "content_type": 5,
    "codename": "change_contenttype"
  }
},
{
  "model": "auth.permission",
  "pk": 15,
  "fields": {
    "name": "Can delete content type",
    "content_type": 5,
    "codename": "delete_contenttype"
  }
},
{
  "model": "auth.permission",
  "pk": 16,
  "fields": {
    "name": "Can add session",
    "content_type": 6,
    "codename": "add_session"
  }
},
{
  "model": "auth.permission",
  "pk": 17,
  "fields": {
    "name": "Can change session",
    "content_type": 6,
    "codename": "change_session"
  }
},
{
  "model": "auth.permission",
  "pk": 18,
  "fields": {
    "name": "Can delete session",
    "content_type": 6,
    "codename": "delete_session"
  }
},
{
  "model": "auth.permission",
  "pk": 19,
  "fields": {
    "name": "Can add category",
    "content_type": 7,
    "codename": "add_category"
  }
},
{
  "model": "auth.permission",
  "pk": 20,
  "fields": {
    "name": "Can change category",
    "content_type": 7,
    "codename": "change_category"
  }
},
{
  "model": "auth.permission",
  "pk": 21,
  "fields": {
    "name": "Can delete category",
    "content_type": 7,
    "codename": "delete_category"
  }
},
{
  "model": "auth.permission",
  "pk": 22,
  "fields": {
    "name": "Can add scenario",
    "content_type": 8,
    "codename": "add_scenario"
  }
},
{
  "model": "auth.permission",
  "pk": 23,
  "fields": {
    "name": "Can change scenario",
    "content_type": 8,
    "codename": "change_scenario"
  }
},
{
  "model": "auth.permission",
  "pk": 24,
  "fields": {
    "name": "Can delete scenario",
    "content_type": 8,
    "codename": "delete_scenario"
  }
},
{
  "model": "auth.permission",
  "pk": 25,
  "fields": {
    "name": "Can add product set",
    "content_type": 9,
    "codename": "add_productset"
  }
},
{
  "model": "auth.permission",
  "pk": 26,
  "fields": {
    "name": "Can change product set",
    "content_type": 9,
    "codename": "change_productset"
  }
},
{
  "model": "auth.permission",
  "pk": 27,
  "fields": {
    "name": "Can delete product set",
    "content_type": 9,
    "codename": "delete_productset"
  }
},
{
  "model": "auth.permission",
  "pk": 28,
  "fields": {
    "name": "Can add product",
    "content_type": 10,
    "codename": "add_product"
  }
},
{
  "model": "auth.permission",
  "pk": 29,
  "fields": {
    "name": "Can change product",
    "content_type": 10,
    "codename": "change_product"
  }
},
{
  "model": "auth.permission",
  "pk": 30,
  "fields": {
    "name": "Can delete product",
    "content_type": 10,
    "codename": "delete_product"
  }
},
{
  "model": "auth.permission",
  "pk": 34,
  "fields": {
    "name": "Can add Hersteller",
    "content_type": 12,
    "codename": "add_provider"
  }
},
{
  "model": "auth.permission",
  "pk": 35,
  "fields": {
    "name": "Can change Hersteller",
    "content_type": 12,
    "codename": "change_provider"
  }
},
{
  "model": "auth.permission",
  "pk": 36,
  "fields": {
    "name": "Can delete Hersteller",
    "content_type": 12,
    "codename": "delete_provider"
  }
},
{
  "model": "auth.permission",
  "pk": 37,
  "fields": {
    "name": "Can add Herstellerprofil",
    "content_type": 13,
    "codename": "add_providerprofile"
  }
},
{
  "model": "auth.permission",
  "pk": 38,
  "fields": {
    "name": "Can change Herstellerprofil",
    "content_type": 13,
    "codename": "change_providerprofile"
  }
},
{
  "model": "auth.permission",
  "pk": 39,
  "fields": {
    "name": "Can delete Herstellerprofil",
    "content_type": 13,
    "codename": "delete_providerprofile"
  }
},
{
  "model": "auth.permission",
  "pk": 40,
  "fields": {
    "name": "Can add Angestellter",
    "content_type": 14,
    "codename": "add_employee"
  }
},
{
  "model": "auth.permission",
  "pk": 41,
  "fields": {
    "name": "Can change Angestellter",
    "content_type": 14,
    "codename": "change_employee"
  }
},
{
  "model": "auth.permission",
  "pk": 42,
  "fields": {
    "name": "Can delete Angestellter",
    "content_type": 14,
    "codename": "delete_employee"
  }
},
{
  "model": "auth.permission",
  "pk": 43,
  "fields": {
    "name": "Can add scenario description",
    "content_type": 15,
    "codename": "add_scenariodescription"
  }
},
{
  "model": "auth.permission",
  "pk": 44,
  "fields": {
    "name": "Can change scenario description",
    "content_type": 15,
    "codename": "change_scenariodescription"
  }
},
{
  "model": "auth.permission",
  "pk": 45,
  "fields": {
    "name": "Can delete scenario description",
    "content_type": 15,
    "codename": "delete_scenariodescription"
  }
},
{
  "model": "auth.permission",
  "pk": 46,
  "fields": {
    "name": "Can add module",
    "content_type": 16,
    "codename": "add_module"
  }
},
{
  "model": "auth.permission",
  "pk": 47,
  "fields": {
    "name": "Can change module",
    "content_type": 16,
    "codename": "change_module"
  }
},
{
  "model": "auth.permission",
  "pk": 48,
  "fields": {
    "name": "Can delete module",
    "content_type": 16,
    "codename": "delete_module"
  }
},
{
  "model": "auth.permission",
  "pk": 49,
  "fields": {
    "name": "Can add Nutzerbild",
    "content_type": 17,
    "codename": "add_userimage"
  }
},
{
  "model": "auth.permission",
  "pk": 50,
  "fields": {
    "name": "Can change Nutzerbild",
    "content_type": 17,
    "codename": "change_userimage"
  }
},
{
  "model": "auth.permission",
  "pk": 51,
  "fields": {
    "name": "Can delete Nutzerbild",
    "content_type": 17,
    "codename": "delete_userimage"
  }
},
{
  "model": "auth.permission",
  "pk": 52,
  "fields": {
    "name": "Can add Kommentar",
    "content_type": 18,
    "codename": "add_comment"
  }
},
{
  "model": "auth.permission",
  "pk": 53,
  "fields": {
    "name": "Can change Kommentar",
    "content_type": 18,
    "codename": "change_comment"
  }
},
{
  "model": "auth.permission",
  "pk": 54,
  "fields": {
    "name": "Can delete Kommentar",
    "content_type": 18,
    "codename": "delete_comment"
  }
},
{
  "model": "auth.permission",
  "pk": 55,
  "fields": {
    "name": "Can add dependency",
    "content_type": 1,
    "codename": "add_dependency"
  }
},
{
  "model": "auth.permission",
  "pk": 56,
  "fields": {
    "name": "Can change dependency",
    "content_type": 1,
    "codename": "change_dependency"
  }
},
{
  "model": "auth.permission",
  "pk": 57,
  "fields": {
    "name": "Can delete dependency",
    "content_type": 1,
    "codename": "delete_dependency"
  }
},
{
  "model": "auth.permission",
  "pk": 58,
  "fields": {
    "name": "Can add log entry",
    "content_type": 2,
    "codename": "add_logentry"
  }
},
{
  "model": "auth.permission",
  "pk": 59,
  "fields": {
    "name": "Can change log entry",
    "content_type": 2,
    "codename": "change_logentry"
  }
},
{
  "model": "auth.permission",
  "pk": 60,
  "fields": {
    "name": "Can delete log entry",
    "content_type": 2,
    "codename": "delete_logentry"
  }
},
{
  "model": "auth.permission",
  "pk": 61,
  "fields": {
    "name": "Can add permission",
    "content_type": 3,
    "codename": "add_permission"
  }
},
{
  "model": "auth.permission",
  "pk": 62,
  "fields": {
    "name": "Can change permission",
    "content_type": 3,
    "codename": "change_permission"
  }
},
{
  "model": "auth.permission",
  "pk": 63,
  "fields": {
    "name": "Can delete permission",
    "content_type": 3,
    "codename": "delete_permission"
  }
},
{
  "model": "auth.permission",
  "pk": 64,
  "fields": {
    "name": "Can add group",
    "content_type": 4,
    "codename": "add_group"
  }
},
{
  "model": "auth.permission",
  "pk": 65,
  "fields": {
    "name": "Can change group",
    "content_type": 4,
    "codename": "change_group"
  }
},
{
  "model": "auth.permission",
  "pk": 66,
  "fields": {
    "name": "Can delete group",
    "content_type": 4,
    "codename": "delete_group"
  }
},
{
  "model": "auth.permission",
  "pk": 67,
  "fields": {
    "name": "Can add user",
    "content_type": 5,
    "codename": "add_user"
  }
},
{
  "model": "auth.permission",
  "pk": 68,
  "fields": {
    "name": "Can change user",
    "content_type": 5,
    "codename": "change_user"
  }
},
{
  "model": "auth.permission",
  "pk": 69,
  "fields": {
    "name": "Can delete user",
    "content_type": 5,
    "codename": "delete_user"
  }
},
{
  "model": "auth.permission",
  "pk": 70,
  "fields": {
    "name": "Can add content type",
    "content_type": 6,
    "codename": "add_contenttype"
  }
},
{
  "model": "auth.permission",
  "pk": 71,
  "fields": {
    "name": "Can change content type",
    "content_type": 6,
    "codename": "change_contenttype"
  }
},
{
  "model": "auth.permission",
  "pk": 72,
  "fields": {
    "name": "Can delete content type",
    "content_type": 6,
    "codename": "delete_contenttype"
  }
},
{
  "model": "auth.permission",
  "pk": 73,
  "fields": {
    "name": "Can add session",
    "content_type": 7,
    "codename": "add_session"
  }
},
{
  "model": "auth.permission",
  "pk": 74,
  "fields": {
    "name": "Can change session",
    "content_type": 7,
    "codename": "change_session"
  }
},
{
  "model": "auth.permission",
  "pk": 75,
  "fields": {
    "name": "Can delete session",
    "content_type": 7,
    "codename": "delete_session"
  }
},
{
  "model": "auth.permission",
  "pk": 76,
  "fields": {
    "name": "Can add Kategorie",
    "content_type": 8,
    "codename": "add_category"
  }
},
{
  "model": "auth.permission",
  "pk": 77,
  "fields": {
    "name": "Can change Kategorie",
    "content_type": 8,
    "codename": "change_category"
  }
},
{
  "model": "auth.permission",
  "pk": 78,
  "fields": {
    "name": "Can delete Kategorie",
    "content_type": 8,
    "codename": "delete_category"
  }
},
{
  "model": "auth.permission",
  "pk": 79,
  "fields": {
    "name": "Can add Szenario",
    "content_type": 9,
    "codename": "add_scenario"
  }
},
{
  "model": "auth.permission",
  "pk": 80,
  "fields": {
    "name": "Can change Szenario",
    "content_type": 9,
    "codename": "change_scenario"
  }
},
{
  "model": "auth.permission",
  "pk": 81,
  "fields": {
    "name": "Can delete Szenario",
    "content_type": 9,
    "codename": "delete_scenario"
  }
},
{
  "model": "auth.permission",
  "pk": 82,
  "fields": {
    "name": "Can add Szenariobeschreibung",
    "content_type": 10,
    "codename": "add_scenariodescription"
  }
},
{
  "model": "auth.permission",
  "pk": 83,
  "fields": {
    "name": "Can change Szenariobeschreibung",
    "content_type": 10,
    "codename": "change_scenariodescription"
  }
},
{
  "model": "auth.permission",
  "pk": 84,
  "fields": {
    "name": "Can delete Szenariobeschreibung",
    "content_type": 10,
    "codename": "delete_scenariodescription"
  }
},
{
  "model": "auth.permission",
  "pk": 88,
  "fields": {
    "name": "Can add Produkt",
    "content_type": 12,
    "codename": "add_product"
  }
},
{
  "model": "auth.permission",
  "pk": 89,
  "fields": {
    "name": "Can change Produkt",
    "content_type": 12,
    "codename": "change_product"
  }
},
{
  "model": "auth.permission",
  "pk": 90,
  "fields": {
    "name": "Can delete Produkt",
    "content_type": 12,
    "codename": "delete_product"
  }
},
{
  "model": "auth.permission",
  "pk": 91,
  "fields": {
    "name": "Can add Produktart",
    "content_type": 13,
    "codename": "add_producttype"
  }
},
{
  "model": "auth.permission",
  "pk": 92,
  "fields": {
    "name": "Can change Produktart",
    "content_type": 13,
    "codename": "change_producttype"
  }
},
{
  "model": "auth.permission",
  "pk": 93,
  "fields": {
    "name": "Can delete Produktart",
    "content_type": 13,
    "codename": "delete_producttype"
  }
},
{
  "model": "auth.permission",
  "pk": 94,
  "fields": {
    "name": "Can add Hersteller",
    "content_type": 14,
    "codename": "add_provider"
  }
},
{
  "model": "auth.permission",
  "pk": 95,
  "fields": {
    "name": "Can change Hersteller",
    "content_type": 14,
    "codename": "change_provider"
  }
},
{
  "model": "auth.permission",
  "pk": 96,
  "fields": {
    "name": "Can delete Hersteller",
    "content_type": 14,
    "codename": "delete_provider"
  }
},
{
  "model": "auth.permission",
  "pk": 97,
  "fields": {
    "name": "Can add Herstellerprofil",
    "content_type": 15,
    "codename": "add_providerprofile"
  }
},
{
  "model": "auth.permission",
  "pk": 98,
  "fields": {
    "name": "Can change Herstellerprofil",
    "content_type": 15,
    "codename": "change_providerprofile"
  }
},
{
  "model": "auth.permission",
  "pk": 99,
  "fields": {
    "name": "Can delete Herstellerprofil",
    "content_type": 15,
    "codename": "delete_providerprofile"
  }
},
{
  "model": "auth.permission",
  "pk": 100,
  "fields": {
    "name": "Can add Angestellter",
    "content_type": 16,
    "codename": "add_employee"
  }
},
{
  "model": "auth.permission",
  "pk": 101,
  "fields": {
    "name": "Can change Angestellter",
    "content_type": 16,
    "codename": "change_employee"
  }
},
{
  "model": "auth.permission",
  "pk": 102,
  "fields": {
    "name": "Can delete Angestellter",
    "content_type": 16,
    "codename": "delete_employee"
  }
},
{
  "model": "auth.permission",
  "pk": 103,
  "fields": {
    "name": "Can add question",
    "content_type": 19,
    "codename": "add_question"
  }
},
{
  "model": "auth.permission",
  "pk": 104,
  "fields": {
    "name": "Can change question",
    "content_type": 19,
    "codename": "change_question"
  }
},
{
  "model": "auth.permission",
  "pk": 105,
  "fields": {
    "name": "Can delete question",
    "content_type": 19,
    "codename": "delete_question"
  }
},
{
  "model": "auth.permission",
  "pk": 106,
  "fields": {
    "name": "Can add answer",
    "content_type": 20,
    "codename": "add_answer"
  }
},
{
  "model": "auth.permission",
  "pk": 107,
  "fields": {
    "name": "Can change answer",
    "content_type": 20,
    "codename": "change_answer"
  }
},
{
  "model": "auth.permission",
  "pk": 108,
  "fields": {
    "name": "Can delete answer",
    "content_type": 20,
    "codename": "delete_answer"
  }
},
{
  "model": "auth.permission",
  "pk": 112,
  "fields": {
    "name": "Can add beantwortete Antwort",
    "content_type": 22,
    "codename": "add_givenanswers"
  }
},
{
  "model": "auth.permission",
  "pk": 113,
  "fields": {
    "name": "Can change beantwortete Antwort",
    "content_type": 22,
    "codename": "change_givenanswers"
  }
},
{
  "model": "auth.permission",
  "pk": 114,
  "fields": {
    "name": "Can delete beantwortete Antwort",
    "content_type": 22,
    "codename": "delete_givenanswers"
  }
},
{
  "model": "auth.permission",
  "pk": 115,
  "fields": {
    "name": "Can add Fragensammlung",
    "content_type": 23,
    "codename": "add_questionset"
  }
},
{
  "model": "auth.permission",
  "pk": 116,
  "fields": {
    "name": "Can change Fragensammlung",
    "content_type": 23,
    "codename": "change_questionset"
  }
},
{
  "model": "auth.permission",
  "pk": 117,
  "fields": {
    "name": "Can delete Fragensammlung",
    "content_type": 23,
    "codename": "delete_questionset"
  }
},
{
  "model": "auth.permission",
  "pk": 121,
  "fields": {
    "name": "Can add question step",
    "content_type": 25,
    "codename": "add_questionstep"
  }
},
{
  "model": "auth.permission",
  "pk": 122,
  "fields": {
    "name": "Can change question step",
    "content_type": 25,
    "codename": "change_questionstep"
  }
},
{
  "model": "auth.permission",
  "pk": 123,
  "fields": {
    "name": "Can delete question step",
    "content_type": 25,
    "codename": "delete_questionstep"
  }
},
{
  "model": "auth.permission",
  "pk": 124,
  "fields": {
    "name": "Can add meta device",
    "content_type": 26,
    "codename": "add_metadevice"
  }
},
{
  "model": "auth.permission",
  "pk": 125,
  "fields": {
    "name": "Can change meta device",
    "content_type": 26,
    "codename": "change_metadevice"
  }
},
{
  "model": "auth.permission",
  "pk": 126,
  "fields": {
    "name": "Can delete meta device",
    "content_type": 26,
    "codename": "delete_metadevice"
  }
},
{
  "model": "auth.permission",
  "pk": 127,
  "fields": {
    "name": "Can add meta endpoint",
    "content_type": 27,
    "codename": "add_metaendpoint"
  }
},
{
  "model": "auth.permission",
  "pk": 128,
  "fields": {
    "name": "Can change meta endpoint",
    "content_type": 27,
    "codename": "change_metaendpoint"
  }
},
{
  "model": "auth.permission",
  "pk": 129,
  "fields": {
    "name": "Can delete meta endpoint",
    "content_type": 27,
    "codename": "delete_metaendpoint"
  }
},
{
  "model": "auth.permission",
  "pk": 130,
  "fields": {
    "name": "Can add protocol",
    "content_type": 28,
    "codename": "add_protocol"
  }
},
{
  "model": "auth.permission",
  "pk": 131,
  "fields": {
    "name": "Can change protocol",
    "content_type": 28,
    "codename": "change_protocol"
  }
},
{
  "model": "auth.permission",
  "pk": 132,
  "fields": {
    "name": "Can delete protocol",
    "content_type": 28,
    "codename": "delete_protocol"
  }
},
{
  "model": "auth.permission",
  "pk": 133,
  "fields": {
    "name": "Can add answer slider",
    "content_type": 29,
    "codename": "add_answerslider"
  }
},
{
  "model": "auth.permission",
  "pk": 134,
  "fields": {
    "name": "Can change answer slider",
    "content_type": 29,
    "codename": "change_answerslider"
  }
},
{
  "model": "auth.permission",
  "pk": 135,
  "fields": {
    "name": "Can delete answer slider",
    "content_type": 29,
    "codename": "delete_answerslider"
  }
},
{
  "model": "auth.permission",
  "pk": 136,
  "fields": {
    "name": "Can add meta broker",
    "content_type": 30,
    "codename": "add_metabroker"
  }
},
{
  "model": "auth.permission",
  "pk": 137,
  "fields": {
    "name": "Can change meta broker",
    "content_type": 30,
    "codename": "change_metabroker"
  }
},
{
  "model": "auth.permission",
  "pk": 138,
  "fields": {
    "name": "Can delete meta broker",
    "content_type": 30,
    "codename": "delete_metabroker"
  }
},
{
  "model": "auth.permission",
  "pk": 139,
  "fields": {
    "name": "Can add endpoint",
    "content_type": 31,
    "codename": "add_endpoint"
  }
},
{
  "model": "auth.permission",
  "pk": 140,
  "fields": {
    "name": "Can change endpoint",
    "content_type": 31,
    "codename": "change_endpoint"
  }
},
{
  "model": "auth.permission",
  "pk": 141,
  "fields": {
    "name": "Can delete endpoint",
    "content_type": 31,
    "codename": "delete_endpoint"
  }
},
{
  "model": "auth.permission",
  "pk": 142,
  "fields": {
    "name": "Can add feature",
    "content_type": 32,
    "codename": "add_feature"
  }
},
{
  "model": "auth.permission",
  "pk": 143,
  "fields": {
    "name": "Can change feature",
    "content_type": 32,
    "codename": "change_feature"
  }
},
{
  "model": "auth.permission",
  "pk": 144,
  "fields": {
    "name": "Can delete feature",
    "content_type": 32,
    "codename": "delete_feature"
  }
},
{
  "model": "auth.permission",
  "pk": 145,
  "fields": {
    "name": "Can add broker",
    "content_type": 33,
    "codename": "add_broker"
  }
},
{
  "model": "auth.permission",
  "pk": 146,
  "fields": {
    "name": "Can change broker",
    "content_type": 33,
    "codename": "change_broker"
  }
},
{
  "model": "auth.permission",
  "pk": 147,
  "fields": {
    "name": "Can delete broker",
    "content_type": 33,
    "codename": "delete_broker"
  }
},
{
  "model": "auth.permission",
  "pk": 151,
  "fields": {
    "name": "Can add sub category",
    "content_type": 35,
    "codename": "add_subcategory"
  }
},
{
  "model": "auth.permission",
  "pk": 152,
  "fields": {
    "name": "Can change sub category",
    "content_type": 35,
    "codename": "change_subcategory"
  }
},
{
  "model": "auth.permission",
  "pk": 153,
  "fields": {
    "name": "Can delete sub category",
    "content_type": 35,
    "codename": "delete_subcategory"
  }
},
{
  "model": "auth.permission",
  "pk": 154,
  "fields": {
    "name": "Can add scenario category rating",
    "content_type": 36,
    "codename": "add_scenariocategoryrating"
  }
},
{
  "model": "auth.permission",
  "pk": 155,
  "fields": {
    "name": "Can change scenario category rating",
    "content_type": 36,
    "codename": "change_scenariocategoryrating"
  }
},
{
  "model": "auth.permission",
  "pk": 156,
  "fields": {
    "name": "Can delete scenario category rating",
    "content_type": 36,
    "codename": "delete_scenariocategoryrating"
  }
},
{
  "model": "auth.group",
  "pk": 1,
  "fields": {
    "name": "Marketing",
    "permissions": [
      22,
      23,
      24,
      37,
      38,
      39,
      43,
      44,
      45,
      25,
      26,
      27,
      28,
      29,
      30,
      49,
      50,
      51
    ]
  }
},
{
  "model": "auth.group",
  "pk": 2,
  "fields": {
    "name": "Personalverwaltung",
    "permissions": [
      100,
      101,
      102
    ]
  }
},
{
  "model": "auth.user",
  "pk": 1,
  "fields": {
    "password": "pbkdf2_sha256$30000$1SNZTPCnQ5JQ$9UOgz+vmgt8/9wehyiy9uJUVhu0mBDwFrlcoF5RQhr4=",
    "last_login": "2016-11-19T13:29:00.806Z",
    "is_superuser": true,
    "username": "admin",
    "first_name": "Herr",
    "last_name": "Admin",
    "email": "admin@localhost.local",
    "is_staff": true,
    "is_active": true,
    "date_joined": "2016-05-18T13:33:55Z",
    "groups": [],
    "user_permissions": []
  }
},
{
  "model": "auth.user",
  "pk": 3,
  "fields": {
    "password": "pbkdf2_sha256$24000$oGFWd6I1EW3J$JXtNU+4sOR1Mgr4fDDHw1X6SmxBgpBGPhgrFAbJ1es0=",
    "last_login": "2016-06-28T08:54:42.894Z",
    "is_superuser": false,
    "username": "henning",
    "first_name": "Henning",
    "last_name": "",
    "email": "master@everything.universe",
    "is_staff": true,
    "is_active": true,
    "date_joined": "2016-06-22T22:18:58Z",
    "groups": [
      1,
      2
    ],
    "user_permissions": []
  }
},
{
  "model": "auth.user",
  "pk": 4,
  "fields": {
    "password": "pbkdf2_sha256$24000$k83a6GNUiT0Y$/XgnodT4ZygP21aQVgu+3tN6OF6UYT/ySP9C6hWK298=",
    "last_login": "2016-06-05T14:10:50.203Z",
    "is_superuser": false,
    "username": "micha",
    "first_name": "",
    "last_name": "",
    "email": "",
    "is_staff": true,
    "is_active": true,
    "date_joined": "2016-06-05T14:09:55Z",
    "groups": [],
    "user_permissions": []
  }
},
{
  "model": "auth.user",
  "pk": 5,
  "fields": {
    "password": "pbkdf2_sha256$24000$PzmJKURTfBJT$8Rqh9s7r+aYIiNLW1D3j/Nt2wvPyjJ7CvSXiL2Pm0GM=",
    "last_login": "2016-06-11T12:47:38.602Z",
    "is_superuser": false,
    "username": "Ferhat",
    "first_name": "Ferhat",
    "last_name": "Ferhat",
    "email": "ferhat@test.com",
    "is_staff": false,
    "is_active": true,
    "date_joined": "2016-06-11T12:31:11.925Z",
    "groups": [],
    "user_permissions": []
  }
},
{
  "model": "auth.user",
  "pk": 6,
  "fields": {
    "password": "pbkdf2_sha256$24000$ERjsdBRBtcCF$vkQI5Phwmk8nU9tU2brX0lYCcWqJqMMGLlukQjkzbR4=",
    "last_login": "2016-06-28T08:24:10.657Z",
    "is_superuser": false,
    "username": "AVMAngestellter",
    "first_name": "AVM",
    "last_name": "Verwaltung",
    "email": "dingbums@sldflskd.com",
    "is_staff": true,
    "is_active": true,
    "date_joined": "2016-06-12T11:35:56Z",
    "groups": [
      1,
      2
    ],
    "user_permissions": []
  }
},
{
  "model": "auth.user",
  "pk": 7,
  "fields": {
    "password": "pbkdf2_sha256$24000$8VvkUM4mqwZr$oKOtHsGvS3B1qanlMyDbPQeU2eR8ZM3HJ0l5Ao74oKc=",
    "last_login": null,
    "is_superuser": false,
    "username": "Ferhat1",
    "first_name": "Ferhat",
    "last_name": "Ferhat",
    "email": "ferhat",
    "is_staff": false,
    "is_active": true,
    "date_joined": "2016-06-12T17:07:31.239Z",
    "groups": [],
    "user_permissions": []
  }
},
{
  "model": "auth.user",
  "pk": 8,
  "fields": {
    "password": "pbkdf2_sha256$24000$J4OrTPBo6IsY$o+0H6i/nIvk+xuXrmkNsneZfqv1LpusduCMN2oNz60M=",
    "last_login": "2016-06-12T17:10:17.632Z",
    "is_superuser": false,
    "username": "Ferhat2",
    "first_name": "ferhat",
    "last_name": "ferhat",
    "email": "ferhat",
    "is_staff": false,
    "is_active": true,
    "date_joined": "2016-06-12T17:09:22.171Z",
    "groups": [],
    "user_permissions": []
  }
},
{
  "model": "auth.user",
  "pk": 9,
  "fields": {
    "password": "pbkdf2_sha256$24000$pNgSGpouFiqB$qjoZdiJDM5vQnl+i8ZEO/v1ttYcM6+jfHoB0NVOVsL8=",
    "last_login": "2016-06-18T10:27:37Z",
    "is_superuser": false,
    "username": "Christian",
    "first_name": "Christian",
    "last_name": "Schwerdt",
    "email": "c.schwerdt@icoud.com",
    "is_staff": false,
    "is_active": true,
    "date_joined": "2016-06-18T10:27:16Z",
    "groups": [],
    "user_permissions": []
  }
},
{
  "model": "auth.user",
  "pk": 19,
  "fields": {
    "password": "pbkdf2_sha256$24000$3Av3xgF6Bda0$0vXKJoUBc/aznxXVwGvhW9ihpWYY/wV2+q5VU5cNdVQ=",
    "last_login": "2016-06-28T09:01:33.303Z",
    "is_superuser": false,
    "username": "log",
    "first_name": "l",
    "last_name": "o",
    "email": "l@o.de",
    "is_staff": true,
    "is_active": true,
    "date_joined": "2016-06-25T16:04:43Z",
    "groups": [],
    "user_permissions": [
      100,
      101,
      102
    ]
  }
},
{
  "model": "auth.user",
  "pk": 22,
  "fields": {
    "password": "pbkdf2_sha256$24000$bXrq4ZPaQ1A4$K9eIZXxpScx3hazLc+xwVmMfPYUJkh0hEFbaNWbIosM=",
    "last_login": "2016-06-25T22:17:36.194Z",
    "is_superuser": false,
    "username": "l",
    "first_name": "l",
    "last_name": "l",
    "email": "l",
    "is_staff": false,
    "is_active": true,
    "date_joined": "2016-06-25T22:17:20.505Z",
    "groups": [],
    "user_permissions": []
  }
},
{
  "model": "auth.user",
  "pk": 23,
  "fields": {
    "password": "pbkdf2_sha256$24000$sT4dGdHo7AXR$buxOpoJYGQltLZsFheLGKmkMCyp19d4+D94nGRsFZPc=",
    "last_login": "2016-07-05T18:34:43.723Z",
    "is_superuser": false,
    "username": "chris",
    "first_name": "Christian",
    "last_name": "Schwerdt",
    "email": "c.schwerdt@icloud.com",
    "is_staff": false,
    "is_active": true,
    "date_joined": "2016-06-27T13:40:03.774Z",
    "groups": [],
    "user_permissions": []
  }
},
{
  "model": "auth.user",
  "pk": 24,
  "fields": {
    "password": "pbkdf2_sha256$24000$89SG1JkztzOP$Zh/db75SvgV8Hb7yu+Q23MrLZZA1B2ntgE35KRPiCyg=",
    "last_login": "2016-06-30T13:21:07.279Z",
    "is_superuser": false,
    "username": "Tomate",
    "first_name": "Johny",
    "last_name": "Tomate",
    "email": "emailll",
    "is_staff": false,
    "is_active": true,
    "date_joined": "2016-06-30T13:21:06.936Z",
    "groups": [],
    "user_permissions": []
  }
},
{
  "model": "auth.user",
  "pk": 25,
  "fields": {
    "password": "pbkdf2_sha256$24000$mqba5M2NamWU$EPxxFmNMLwi1wNO9MpItzwzFV9cJCK1VpZE+5K11DnU=",
    "last_login": "2016-06-30T14:27:26.503Z",
    "is_superuser": false,
    "username": "jjj",
    "first_name": "jj",
    "last_name": "jjj",
    "email": "ddsfs",
    "is_staff": false,
    "is_active": true,
    "date_joined": "2016-06-30T14:27:25.924Z",
    "groups": [],
    "user_permissions": []
  }
},
{
  "model": "auth.user",
  "pk": 26,
  "fields": {
    "password": "pbkdf2_sha256$24000$JPqpu8zPigYm$2WNH0zqEq6IrCiRLFZe1JV5aM78f29p5xVQnrrJetv8=",
    "last_login": "2016-06-30T14:29:18.695Z",
    "is_superuser": false,
    "username": "kkkK",
    "first_name": "j",
    "last_name": "j",
    "email": "dsdfsd@dgfd.de",
    "is_staff": false,
    "is_active": true,
    "date_joined": "2016-06-30T14:29:18.151Z",
    "groups": [],
    "user_permissions": []
  }
},
{
  "model": "auth.user",
  "pk": 27,
  "fields": {
    "password": "pbkdf2_sha256$24000$vIj1T8tZrBQq$Sa8jxYgppHN9oxb/M2F/j2nlVTzV9+HBhP+A4XOLB2c=",
    "last_login": "2016-06-30T14:30:58.175Z",
    "is_superuser": false,
    "username": "j",
    "first_name": "jdxrfdfdgdf",
    "last_name": "jdd",
    "email": "fsdfdcxdcs@ddd.de",
    "is_staff": false,
    "is_active": true,
    "date_joined": "2016-06-30T14:30:57.624Z",
    "groups": [],
    "user_permissions": []
  }
},
{
  "model": "sessions.session",
  "pk": "0rxrvyrt2vn5zz9xixvrj853x3h1xl8s",
  "fields": {
    "session_data": "NDQ5YmZkMTE4Mjk2ZWJkNWNkYjQ3YmMxMzcxNjRlZmI3NGYzM2I0Mzp7Imhpc3RvcnkiOlsiaHR0cDovLzUyLjU5LjE4LjI1NC8iXX0=",
    "expire_date": "2016-07-14T15:18:06.573Z"
  }
},
{
  "model": "sessions.session",
  "pk": "0vbrkhy74e1axcfxm430yjvyysdlp9gf",
  "fields": {
    "session_data": "NzUxM2U1MWY0ODJkZjhkMTRhMjRmYzhlZjk1OTczMzQ0NTA1YzA4YTp7Il9hdXRoX3VzZXJfaWQiOiIxIiwiX2F1dGhfdXNlcl9iYWNrZW5kIjoiZGphbmdvLmNvbnRyaWIuYXV0aC5iYWNrZW5kcy5Nb2RlbEJhY2tlbmQiLCJfYXV0aF91c2VyX2hhc2giOiI1NDYxNTNhZjY0MzdmMGY3ZTgxYjc2M2U4MjkxOWY2NmU2YmE1MjgwIiwiaGlzdG9yeSI6WyJodHRwOi8vNTIuNTkuMTguMjU0LyIsImh0dHA6Ly81Mi41OS4xOC4yNTQvS29tZm9ydC8iLCJodHRwOi8vNTIuNTkuMTguMjU0LyIsImh0dHA6Ly81Mi41OS4xOC4yNTQvRW5lcmdpZS8iLCJodHRwOi8vNTIuNTkuMTguMjU0LyIsImh0dHA6Ly81Mi41OS4xOC4yNTQvc2NlbmFyaW9zL2F1ZnplaWNobnVuZ192b25fdml0YWxkYXRlbi8iXX0=",
    "expire_date": "2016-07-06T14:07:45.812Z"
  }
},
{
  "model": "sessions.session",
  "pk": "1839et72bdfv15k9gu0agdhy1elk3oux",
  "fields": {
    "session_data": "YzM1OGY2OGE2OWFjYTU5MDEwMTM2ZTc0OTNlYTRkNTkyZWI0YmJlNTp7Imhpc3RvcnkiOlsiaHR0cDovLzUyLjU5LjE4LjI1NC8iLCJodHRwOi8vNTIuNTkuMTguMjU0L0dlc3VuZGhlaXQvIiwiaHR0cDovLzUyLjU5LjE4LjI1NC8iXX0=",
    "expire_date": "2016-07-07T15:48:59.749Z"
  }
},
{
  "model": "sessions.session",
  "pk": "1dq006zcrb197wxes2e92jwwwctvhy2t",
  "fields": {
    "session_data": "N2YwNDU0M2QzZTk4YjMxY2RlMGM0YWIyMzZhZGRjNDk3NjFlMWZlZDp7Imhpc3RvcnkiOlsiaHR0cDovL2xvY2FsaG9zdDo4MDAwL2FsbF9wcm9kdWN0cy8iXX0=",
    "expire_date": "2016-07-26T08:35:40.793Z"
  }
},
{
  "model": "sessions.session",
  "pk": "1e3krod4la3sdstvv66a3v7s232q1qrc",
  "fields": {
    "session_data": "NTVhMWU4YmI2ZDk5MTdmOWIzYmQxZjc0NGQ1ZTZkMTQ4NTYyMjRkOTp7Imhpc3RvcnkiOlsiaHR0cDovLzEyNy4wLjAuMTo4MDAwL2FsbF9wcm9kdWN0cy8iXX0=",
    "expire_date": "2016-07-14T14:28:45.889Z"
  }
},
{
  "model": "sessions.session",
  "pk": "1hio960b0q72jzqlerl8xt36gd81npm2",
  "fields": {
    "session_data": "Y2Y2NjY5ZGY1OTU4MjA2ZDA2MmU4ZDEyNmM3YTNkMDQ2ZjI1MmE1Njp7Imhpc3RvcnkiOlsiaHR0cDovLzEyNy4wLjAuMTo4MDAwLyJdfQ==",
    "expire_date": "2016-07-09T15:48:11.367Z"
  }
},
{
  "model": "sessions.session",
  "pk": "1ldagn1e1x3x5699e4ghv8ntf038pjky",
  "fields": {
    "session_data": "NjMwNGRlZjZmMzUxY2U4OTQ3MzkzNDBkNWRhYzI1YTI2ZjM3MmQwNjp7Imhpc3RvcnkiOlsiaHR0cDovL2xvY2FsaG9zdDo4MDAwLyIsImh0dHA6Ly9sb2NhbGhvc3Q6ODAwMC9FbmVyZ2llLyIsImh0dHA6Ly9sb2NhbGhvc3Q6ODAwMC8iLCJodHRwOi8vbG9jYWxob3N0OjgwMDAvRW5lcmdpZS8iLCJodHRwOi8vbG9jYWxob3N0OjgwMDAvc2NlbmFyaW9zL2F1c3NjaGFsdGVuX2Rlcl9lbGVrdHJvZ2VyYXRlLyIsImh0dHA6Ly9sb2NhbGhvc3Q6ODAwMC9wcm92aWRlci9taWVsZV9fX2NpZV9fa2ciLCJodHRwOi8vbG9jYWxob3N0OjgwMDAvIiwiaHR0cDovL2xvY2FsaG9zdDo4MDAwL0VuZXJnaWUvIiwiaHR0cDovL2xvY2FsaG9zdDo4MDAwL3NjZW5hcmlvcy9hdXNzY2hhbHRlbl9kZXJfZWxla3Ryb2dlcmF0ZS8iLCJodHRwOi8vbG9jYWxob3N0OjgwMDAvcHJvZHVjdHMvMjQvIiwiaHR0cDovL2xvY2FsaG9zdDo4MDAwL3Byb3ZpZGVyL21pZWxlX19fY2llX19rZyIsImh0dHA6Ly9sb2NhbGhvc3Q6ODAwMC8iLCJodHRwOi8vbG9jYWxob3N0OjgwMDAvRW5lcmdpZS8iLCJodHRwOi8vbG9jYWxob3N0OjgwMDAvc2NlbmFyaW9zL2F1c3NjaGFsdGVuX2Rlcl9lbGVrdHJvZ2VyYXRlLyIsImh0dHA6Ly9sb2NhbGhvc3Q6ODAwMC9wcm92aWRlci9taWVsZV9fX2NpZV9fa2ciLCJodHRwOi8vbG9jYWxob3N0OjgwMDAvIiwiaHR0cDovL2xvY2FsaG9zdDo4MDAwL0VuZXJnaWUvIiwiaHR0cDovL2xvY2FsaG9zdDo4MDAwL3NjZW5hcmlvcy9hdXNzY2hhbHRlbl9kZXJfZWxla3Ryb2dlcmF0ZS8iLCJodHRwOi8vbG9jYWxob3N0OjgwMDAvcHJvdmlkZXIvbWllbGVfX19jaWVfX2tnIiwiaHR0cDovL2xvY2FsaG9zdDo4MDAwL0VuZXJnaWUvIiwiaHR0cDovL2xvY2FsaG9zdDo4MDAwL3Byb3ZpZGVyL21pZWxlX19fY2llX19rZyIsImh0dHA6Ly9sb2NhbGhvc3Q6ODAwMC9FbmVyZ2llLyIsImh0dHA6Ly9sb2NhbGhvc3Q6ODAwMC8iLCJodHRwOi8vbG9jYWxob3N0OjgwMDAvRW5lcmdpZS8iLCJodHRwOi8vbG9jYWxob3N0OjgwMDAvcmVzdWx0LyIsImh0dHA6Ly9sb2NhbGhvc3Q6ODAwMC8iLCJodHRwOi8vbG9jYWxob3N0OjgwMDAvRW5lcmdpZS8iLCJodHRwOi8vbG9jYWxob3N0OjgwMDAvc2NlbmFyaW9zL2F1c3NjaGFsdGVuX2Rlcl9lbGVrdHJvZ2VyYXRlLyIsImh0dHA6Ly9sb2NhbGhvc3Q6ODAwMC9wcm9kdWN0cy8yMS8iLCJodHRwOi8vbG9jYWxob3N0OjgwMDAvc2NlbmFyaW9zL2VuZXJnaWV2ZXJicmF1Y2hfYXVmemVpZ2VuLyIsImh0dHA6Ly9sb2NhbGhvc3Q6ODAwMC9wcm92aWRlci9qdW5nIiwiaHR0cDovL2xvY2FsaG9zdDo4MDAwL3NjZW5hcmlvcy9lbmVyZ2lldmVyYnJhdWNoX2F1ZnplaWdlbi8iLCJodHRwOi8vbG9jYWxob3N0OjgwMDAvcHJvdmlkZXIvanVuZyIsImh0dHA6Ly9sb2NhbGhvc3Q6ODAwMC9zY2VuYXJpb3MvYXVzc2NoYWx0ZW5fZGVyX2VsZWt0cm9nZXJhdGUvIiwiaHR0cDovL2xvY2FsaG9zdDo4MDAwL3Byb3ZpZGVyL21pZWxlX19fY2llX19rZyIsImh0dHA6Ly9sb2NhbGhvc3Q6ODAwMC8iXSwiX2F1dGhfdXNlcl9oYXNoIjoiNTQ2MTUzYWY2NDM3ZjBmN2U4MWI3NjNlODI5MTlmNjZlNmJhNTI4MCIsIl9hdXRoX3VzZXJfYmFja2VuZCI6ImRqYW5nby5jb250cmliLmF1dGguYmFja2VuZHMuTW9kZWxCYWNrZW5kIiwiX2F1dGhfdXNlcl9pZCI6IjEifQ==",
    "expire_date": "2016-07-26T09:07:48.944Z"
  }
},
{
  "model": "sessions.session",
  "pk": "20l84vojndbwp5hpqv4h9b0akfgbmg1v",
  "fields": {
    "session_data": "NDQ5YmZkMTE4Mjk2ZWJkNWNkYjQ3YmMxMzcxNjRlZmI3NGYzM2I0Mzp7Imhpc3RvcnkiOlsiaHR0cDovLzUyLjU5LjE4LjI1NC8iXX0=",
    "expire_date": "2016-07-08T20:42:29.409Z"
  }
},
{
  "model": "sessions.session",
  "pk": "39ipodun55hid903n8si97zwg1u087l5",
  "fields": {
    "session_data": "YmYzNzQ0MzFhMmM0MWM2ZjQ4OTliNGRjYjU4YzA4MWQzM2NlOTZkNjp7Imhpc3RvcnkiOlsiaHR0cDovLzEyNy4wLjAuMTo4MDAwL3Byb2R1Y3RzLzMzLyJdfQ==",
    "expire_date": "2016-07-10T00:34:07.633Z"
  }
},
{
  "model": "sessions.session",
  "pk": "4fhcqyla1fkf2r1vdb1gwhsvfmos3kwv",
  "fields": {
    "session_data": "MjQzYmE4N2VmMzRlNDUyMjAzYWFkMjAwMzYwNDllZGQyZDA1Y2M1Mjp7Il9hdXRoX3VzZXJfYmFja2VuZCI6ImRqYW5nby5jb250cmliLmF1dGguYmFja2VuZHMuTW9kZWxCYWNrZW5kIiwiaGlzdG9yeSI6WyJodHRwOi8vMTI3LjAuMC4xOjgwMDAvIiwiaHR0cDovLzEyNy4wLjAuMTo4MDAwL0VuZXJnaWUvIiwiaHR0cDovLzEyNy4wLjAuMTo4MDAwLyIsImh0dHA6Ly8xMjcuMC4wLjE6ODAwMC9FbmVyZ2llLyIsImh0dHA6Ly8xMjcuMC4wLjE6ODAwMC8iLCJodHRwOi8vMTI3LjAuMC4xOjgwMDAvRW5lcmdpZS8iLCJodHRwOi8vMTI3LjAuMC4xOjgwMDAvIiwiaHR0cDovLzEyNy4wLjAuMTo4MDAwL0VuZXJnaWUvIiwiaHR0cDovLzEyNy4wLjAuMTo4MDAwLyIsImh0dHA6Ly8xMjcuMC4wLjE6ODAwMC9FbmVyZ2llLyIsImh0dHA6Ly8xMjcuMC4wLjE6ODAwMC8iLCJodHRwOi8vMTI3LjAuMC4xOjgwMDAvYWxsX3Byb2R1Y3RzLyIsImh0dHA6Ly8xMjcuMC4wLjE6ODAwMC8iLCJodHRwOi8vMTI3LjAuMC4xOjgwMDAvRW5lcmdpZS8iLCJodHRwOi8vMTI3LjAuMC4xOjgwMDAvIiwiaHR0cDovLzEyNy4wLjAuMTo4MDAwL0VuZXJnaWUvIiwiaHR0cDovLzEyNy4wLjAuMTo4MDAwLyIsImh0dHA6Ly8xMjcuMC4wLjE6ODAwMC9FbmVyZ2llLyIsImh0dHA6Ly8xMjcuMC4wLjE6ODAwMC9zY2VuYXJpb3MvYXVzc2NoYWx0ZW5fZGVyX2VsZWt0cm9nZXJhdGUvIiwiaHR0cDovLzEyNy4wLjAuMTo4MDAwLyIsImh0dHA6Ly8xMjcuMC4wLjE6ODAwMC9FbmVyZ2llLyIsImh0dHA6Ly8xMjcuMC4wLjE6ODAwMC8iLCJodHRwOi8vMTI3LjAuMC4xOjgwMDAvRW5lcmdpZS8iLCJodHRwOi8vMTI3LjAuMC4xOjgwMDAvc2NlbmFyaW9zL2VuZXJnaWV2ZXJicmF1Y2hfYXVmemVpZ2VuLyIsImh0dHA6Ly8xMjcuMC4wLjE6ODAwMC9FbmVyZ2llLyIsImh0dHA6Ly8xMjcuMC4wLjE6ODAwMC8iLCJodHRwOi8vMTI3LjAuMC4xOjgwMDAvRW5lcmdpZS8iLCJodHRwOi8vMTI3LjAuMC4xOjgwMDAvIiwiaHR0cDovLzEyNy4wLjAuMTo4MDAwL0VuZXJnaWUvIiwiaHR0cDovLzEyNy4wLjAuMTo4MDAwLyIsImh0dHA6Ly8xMjcuMC4wLjE6ODAwMC9FbmVyZ2llLyIsImh0dHA6Ly8xMjcuMC4wLjE6ODAwMC9zY2VuYXJpb3MvaW50ZWxsaWdlbnRlX3dhcm1lc3RldWVydW5nLyIsImh0dHA6Ly8xMjcuMC4wLjE6ODAwMC9FbmVyZ2llLyIsImh0dHA6Ly8xMjcuMC4wLjE6ODAwMC8iLCJodHRwOi8vMTI3LjAuMC4xOjgwMDAvRW5lcmdpZS8iLCJodHRwOi8vMTI3LjAuMC4xOjgwMDAvIiwiaHR0cDovLzEyNy4wLjAuMTo4MDAwL0VuZXJnaWUvIiwiaHR0cDovLzEyNy4wLjAuMTo4MDAwLyIsImh0dHA6Ly8xMjcuMC4wLjE6ODAwMC9FbmVyZ2llLyIsImh0dHA6Ly8xMjcuMC4wLjE6ODAwMC8iLCJodHRwOi8vMTI3LjAuMC4xOjgwMDAvRW5lcmdpZS8iLCJodHRwOi8vMTI3LjAuMC4xOjgwMDAvcmVzdWx0LyIsImh0dHA6Ly8xMjcuMC4wLjE6ODAwMC9FbmVyZ2llLyIsImh0dHA6Ly8xMjcuMC4wLjE6ODAwMC9yZXN1bHQvIiwiaHR0cDovLzEyNy4wLjAuMTo4MDAwL0VuZXJnaWUvIiwiaHR0cDovLzEyNy4wLjAuMTo4MDAwLyIsImh0dHA6Ly8xMjcuMC4wLjE6ODAwMC9FbmVyZ2llLyIsImh0dHA6Ly8xMjcuMC4wLjE6ODAwMC9yZXN1bHQvIiwiaHR0cDovLzEyNy4wLjAuMTo4MDAwL0VuZXJnaWUvIiwiaHR0cDovLzEyNy4wLjAuMTo4MDAwL3Jlc3VsdC8iLCJodHRwOi8vMTI3LjAuMC4xOjgwMDAvIiwiaHR0cDovLzEyNy4wLjAuMTo4MDAwL0VuZXJnaWUvIiwiaHR0cDovLzEyNy4wLjAuMTo4MDAwLyIsImh0dHA6Ly8xMjcuMC4wLjE6ODAwMC9FbmVyZ2llLyIsImh0dHA6Ly8xMjcuMC4wLjE6ODAwMC8iLCJodHRwOi8vMTI3LjAuMC4xOjgwMDAvRW5lcmdpZS8iLCJodHRwOi8vMTI3LjAuMC4xOjgwMDAvIiwiaHR0cDovLzEyNy4wLjAuMTo4MDAwL0VuZXJnaWUvIl0sIl9hdXRoX3VzZXJfaGFzaCI6IjU0NjE1M2FmNjQzN2YwZjdlODFiNzYzZTgyOTE5ZjY2ZTZiYTUyODAiLCJfYXV0aF91c2VyX2lkIjoiMSJ9",
    "expire_date": "2016-07-27T13:25:31.738Z"
  }
},
{
  "model": "sessions.session",
  "pk": "54rgh3jn29foo02mkfbu3cqc1ft89w6x",
  "fields": {
    "session_data": "Y2Y2NjY5ZGY1OTU4MjA2ZDA2MmU4ZDEyNmM3YTNkMDQ2ZjI1MmE1Njp7Imhpc3RvcnkiOlsiaHR0cDovLzEyNy4wLjAuMTo4MDAwLyJdfQ==",
    "expire_date": "2016-07-09T15:44:34.326Z"
  }
},
{
  "model": "sessions.session",
  "pk": "563ytrktmbl8h5a9faf4rf62p230hoba",
  "fields": {
    "session_data": "MTNmMGNlNDQ3NDM0NTY0Y2Q0NmQ4M2I3NjEzNzQyMWE4NDA1ZDA2NTp7Imhpc3RvcnkiOlsiaHR0cDovLzEyNy4wLjAuMTo4MDAwLyIsImh0dHA6Ly8xMjcuMC4wLjE6ODAwMC9FbmVyZ2llLyIsImh0dHA6Ly8xMjcuMC4wLjE6ODAwMC8iLCJodHRwOi8vMTI3LjAuMC4xOjgwMDAvRW5lcmdpZS8iLCJodHRwOi8vMTI3LjAuMC4xOjgwMDAvIiwiaHR0cDovLzEyNy4wLjAuMTo4MDAwL0VuZXJnaWUvIiwiaHR0cDovLzEyNy4wLjAuMTo4MDAwLyIsImh0dHA6Ly8xMjcuMC4wLjE6ODAwMC9FbmVyZ2llLyIsImh0dHA6Ly8xMjcuMC4wLjE6ODAwMC8iLCJodHRwOi8vMTI3LjAuMC4xOjgwMDAvRW5lcmdpZS8iLCJodHRwOi8vMTI3LjAuMC4xOjgwMDAvIiwiaHR0cDovLzEyNy4wLjAuMTo4MDAwL0VuZXJnaWUvIiwiaHR0cDovLzEyNy4wLjAuMTo4MDAwLyIsImh0dHA6Ly8xMjcuMC4wLjE6ODAwMC9FbmVyZ2llLyIsImh0dHA6Ly8xMjcuMC4wLjE6ODAwMC8iLCJodHRwOi8vMTI3LjAuMC4xOjgwMDAvRW5lcmdpZS8iLCJodHRwOi8vMTI3LjAuMC4xOjgwMDAvIiwiaHR0cDovLzEyNy4wLjAuMTo4MDAwL0VuZXJnaWUvIiwiaHR0cDovLzEyNy4wLjAuMTo4MDAwLyIsImh0dHA6Ly8xMjcuMC4wLjE6ODAwMC9FbmVyZ2llLyIsImh0dHA6Ly8xMjcuMC4wLjE6ODAwMC8iLCJodHRwOi8vMTI3LjAuMC4xOjgwMDAvRW5lcmdpZS8iLCJodHRwOi8vMTI3LjAuMC4xOjgwMDAvIiwiaHR0cDovLzEyNy4wLjAuMTo4MDAwL0VuZXJnaWUvIiwiaHR0cDovLzEyNy4wLjAuMTo4MDAwLyIsImh0dHA6Ly8xMjcuMC4wLjE6ODAwMC9FbmVyZ2llLyIsImh0dHA6Ly8xMjcuMC4wLjE6ODAwMC8iLCJodHRwOi8vMTI3LjAuMC4xOjgwMDAvRW5lcmdpZS8iLCJodHRwOi8vMTI3LjAuMC4xOjgwMDAvIiwiaHR0cDovLzEyNy4wLjAuMTo4MDAwL0VuZXJnaWUvIiwiaHR0cDovLzEyNy4wLjAuMTo4MDAwLyIsImh0dHA6Ly8xMjcuMC4wLjE6ODAwMC9FbmVyZ2llLyIsImh0dHA6Ly8xMjcuMC4wLjE6ODAwMC8iLCJodHRwOi8vMTI3LjAuMC4xOjgwMDAvRW5lcmdpZS8iLCJodHRwOi8vMTI3LjAuMC4xOjgwMDAvIiwiaHR0cDovLzEyNy4wLjAuMTo4MDAwL0VuZXJnaWUvIiwiaHR0cDovLzEyNy4wLjAuMTo4MDAwLyIsImh0dHA6Ly8xMjcuMC4wLjE6ODAwMC9FbmVyZ2llLyIsImh0dHA6Ly8xMjcuMC4wLjE6ODAwMC9jYWxjdWxhdGUvIiwiaHR0cDovLzEyNy4wLjAuMTo4MDAwL0VuZXJnaWUvIiwiaHR0cDovLzEyNy4wLjAuMTo4MDAwL2NhbGN1bGF0ZS8iLCJodHRwOi8vMTI3LjAuMC4xOjgwMDAvRW5lcmdpZS8iLCJodHRwOi8vMTI3LjAuMC4xOjgwMDAvY2FsY3VsYXRlLyIsImh0dHA6Ly8xMjcuMC4wLjE6ODAwMC9FbmVyZ2llLyIsImh0dHA6Ly8xMjcuMC4wLjE6ODAwMC9jYWxjdWxhdGUvIiwiaHR0cDovLzEyNy4wLjAuMTo4MDAwL0VuZXJnaWUvIiwiaHR0cDovLzEyNy4wLjAuMTo4MDAwL2NhbGN1bGF0ZS8iLCJodHRwOi8vMTI3LjAuMC4xOjgwMDAvRW5lcmdpZS8iLCJodHRwOi8vMTI3LjAuMC4xOjgwMDAvY2FsY3VsYXRlLyIsImh0dHA6Ly8xMjcuMC4wLjE6ODAwMC9FbmVyZ2llLyIsImh0dHA6Ly8xMjcuMC4wLjE6ODAwMC9jYWxjdWxhdGUvIiwiaHR0cDovLzEyNy4wLjAuMTo4MDAwL0VuZXJnaWUvIiwiaHR0cDovLzEyNy4wLjAuMTo4MDAwLyIsImh0dHA6Ly8xMjcuMC4wLjE6ODAwMC9FbmVyZ2llLyIsImh0dHA6Ly8xMjcuMC4wLjE6ODAwMC9jYWxjdWxhdGUvIiwiaHR0cDovLzEyNy4wLjAuMTo4MDAwL0VuZXJnaWUvIiwiaHR0cDovLzEyNy4wLjAuMTo4MDAwL3NjZW5hcmlvcy9hdXNzY2hhbHRlbl9kZXJfZWxla3Ryb2dlcmF0ZS8iLCJodHRwOi8vMTI3LjAuMC4xOjgwMDAvRW5lcmdpZS8iLCJodHRwOi8vMTI3LjAuMC4xOjgwMDAvY2FsY3VsYXRlLyIsImh0dHA6Ly8xMjcuMC4wLjE6ODAwMC9FbmVyZ2llLyIsImh0dHA6Ly8xMjcuMC4wLjE6ODAwMC9jYWxjdWxhdGUvIiwiaHR0cDovLzEyNy4wLjAuMTo4MDAwL0VuZXJnaWUvIiwiaHR0cDovLzEyNy4wLjAuMTo4MDAwL3Jlc3VsdC8iXX0=",
    "expire_date": "2016-07-18T21:03:04.631Z"
  }
},
{
  "model": "sessions.session",
  "pk": "5cl2fvty7m7cddhtyfw6o1a9ocoba4wj",
  "fields": {
    "session_data": "NTVhMWU4YmI2ZDk5MTdmOWIzYmQxZjc0NGQ1ZTZkMTQ4NTYyMjRkOTp7Imhpc3RvcnkiOlsiaHR0cDovLzEyNy4wLjAuMTo4MDAwL2FsbF9wcm9kdWN0cy8iXX0=",
    "expire_date": "2016-07-14T13:20:25.152Z"
  }
},
{
  "model": "sessions.session",
  "pk": "5uj38asuk3r0ko9uc0rp2qgnl7pefwtp",
  "fields": {
    "session_data": "NDQ5YmZkMTE4Mjk2ZWJkNWNkYjQ3YmMxMzcxNjRlZmI3NGYzM2I0Mzp7Imhpc3RvcnkiOlsiaHR0cDovLzUyLjU5LjE4LjI1NC8iXX0=",
    "expire_date": "2016-07-06T21:42:04.861Z"
  }
},
{
  "model": "sessions.session",
  "pk": "63ibeukzg81xbqissa2adka26zmgdxp7",
  "fields": {
    "session_data": "ZmNhNTliZTgwZjU0MmM2ODUzNjJkN2M0M2RmZGMwYWM2M2JmOTdlYzp7Imhpc3RvcnkiOlsiaHR0cDovLzEyNy4wLjAuMTo4MDAwL3Byb2R1Y3RzLzgvIl19",
    "expire_date": "2016-07-11T13:49:24.479Z"
  }
},
{
  "model": "sessions.session",
  "pk": "6kdkzzq0xg0hzgc5r43nwpselrdx1yja",
  "fields": {
    "session_data": "NTA4OGJlZWM3MDY3Njg4ZGZhMGJiMDA1NTMwM2E2ZjI2YjRhNWI5YTp7Imhpc3RvcnkiOlsiaHR0cDovLzEyNy4wLjAuMTo4MDAwL3Byb2R1Y3RzLzMvIl19",
    "expire_date": "2016-07-10T02:30:15.794Z"
  }
},
{
  "model": "sessions.session",
  "pk": "6n4qgosz95tt5yd2y45dzon540ia3x95",
  "fields": {
    "session_data": "MzMwNWNiYzc5MjNkMTkzMTBiYWExY2I0NDE4YjI2Yjk2ZGU4NjIyMzp7Imhpc3RvcnkiOlsiaHR0cDovLzUyLjU5LjE4LjI1NC8iLCJodHRwOi8vNTIuNTkuMTguMjU0L0VuZXJnaWUvIiwiaHR0cDovLzUyLjU5LjE4LjI1NC9jb250YWN0IiwiaHR0cDovLzUyLjU5LjE4LjI1NC9FbmVyZ2llLyJdfQ==",
    "expire_date": "2016-07-07T06:57:04.205Z"
  }
},
{
  "model": "sessions.session",
  "pk": "6qi2iievez4fgli0byzhdlqlrzz2nnvs",
  "fields": {
    "session_data": "ZjBhNjQ1MWFlZWNjY2JjZGJmZTEwYTcyNGE0ZjEwZjkwOWVlMjQ3ODp7Il9hdXRoX3VzZXJfYmFja2VuZCI6ImRqYW5nby5jb250cmliLmF1dGguYmFja2VuZHMuTW9kZWxCYWNrZW5kIiwiX2F1dGhfdXNlcl9oYXNoIjoiNTQ2MTUzYWY2NDM3ZjBmN2U4MWI3NjNlODI5MTlmNjZlNmJhNTI4MCIsIl9hdXRoX3VzZXJfaWQiOiIxIiwiaGlzdG9yeSI6W251bGxdfQ==",
    "expire_date": "2016-07-14T12:54:37.661Z"
  }
},
{
  "model": "sessions.session",
  "pk": "7usr66rty8nhqk0ehkddyxm2zgsbr2b6",
  "fields": {
    "session_data": "ZTM4M2MyNWQ5MGNiMDgxOTcwODliYjAzY2Y3YjVhMzI4YjdhMWMyMDp7Il9hdXRoX3VzZXJfaGFzaCI6IjgzOTVmYTFlYjNiMjYxZmJhYWRmNTNmZTcyNzc3Mjg3ZmU0NjNmMTciLCJfYXV0aF91c2VyX2JhY2tlbmQiOiJkamFuZ28uY29udHJpYi5hdXRoLmJhY2tlbmRzLk1vZGVsQmFja2VuZCIsIl9hdXRoX3VzZXJfaWQiOiIyNyIsImhpc3RvcnkiOlsiaHR0cDovLzEyNy4wLjAuMTo4MDAwL2FsbF9wcm9kdWN0cy8iLCJodHRwOi8vMTI3LjAuMC4xOjgwMDAvIiwiaHR0cDovLzEyNy4wLjAuMTo4MDAwL0VuZXJnaWUvIiwiaHR0cDovLzEyNy4wLjAuMTo4MDAwLyIsImh0dHA6Ly8xMjcuMC4wLjE6ODAwMC9wcm9kdWN0cy85LyIsImh0dHA6Ly8xMjcuMC4wLjE6ODAwMC9hbGxfcHJvZHVjdHMvIiwiaHR0cDovLzEyNy4wLjAuMTo4MDAwLyIsImh0dHA6Ly8xMjcuMC4wLjE6ODAwMC9hbGxfcHJvZHVjdHMvIiwiaHR0cDovLzEyNy4wLjAuMTo4MDAwL3Jlc3VsdC8iLCJodHRwOi8vMTI3LjAuMC4xOjgwMDAvRW5lcmdpZS8iLCJodHRwOi8vMTI3LjAuMC4xOjgwMDAvYWxsX3Byb2R1Y3RzLyIsImh0dHA6Ly8xMjcuMC4wLjE6ODAwMC8iLCJodHRwOi8vMTI3LjAuMC4xOjgwMDAvRW5lcmdpZS8iLCJodHRwOi8vMTI3LjAuMC4xOjgwMDAvIiwiaHR0cDovLzEyNy4wLjAuMTo4MDAwL0dlc3VuZGhlaXQvIiwiaHR0cDovLzEyNy4wLjAuMTo4MDAwL3Jlc3VsdC8iLCJodHRwOi8vMTI3LjAuMC4xOjgwMDAvR2VzdW5kaGVpdC8iLCJodHRwOi8vMTI3LjAuMC4xOjgwMDAvY29udGFjdCIsImh0dHA6Ly8xMjcuMC4wLjE6ODAwMC9HZXN1bmRoZWl0LyIsImh0dHA6Ly8xMjcuMC4wLjE6ODAwMC9yZXN1bHQvIiwiaHR0cDovLzEyNy4wLjAuMTo4MDAwL0dlc3VuZGhlaXQvIiwiaHR0cDovLzEyNy4wLjAuMTo4MDAwLyIsImh0dHA6Ly8xMjcuMC4wLjE6ODAwMC9FbmVyZ2llLyIsImh0dHA6Ly8xMjcuMC4wLjE6ODAwMC9yZXN1bHQvIiwiaHR0cDovLzEyNy4wLjAuMTo4MDAwL0VuZXJnaWUvIiwiaHR0cDovLzEyNy4wLjAuMTo4MDAwL3Jlc3VsdC8iLCJodHRwOi8vMTI3LjAuMC4xOjgwMDAvRW5lcmdpZS8iLCJodHRwOi8vMTI3LjAuMC4xOjgwMDAvcmVzdWx0LyIsImh0dHA6Ly8xMjcuMC4wLjE6ODAwMC9FbmVyZ2llLyIsImh0dHA6Ly8xMjcuMC4wLjE6ODAwMC9yZXN1bHQvIiwiaHR0cDovLzEyNy4wLjAuMTo4MDAwL0VuZXJnaWUvIiwiaHR0cDovLzEyNy4wLjAuMTo4MDAwL3Jlc3VsdC8iLCJodHRwOi8vMTI3LjAuMC4xOjgwMDAvRW5lcmdpZS8iLCJodHRwOi8vMTI3LjAuMC4xOjgwMDAvcmVzdWx0LyIsImh0dHA6Ly8xMjcuMC4wLjE6ODAwMC9FbmVyZ2llLyIsImh0dHA6Ly8xMjcuMC4wLjE6ODAwMC9yZXN1bHQvIiwiaHR0cDovLzEyNy4wLjAuMTo4MDAwL0VuZXJnaWUvIiwiaHR0cDovLzEyNy4wLjAuMTo4MDAwL3Jlc3VsdC8iLCJodHRwOi8vMTI3LjAuMC4xOjgwMDAvRW5lcmdpZS8iLCJodHRwOi8vMTI3LjAuMC4xOjgwMDAvcmVzdWx0LyIsImh0dHA6Ly8xMjcuMC4wLjE6ODAwMC9FbmVyZ2llLyIsImh0dHA6Ly8xMjcuMC4wLjE6ODAwMC9yZXN1bHQvIiwiaHR0cDovLzEyNy4wLjAuMTo4MDAwL0VuZXJnaWUvIiwiaHR0cDovLzEyNy4wLjAuMTo4MDAwL3Jlc3VsdC8iLCJodHRwOi8vMTI3LjAuMC4xOjgwMDAvRW5lcmdpZS8iLCJodHRwOi8vMTI3LjAuMC4xOjgwMDAvcmVzdWx0LyIsImh0dHA6Ly8xMjcuMC4wLjE6ODAwMC9FbmVyZ2llLyIsImh0dHA6Ly8xMjcuMC4wLjE6ODAwMC9yZXN1bHQvIl19",
    "expire_date": "2016-07-19T11:24:59.879Z"
  }
},
{
  "model": "sessions.session",
  "pk": "808zmwhgnfeppy0s3tw0cm4hg1uv3ib1",
  "fields": {
    "session_data": "YjE5MDcxMzQ1YjFmYzQ5NTBiMjU2M2M0ZjIzYTE4ZDA4Yjg3Zjk1MDp7Imhpc3RvcnkiOlsiaHR0cDovLzUyLjU5LjE4LjI1NC9zY2VuYXJpb3MvYXVmd2FjaGFucmVpei8iLCJodHRwOi8vNTIuNTkuMTguMjU0LyIsImh0dHA6Ly81Mi41OS4xOC4yNTQvRW5lcmdpZS8iLCJodHRwOi8vNTIuNTkuMTguMjU0L3NjZW5hcmlvcy9hdXNzY2hhbHRlbl9kZXJfZWxla3Ryb2dlcmF0ZS8iLCJodHRwOi8vNTIuNTkuMTguMjU0L0VuZXJnaWUvIiwiaHR0cDovLzUyLjU5LjE4LjI1NC9zY2VuYXJpb3MvaW50ZWxsaWdlbnRlX3dhcm1lc3RldWVydW5nLyIsImh0dHA6Ly81Mi41OS4xOC4yNTQvcHJvZHVjdHMvMTUvIiwiaHR0cDovLzUyLjU5LjE4LjI1NC9zY2VuYXJpb3MvaW50ZWxsaWdlbnRlX3dhcm1lc3RldWVydW5nLyIsImh0dHA6Ly81Mi41OS4xOC4yNTQvcHJvZHVjdHMvMTIvIiwiaHR0cDovLzUyLjU5LjE4LjI1NC9zY2VuYXJpb3MvaW50ZWxsaWdlbnRlX3dhcm1lc3RldWVydW5nLyIsImh0dHA6Ly81Mi41OS4xOC4yNTQvcHJvZHVjdHMvMTQvIiwiaHR0cDovLzUyLjU5LjE4LjI1NC8iLCJodHRwOi8vNTIuNTkuMTguMjU0L0VuZXJnaWUvIiwiaHR0cDovLzUyLjU5LjE4LjI1NC8iLCJodHRwOi8vNTIuNTkuMTguMjU0L0VuZXJnaWUvIiwiaHR0cDovLzUyLjU5LjE4LjI1NC8iLCJodHRwOi8vNTIuNTkuMTguMjU0L0dlc3VuZGhlaXQvIiwiaHR0cDovLzUyLjU5LjE4LjI1NC9zY2VuYXJpb3Mva2luZGVyc2NodXR6LyIsImh0dHA6Ly81Mi41OS4xOC4yNTQvR2VzdW5kaGVpdC8iLCJodHRwOi8vNTIuNTkuMTguMjU0L3NjZW5hcmlvcy9hdWZ3YWNoYW5yZWl6LyIsImh0dHA6Ly81Mi41OS4xOC4yNTQvR2VzdW5kaGVpdC8iLCJodHRwOi8vNTIuNTkuMTguMjU0L3NjZW5hcmlvcy9zY2hsYWZhbnJlaXovIiwiaHR0cDovLzUyLjU5LjE4LjI1NC9FbmVyZ2llLyIsImh0dHA6Ly81Mi41OS4xOC4yNTQvc2NlbmFyaW9zL2ludGVsbGlnZW50ZV93YXJtZXN0ZXVlcnVuZy8iLCJodHRwOi8vNTIuNTkuMTguMjU0LyIsImh0dHA6Ly81Mi41OS4xOC4yNTQvc2NlbmFyaW9zL2F1ZndhY2hhbnJlaXovIiwiaHR0cDovLzUyLjU5LjE4LjI1NC8iLCJodHRwOi8vNTIuNTkuMTguMjU0L3NjZW5hcmlvcy9hdWZ3YWNoYW5yZWl6LyIsImh0dHA6Ly81Mi41OS4xOC4yNTQvIiwiaHR0cDovLzUyLjU5LjE4LjI1NC9FbmVyZ2llLyIsImh0dHA6Ly81Mi41OS4xOC4yNTQvIiwiaHR0cDovLzUyLjU5LjE4LjI1NC9zY2VuYXJpb3MvaW50ZWxsaWdlbnRlX3dhcm1lc3RldWVydW5nLyIsImh0dHA6Ly81Mi41OS4xOC4yNTQvIiwiaHR0cDovLzUyLjU5LjE4LjI1NC9FbmVyZ2llLyIsImh0dHA6Ly81Mi41OS4xOC4yNTQvIiwiaHR0cDovLzUyLjU5LjE4LjI1NC9HZXN1bmRoZWl0LyIsImh0dHA6Ly81Mi41OS4xOC4yNTQvc2NlbmFyaW9zL3NjaGxhZmFucmVpei8iLCJodHRwOi8vNTIuNTkuMTguMjU0L0dlc3VuZGhlaXQvIiwiaHR0cDovLzUyLjU5LjE4LjI1NC8iLCJodHRwOi8vNTIuNTkuMTguMjU0L0VuZXJnaWUvIiwiaHR0cDovLzUyLjU5LjE4LjI1NC9jb250YWN0IiwiaHR0cDovLzUyLjU5LjE4LjI1NC9FbmVyZ2llLyIsImh0dHA6Ly81Mi41OS4xOC4yNTQvc2NlbmFyaW9zL2F1c3NjaGFsdGVuX2Rlcl9lbGVrdHJvZ2VyYXRlLyIsImh0dHA6Ly81Mi41OS4xOC4yNTQvc2NlbmFyaW9zL2ludGVsbGlnZW50ZV93YXJtZXN0ZXVlcnVuZy8iLCJodHRwOi8vNTIuNTkuMTguMjU0L3Byb2R1Y3RzLzEyLyJdLCJfYXV0aF91c2VyX2JhY2tlbmQiOiJkamFuZ28uY29udHJpYi5hdXRoLmJhY2tlbmRzLk1vZGVsQmFja2VuZCIsIl9hdXRoX3VzZXJfaGFzaCI6IjhlMzEwZTk3MzMyYmU0MzViNzVhMjRmNGZlMzU5MjFkNzI4NmFmZGUiLCJfYXV0aF91c2VyX2lkIjoiMjMifQ==",
    "expire_date": "2016-07-26T15:51:03.730Z"
  }
},
{
  "model": "sessions.session",
  "pk": "82kfvsbgdrc0qwtry2b5d4ne0yf9jv78",
  "fields": {
    "session_data": "N2RkYjg0MzMzNWI2Njc3ODFiNDExM2Y2NWNlMTcyNTA2MjJjMGMyMzp7Il9hdXRoX3VzZXJfYmFja2VuZCI6ImRqYW5nby5jb250cmliLmF1dGguYmFja2VuZHMuTW9kZWxCYWNrZW5kIiwiX2F1dGhfdXNlcl9oYXNoIjoiY2Q2MmNjNDViY2I0M2IxYjE2MjE0MzE4YzIwNWQ5MTNjMDczYmUxMCIsIl9hdXRoX3VzZXJfaWQiOiIxIn0=",
    "expire_date": "2016-12-03T13:29:00.857Z"
  }
},
{
  "model": "sessions.session",
  "pk": "85cqql865obx7w02dpt62z3sdmqi4dlp",
  "fields": {
    "session_data": "NTM3ZTQ5NjFkNjViMGUwMzI3YjEzNzM2ZDE2Zjk1Y2FiYmRjYWE2Yzp7Imhpc3RvcnkiOlsiaHR0cDovLzUyLjU5LjE4LjI1NC8iLCJodHRwOi8vNTIuNTkuMTguMjU0L0tvbWZvcnQvIiwiaHR0cDovLzUyLjU5LjE4LjI1NC9zY2VuYXJpb3MvYXV0b21hdGlzY2hlX2xpY2h0c3RldWVydW5nLyIsImh0dHA6Ly81Mi41OS4xOC4yNTQvc2NlbmFyaW9zL2tpbmRlcnNjaHV0ei8iLCJodHRwOi8vNTIuNTkuMTguMjU0LyJdfQ==",
    "expire_date": "2016-07-07T04:32:27.541Z"
  }
},
{
  "model": "sessions.session",
  "pk": "8myfmkzo6sszs6jk62qep64l0oc7itn4",
  "fields": {
    "session_data": "NTA4OGJlZWM3MDY3Njg4ZGZhMGJiMDA1NTMwM2E2ZjI2YjRhNWI5YTp7Imhpc3RvcnkiOlsiaHR0cDovLzEyNy4wLjAuMTo4MDAwL3Byb2R1Y3RzLzMvIl19",
    "expire_date": "2016-07-10T02:35:11.921Z"
  }
},
{
  "model": "sessions.session",
  "pk": "8zplfi1oixi204clc4matsv3azi9506i",
  "fields": {
    "session_data": "ZTU1YjFhMTFiMmQ1NjQ0NGZmZTY4NWM2NTkxOTA2MWQ5ZjBhYjZkNjp7Imhpc3RvcnkiOlsiaHR0cDovLzEyNy4wLjAuMTo4MDAwL3Byb2R1Y3RzLzgvIiwiaHR0cDovLzEyNy4wLjAuMTo4MDAwLyIsImh0dHA6Ly8xMjcuMC4wLjE6ODAwMC9wcm92aWRlci9taWVsZV9fX2NpZV9fa2ciLCJodHRwOi8vMTI3LjAuMC4xOjgwMDAvIiwiaHR0cDovLzEyNy4wLjAuMTo4MDAwL0VuZXJnaWUvIiwiaHR0cDovLzEyNy4wLjAuMTo4MDAwLyIsImh0dHA6Ly8xMjcuMC4wLjE6ODAwMC9FbmVyZ2llLyIsImh0dHA6Ly8xMjcuMC4wLjE6ODAwMC8iLCJodHRwOi8vMTI3LjAuMC4xOjgwMDAvRW5lcmdpZS8iLCJodHRwOi8vMTI3LjAuMC4xOjgwMDAvIiwiaHR0cDovLzEyNy4wLjAuMTo4MDAwL0VuZXJnaWUvIiwiaHR0cDovLzEyNy4wLjAuMTo4MDAwLyIsImh0dHA6Ly8xMjcuMC4wLjE6ODAwMC9FbmVyZ2llLyIsImh0dHA6Ly8xMjcuMC4wLjE6ODAwMC8iLCJodHRwOi8vMTI3LjAuMC4xOjgwMDAvRW5lcmdpZS8iLCJodHRwOi8vMTI3LjAuMC4xOjgwMDAvcmVzdWx0LyIsImh0dHA6Ly8xMjcuMC4wLjE6ODAwMC8iLCJodHRwOi8vMTI3LjAuMC4xOjgwMDAvRW5lcmdpZS8iLCJodHRwOi8vMTI3LjAuMC4xOjgwMDAvIiwiaHR0cDovLzEyNy4wLjAuMTo4MDAwL0dlc3VuZGhlaXQvIiwiaHR0cDovLzEyNy4wLjAuMTo4MDAwLyIsImh0dHA6Ly8xMjcuMC4wLjE6ODAwMC9Lb21mb3J0LyIsImh0dHA6Ly8xMjcuMC4wLjE6ODAwMC8iLCJodHRwOi8vMTI3LjAuMC4xOjgwMDAvU2ljaGVyaGVpdC8iLCJodHRwOi8vMTI3LjAuMC4xOjgwMDAvIiwiaHR0cDovLzEyNy4wLjAuMTo4MDAwL0VuZXJnaWUvIiwiaHR0cDovLzEyNy4wLjAuMTo4MDAwL3Jlc3VsdC8iLCJodHRwOi8vMTI3LjAuMC4xOjgwMDAvRW5lcmdpZS8iLCJodHRwOi8vMTI3LjAuMC4xOjgwMDAvcmVzdWx0LyIsImh0dHA6Ly8xMjcuMC4wLjE6ODAwMC9FbmVyZ2llLyIsImh0dHA6Ly8xMjcuMC4wLjE6ODAwMC9yZXN1bHQvIiwiaHR0cDovLzEyNy4wLjAuMTo4MDAwLyIsImh0dHA6Ly8xMjcuMC4wLjE6ODAwMC9FbmVyZ2llLyIsImh0dHA6Ly8xMjcuMC4wLjE6ODAwMC9yZXN1bHQvIiwiaHR0cDovLzEyNy4wLjAuMTo4MDAwL0VuZXJnaWUvIiwiaHR0cDovLzEyNy4wLjAuMTo4MDAwL3Jlc3VsdC8iLCJodHRwOi8vMTI3LjAuMC4xOjgwMDAvIiwiaHR0cDovLzEyNy4wLjAuMTo4MDAwL0VuZXJnaWUvIiwiaHR0cDovLzEyNy4wLjAuMTo4MDAwL3Jlc3VsdC8iLCJodHRwOi8vMTI3LjAuMC4xOjgwMDAvIiwiaHR0cDovLzEyNy4wLjAuMTo4MDAwL0VuZXJnaWUvIiwiaHR0cDovLzEyNy4wLjAuMTo4MDAwL3Jlc3VsdC8iLCJodHRwOi8vMTI3LjAuMC4xOjgwMDAvYWxsX3Byb2R1Y3RzLyIsImh0dHA6Ly8xMjcuMC4wLjE6ODAwMC8iLCJodHRwOi8vMTI3LjAuMC4xOjgwMDAvRW5lcmdpZS8iLCJodHRwOi8vMTI3LjAuMC4xOjgwMDAvc2NlbmFyaW9zL2F1c3NjaGFsdGVuX2Rlcl9lbGVrdHJvZ2VyYXRlLyIsImh0dHA6Ly8xMjcuMC4wLjE6ODAwMC9wcm9kdWN0cy8yMS8iLCJodHRwOi8vMTI3LjAuMC4xOjgwMDAvc2NlbmFyaW9zL2F1c3NjaGFsdGVuX2Rlcl9lbGVrdHJvZ2VyYXRlLyIsImh0dHA6Ly8xMjcuMC4wLjE6ODAwMC9FbmVyZ2llLyIsImh0dHA6Ly8xMjcuMC4wLjE6ODAwMC8iLCJodHRwOi8vMTI3LjAuMC4xOjgwMDAvS29tZm9ydC8iLCJodHRwOi8vMTI3LjAuMC4xOjgwMDAvcmVzdWx0LyIsImh0dHA6Ly8xMjcuMC4wLjE6ODAwMC8iLCJodHRwOi8vMTI3LjAuMC4xOjgwMDAvRW5lcmdpZS8iLCJodHRwOi8vMTI3LjAuMC4xOjgwMDAvIiwiaHR0cDovLzEyNy4wLjAuMTo4MDAwL0VuZXJnaWUvIiwiaHR0cDovLzEyNy4wLjAuMTo4MDAwL3Jlc3VsdC8iLCJodHRwOi8vMTI3LjAuMC4xOjgwMDAvYWxsX3Byb2R1Y3RzLyIsImh0dHA6Ly8xMjcuMC4wLjE6ODAwMC9Lb21mb3J0LyIsImh0dHA6Ly8xMjcuMC4wLjE6ODAwMC9yZXN1bHQvIiwiaHR0cDovLzEyNy4wLjAuMTo4MDAwLyIsImh0dHA6Ly8xMjcuMC4wLjE6ODAwMC9HZXN1bmRoZWl0LyIsImh0dHA6Ly8xMjcuMC4wLjE6ODAwMC8iLCJodHRwOi8vMTI3LjAuMC4xOjgwMDAvR2VzdW5kaGVpdC8iLCJodHRwOi8vMTI3LjAuMC4xOjgwMDAvcmVzdWx0LyIsImh0dHA6Ly8xMjcuMC4wLjE6ODAwMC8iLCJodHRwOi8vMTI3LjAuMC4xOjgwMDAvRW5lcmdpZS8iLCJodHRwOi8vMTI3LjAuMC4xOjgwMDAvc2NlbmFyaW9zL2F1c3NjaGFsdGVuX2Rlcl9lbGVrdHJvZ2VyYXRlLyIsImh0dHA6Ly8xMjcuMC4wLjE6ODAwMC9wcm9kdWN0cy8yNC8iLCJodHRwOi8vMTI3LjAuMC4xOjgwMDAvc2NlbmFyaW9zL2F1c3NjaGFsdGVuX2Rlcl9lbGVrdHJvZ2VyYXRlLyIsImh0dHA6Ly8xMjcuMC4wLjE6ODAwMC9FbmVyZ2llLyIsImh0dHA6Ly8xMjcuMC4wLjE6ODAwMC9yZXN1bHQvIiwiaHR0cDovLzEyNy4wLjAuMTo4MDAwLyIsImh0dHA6Ly8xMjcuMC4wLjE6ODAwMC9FbmVyZ2llLyIsImh0dHA6Ly8xMjcuMC4wLjE6ODAwMC8iLCJodHRwOi8vMTI3LjAuMC4xOjgwMDAvR2VzdW5kaGVpdC8iLCJodHRwOi8vMTI3LjAuMC4xOjgwMDAvcmVzdWx0LyIsImh0dHA6Ly8xMjcuMC4wLjE6ODAwMC8iLCJodHRwOi8vMTI3LjAuMC4xOjgwMDAvR2VzdW5kaGVpdC8iLCJodHRwOi8vMTI3LjAuMC4xOjgwMDAvcmVzdWx0LyIsImh0dHA6Ly8xMjcuMC4wLjE6ODAwMC8iLCJodHRwOi8vMTI3LjAuMC4xOjgwMDAvRW5lcmdpZS8iLCJodHRwOi8vMTI3LjAuMC4xOjgwMDAvcmVzdWx0LyIsImh0dHA6Ly8xMjcuMC4wLjE6ODAwMC8iLCJodHRwOi8vMTI3LjAuMC4xOjgwMDAvR2VzdW5kaGVpdC8iLCJodHRwOi8vMTI3LjAuMC4xOjgwMDAvcmVzdWx0LyIsImh0dHA6Ly8xMjcuMC4wLjE6ODAwMC9HZXN1bmRoZWl0LyIsImh0dHA6Ly8xMjcuMC4wLjE6ODAwMC9yZXN1bHQvIiwiaHR0cDovLzEyNy4wLjAuMTo4MDAwL0dlc3VuZGhlaXQvIiwiaHR0cDovLzEyNy4wLjAuMTo4MDAwL3Jlc3VsdC8iLCJodHRwOi8vMTI3LjAuMC4xOjgwMDAvIiwiaHR0cDovLzEyNy4wLjAuMTo4MDAwL0tvbWZvcnQvIiwiaHR0cDovLzEyNy4wLjAuMTo4MDAwL3Jlc3VsdC8iLCJodHRwOi8vMTI3LjAuMC4xOjgwMDAvS29tZm9ydC8iLCJodHRwOi8vMTI3LjAuMC4xOjgwMDAvcmVzdWx0LyIsImh0dHA6Ly8xMjcuMC4wLjE6ODAwMC9Lb21mb3J0LyIsImh0dHA6Ly8xMjcuMC4wLjE6ODAwMC9yZXN1bHQvIiwiaHR0cDovLzEyNy4wLjAuMTo4MDAwL0tvbWZvcnQvIiwiaHR0cDovLzEyNy4wLjAuMTo4MDAwL3Jlc3VsdC8iLCJodHRwOi8vMTI3LjAuMC4xOjgwMDAvIiwiaHR0cDovLzEyNy4wLjAuMTo4MDAwL0dlc3VuZGhlaXQvIiwiaHR0cDovLzEyNy4wLjAuMTo4MDAwL3Jlc3VsdC8iLCJodHRwOi8vMTI3LjAuMC4xOjgwMDAvIiwiaHR0cDovLzEyNy4wLjAuMTo4MDAwL0VuZXJnaWUvIiwiaHR0cDovLzEyNy4wLjAuMTo4MDAwL3Jlc3VsdC8iLCJodHRwOi8vMTI3LjAuMC4xOjgwMDAvRW5lcmdpZS8iLCJodHRwOi8vMTI3LjAuMC4xOjgwMDAvIiwiaHR0cDovLzEyNy4wLjAuMTo4MDAwL0VuZXJnaWUvIl0sIl9hdXRoX3VzZXJfaWQiOiIxIiwiX2F1dGhfdXNlcl9oYXNoIjoiNTQ2MTUzYWY2NDM3ZjBmN2U4MWI3NjNlODI5MTlmNjZlNmJhNTI4MCIsIl9hdXRoX3VzZXJfYmFja2VuZCI6ImRqYW5nby5jb250cmliLmF1dGguYmFja2VuZHMuTW9kZWxCYWNrZW5kIn0=",
    "expire_date": "2016-07-27T13:21:33.134Z"
  }
},
{
  "model": "sessions.session",
  "pk": "92iums1sx77n2r4jidmfvdvn8ej5b6ma",
  "fields": {
    "session_data": "M2NhODBjMmQ2ZmI5M2JkZTE1YzgxYzU4M2U1M2JlMzY1OTRhZjEyMzp7Imhpc3RvcnkiOlsiaHR0cDovLzUyLjU5LjE4LjI1NC8iLCJodHRwOi8vNTIuNTkuMTguMjU0L0VuZXJnaWUvIiwiaHR0cDovLzUyLjU5LjE4LjI1NC8iLCJodHRwOi8vNTIuNTkuMTguMjU0L0VuZXJnaWUvIiwiaHR0cDovLzUyLjU5LjE4LjI1NC9jb250YWN0IiwiaHR0cDovLzUyLjU5LjE4LjI1NC9zY2VuYXJpb3MvYXVmd2FjaGFucmVpei8iXX0=",
    "expire_date": "2016-07-08T20:03:30.372Z"
  }
},
{
  "model": "sessions.session",
  "pk": "97vg1ux1416akm0ef0550zdpqky9n3um",
  "fields": {
    "session_data": "NTVhMWU4YmI2ZDk5MTdmOWIzYmQxZjc0NGQ1ZTZkMTQ4NTYyMjRkOTp7Imhpc3RvcnkiOlsiaHR0cDovLzEyNy4wLjAuMTo4MDAwL2FsbF9wcm9kdWN0cy8iXX0=",
    "expire_date": "2016-07-14T14:27:16.692Z"
  }
},
{
  "model": "sessions.session",
  "pk": "b3xm8ki3qu2bj1581qhqi1dsnk5nqcxe",
  "fields": {
    "session_data": "NjE3MjBhNGEwYmIwMzUyZmMyNjJmM2RiMWVhZTJlOThkMjlmNjIxZjp7Il9hdXRoX3VzZXJfaGFzaCI6IjU0NjE1M2FmNjQzN2YwZjdlODFiNzYzZTgyOTE5ZjY2ZTZiYTUyODAiLCJoaXN0b3J5IjpbImh0dHA6Ly8xMjcuMC4wLjE6ODAwMC9zY2VuYXJpb3MvYXVzc2NoYWx0ZW5fZGVyX2VsZWt0cm9nZXJhdGUvIiwiaHR0cDovLzEyNy4wLjAuMTo4MDAwL2NvbnRhY3QiLCJodHRwOi8vMTI3LjAuMC4xOjgwMDAvc2NlbmFyaW9zL2F1c3NjaGFsdGVuX2Rlcl9lbGVrdHJvZ2VyYXRlLyJdLCJfYXV0aF91c2VyX2JhY2tlbmQiOiJkamFuZ28uY29udHJpYi5hdXRoLmJhY2tlbmRzLk1vZGVsQmFja2VuZCIsIl9hdXRoX3VzZXJfaWQiOiIxIn0=",
    "expire_date": "2016-07-10T12:44:57.155Z"
  }
},
{
  "model": "sessions.session",
  "pk": "bsaaem8xagnz77xp8hyhoch8va21ph0k",
  "fields": {
    "session_data": "NDQ5YmZkMTE4Mjk2ZWJkNWNkYjQ3YmMxMzcxNjRlZmI3NGYzM2I0Mzp7Imhpc3RvcnkiOlsiaHR0cDovLzUyLjU5LjE4LjI1NC8iXX0=",
    "expire_date": "2016-07-12T23:07:54.550Z"
  }
},
{
  "model": "sessions.session",
  "pk": "cbi6g7lfl5lmmgefgt3bkbpx7mirtkme",
  "fields": {
    "session_data": "Y2Y2NjY5ZGY1OTU4MjA2ZDA2MmU4ZDEyNmM3YTNkMDQ2ZjI1MmE1Njp7Imhpc3RvcnkiOlsiaHR0cDovLzEyNy4wLjAuMTo4MDAwLyJdfQ==",
    "expire_date": "2016-07-09T16:07:04.492Z"
  }
},
{
  "model": "sessions.session",
  "pk": "dfkxyprs5msko16h3ip8z7x4xbd1h6qp",
  "fields": {
    "session_data": "M2M4ZmIzNDA0M2I0Yjg2ZWNmMTY5YjVmZjcyOWI0MTJlMGM2NWZjMDp7Imhpc3RvcnkiOlsiaHR0cDovLzEyNy4wLjAuMTo4MDAwL3NjZW5hcmlvcy9hdXNzY2hhbHRlbl9kZXJfZWxla3Ryb2dlcmF0ZS8iLCJodHRwOi8vMTI3LjAuMC4xOjgwMDAvcHJvdmlkZXIvbWllbGVfX19jaWVfX2tnIiwiaHR0cDovLzEyNy4wLjAuMTo4MDAwL3NjZW5hcmlvcy9hdXNzY2hhbHRlbl9kZXJfZWxla3Ryb2dlcmF0ZS8iLCJodHRwOi8vMTI3LjAuMC4xOjgwMDAvIl19",
    "expire_date": "2016-07-26T08:23:52.818Z"
  }
},
{
  "model": "sessions.session",
  "pk": "dm216cbuasuo5gmdipzrp67dpc44brui",
  "fields": {
    "session_data": "NzBkZDE5NjkzOGE3ODdjYjhjNzNiYzFlNGVhMDFkZWQzODVkYzc5ZTp7Imhpc3RvcnkiOlsiaHR0cDovLzEyNy4wLjAuMTo4MDAwLyIsImh0dHA6Ly8xMjcuMC4wLjE6ODAwMC9FbmVyZ2llLyIsImh0dHA6Ly8xMjcuMC4wLjE6ODAwMC9zY2VuYXJpb3MvYXVzc2NoYWx0ZW5fZGVyX2VsZWt0cm9nZXJhdGUvIiwiaHR0cDovLzEyNy4wLjAuMTo4MDAwLyIsImh0dHA6Ly8xMjcuMC4wLjE6ODAwMC9FbmVyZ2llLyIsImh0dHA6Ly8xMjcuMC4wLjE6ODAwMC9zY2VuYXJpb3MvYXVzc2NoYWx0ZW5fZGVyX2VsZWt0cm9nZXJhdGUvIiwiaHR0cDovLzEyNy4wLjAuMTo4MDAwL3Byb2R1Y3RzLzI0LyIsImh0dHA6Ly8xMjcuMC4wLjE6ODAwMC9wcm92aWRlci9taWVsZV9fX2NpZV9fa2ciXSwiX2F1dGhfdXNlcl9pZCI6IjEiLCJfYXV0aF91c2VyX2hhc2giOiI1NDYxNTNhZjY0MzdmMGY3ZTgxYjc2M2U4MjkxOWY2NmU2YmE1MjgwIiwiX2F1dGhfdXNlcl9iYWNrZW5kIjoiZGphbmdvLmNvbnRyaWIuYXV0aC5iYWNrZW5kcy5Nb2RlbEJhY2tlbmQifQ==",
    "expire_date": "2016-07-09T17:29:43.318Z"
  }
},
{
  "model": "sessions.session",
  "pk": "dmhugl89ain86rbm9yyx9evoqks3n5ju",
  "fields": {
    "session_data": "ZDBkYjIzNTEwNGZlNzkyNGE5ZTQ3YmI0MWY4MzUwNDE1ZjY0ZjM5ODp7Imhpc3RvcnkiOlsiaHR0cDovLzUyLjU5LjE4LjI1NC8iLCJodHRwOi8vNTIuNTkuMTguMjU0L3NjZW5hcmlvcy9hdWZ3YWNoYW5yZWl6LyIsImh0dHA6Ly81Mi41OS4xOC4yNTQvcHJvZHVjdHMvMTcvIl19",
    "expire_date": "2016-07-06T14:18:02.169Z"
  }
},
{
  "model": "sessions.session",
  "pk": "dqzbcx9nq5bt0je839yx9gqk216vn57e",
  "fields": {
    "session_data": "NTA4OGJlZWM3MDY3Njg4ZGZhMGJiMDA1NTMwM2E2ZjI2YjRhNWI5YTp7Imhpc3RvcnkiOlsiaHR0cDovLzEyNy4wLjAuMTo4MDAwL3Byb2R1Y3RzLzMvIl19",
    "expire_date": "2016-07-10T03:02:02.767Z"
  }
},
{
  "model": "sessions.session",
  "pk": "f600f656yprf8ib9v9xdo2d3mpa8dfqs",
  "fields": {
    "session_data": "ODcxOWE5OWI4ZmEzYjJlYmYzNmZjNTQwNmIwNDVlNGI1NDgyNTFjNzp7Imhpc3RvcnkiOlsiaHR0cDovLzUyLjU5LjE4LjI1NC8iLCJodHRwOi8vNTIuNTkuMTguMjU0L0tvbWZvcnQvIiwiaHR0cDovLzUyLjU5LjE4LjI1NC9jb250YWN0IiwiaHR0cDovLzUyLjU5LjE4LjI1NC9Lb21mb3J0LyIsImh0dHA6Ly81Mi41OS4xOC4yNTQvc2NlbmFyaW9zL2tpbmRlcnNjaHV0ei8iLCJodHRwOi8vNTIuNTkuMTguMjU0L0tvbWZvcnQvIiwiaHR0cDovLzUyLjU5LjE4LjI1NC9zY2VuYXJpb3MvYXV0b21hdGlzY2hlX2xpY2h0c3RldWVydW5nLyIsImh0dHA6Ly81Mi41OS4xOC4yNTQvcHJvdmlkZXIvcGhpbGlwcyIsImh0dHA6Ly81Mi41OS4xOC4yNTQvIiwiaHR0cDovLzUyLjU5LjE4LjI1NC9HZXN1bmRoZWl0LyIsImh0dHA6Ly81Mi41OS4xOC4yNTQvIiwiaHR0cDovLzUyLjU5LjE4LjI1NC9HZXN1bmRoZWl0LyIsImh0dHA6Ly81Mi41OS4xOC4yNTQvc2NlbmFyaW9zL2F1ZndhY2hhbnJlaXovIiwiaHR0cDovLzUyLjU5LjE4LjI1NC9wcm92aWRlci9qdW5nIiwiaHR0cDovLzUyLjU5LjE4LjI1NC8iLCJodHRwOi8vNTIuNTkuMTguMjU0L0dlc3VuZGhlaXQvIiwiaHR0cDovLzUyLjU5LjE4LjI1NC8iLCJodHRwOi8vNTIuNTkuMTguMjU0L0VuZXJnaWUvIiwiaHR0cDovLzUyLjU5LjE4LjI1NC8iLCJodHRwOi8vNTIuNTkuMTguMjU0L0dlc3VuZGhlaXQvIiwiaHR0cDovLzUyLjU5LjE4LjI1NC8iLCJodHRwOi8vNTIuNTkuMTguMjU0L0dlc3VuZGhlaXQvIl19",
    "expire_date": "2016-07-14T11:39:37.514Z"
  }
},
{
  "model": "sessions.session",
  "pk": "fp8unll5ma56ya28bsxnbf1i05mwshui",
  "fields": {
    "session_data": "OWFhNGM3OTI4MWJjMmE3YWYwZTk2ZjI4MWY0OGQzMmE2Y2FiOGYwOTp7Imhpc3RvcnkiOlsiaHR0cDovLzUyLjU5LjE4LjI1NC9zY2VuYXJpb3MvYXVmd2FjaGFucmVpei8iLCJodHRwOi8vNTIuNTkuMTguMjU0L3Byb2R1Y3RzLzE3LyJdfQ==",
    "expire_date": "2016-07-08T10:17:53.458Z"
  }
},
{
  "model": "sessions.session",
  "pk": "fwf3potzpnwbtnz48edvcmhxd3mh2ip3",
  "fields": {
    "session_data": "YTI3OTQxYzMwODBjZDNhNDI2ZDYwNDQ3NjliMjYzMjgwZmE0ZTAzNTp7Imhpc3RvcnkiOlsiaHR0cDovLzEyNy4wLjAuMTo4MDAwL2NvbnRhY3QiLCJodHRwOi8vMTI3LjAuMC4xOjgwMDAvIl19",
    "expire_date": "2016-07-09T15:41:05.817Z"
  }
},
{
  "model": "sessions.session",
  "pk": "h57417qhivmx82908tgrohug0k3alo94",
  "fields": {
    "session_data": "ZTYxYTg4NzlhOGYzMDVhYzU1NmJiOTY3YzUwNmZiYTA4NTllZGE2NDp7Imhpc3RvcnkiOlsiaHR0cDovLzUyLjU5LjE4LjI1NC8iLCJodHRwOi8vNTIuNTkuMTguMjU0L0tvbWZvcnQvIiwiaHR0cDovLzUyLjU5LjE4LjI1NC9FbmVyZ2llLyJdfQ==",
    "expire_date": "2016-07-07T06:55:36.598Z"
  }
},
{
  "model": "sessions.session",
  "pk": "h8l3vgbcutnm2vjb4iwqmddjkbxkmwcl",
  "fields": {
    "session_data": "Y2UzYzhmM2JhMWQ0ODMyMzExYjEzOWU3ODdkMTUzMzNmMjhmNjAyYzp7Imhpc3RvcnkiOlsiaHR0cDovL2xvY2FsaG9zdDo4MDAwLyIsImh0dHA6Ly9sb2NhbGhvc3Q6ODAwMC9hbGxfcHJvZHVjdHMvIiwiaHR0cDovL2xvY2FsaG9zdDo4MDAwLyIsImh0dHA6Ly9sb2NhbGhvc3Q6ODAwMC9zY2VuYXJpb3MvYXVmd2FjaGFucmVpei8iLCJodHRwOi8vbG9jYWxob3N0OjgwMDAvYWxsX3Byb2R1Y3RzLyIsImh0dHA6Ly9sb2NhbGhvc3Q6ODAwMC8iLCJodHRwOi8vbG9jYWxob3N0OjgwMDAvRW5lcmdpZS8iLCJodHRwOi8vbG9jYWxob3N0OjgwMDAvYWxsX3Byb2R1Y3RzLyIsImh0dHA6Ly9sb2NhbGhvc3Q6ODAwMC9FbmVyZ2llLyIsImh0dHA6Ly9sb2NhbGhvc3Q6ODAwMC9hbGxfcHJvZHVjdHMvIiwiaHR0cDovL2xvY2FsaG9zdDo4MDAwL0VuZXJnaWUvIiwiaHR0cDovL2xvY2FsaG9zdDo4MDAwL2FsbF9wcm9kdWN0cy8iLCJodHRwOi8vbG9jYWxob3N0OjgwMDAvc2NlbmFyaW9zL2ludGVsbGlnZW50ZV93YXJtZXN0ZXVlcnVuZy8iLCJodHRwOi8vbG9jYWxob3N0OjgwMDAvRW5lcmdpZS8iLCJodHRwOi8vbG9jYWxob3N0OjgwMDAvYWxsX3Byb2R1Y3RzLyIsImh0dHA6Ly9sb2NhbGhvc3Q6ODAwMC9zY2VuYXJpb3MvYXVzc2NoYWx0ZW5fZGVyX2VsZWt0cm9nZXJhdGUvIiwiaHR0cDovL2xvY2FsaG9zdDo4MDAwL0VuZXJnaWUvIiwiaHR0cDovL2xvY2FsaG9zdDo4MDAwL3NjZW5hcmlvcy9lbmVyZ2lldmVyYnJhdWNoX2F1ZnplaWdlbi8iLCJodHRwOi8vbG9jYWxob3N0OjgwMDAvYWxsX3Byb2R1Y3RzLyIsImh0dHA6Ly9sb2NhbGhvc3Q6ODAwMC9zY2VuYXJpb3MvZW5lcmdpZXZlcmJyYXVjaF9hdWZ6ZWlnZW4vIiwiaHR0cDovL2xvY2FsaG9zdDo4MDAwL2FsbF9wcm9kdWN0cy8iLCJodHRwOi8vbG9jYWxob3N0OjgwMDAvc2NlbmFyaW9zL2VuZXJnaWV2ZXJicmF1Y2hfYXVmemVpZ2VuLyIsImh0dHA6Ly9sb2NhbGhvc3Q6ODAwMC9hbGxfcHJvZHVjdHMvIiwiaHR0cDovL2xvY2FsaG9zdDo4MDAwL0VuZXJnaWUvIiwiaHR0cDovL2xvY2FsaG9zdDo4MDAwL2NvbnRhY3QiLCJodHRwOi8vbG9jYWxob3N0OjgwMDAvYWxsX3Byb2R1Y3RzLyIsImh0dHA6Ly9sb2NhbGhvc3Q6ODAwMC8iLCJodHRwOi8vbG9jYWxob3N0OjgwMDAvRW5lcmdpZS8iLCJodHRwOi8vbG9jYWxob3N0OjgwMDAvc2NlbmFyaW9zL2F1c3NjaGFsdGVuX2Rlcl9lbGVrdHJvZ2VyYXRlLyIsImh0dHA6Ly9sb2NhbGhvc3Q6ODAwMC9wcm92aWRlci9taWVsZV9fX2NpZV9fa2ciLCJodHRwOi8vbG9jYWxob3N0OjgwMDAvYWxsX3Byb2R1Y3RzLyJdfQ==",
    "expire_date": "2016-07-26T09:13:23.723Z"
  }
},
{
  "model": "sessions.session",
  "pk": "hem3mshsulf6c3411mqk904k5n860zcy",
  "fields": {
    "session_data": "NGM4NzE0NGNmMjRkY2U3OTEzZGU3NjkxYmE5NzI4YTU0MzRhZjZmYjp7Imhpc3RvcnkiOltudWxsXX0=",
    "expire_date": "2016-07-09T15:55:42.191Z"
  }
},
{
  "model": "sessions.session",
  "pk": "jk3c8ag4m31nf0asjce4frhsxcfkbjmh",
  "fields": {
    "session_data": "YmYzNzQ0MzFhMmM0MWM2ZjQ4OTliNGRjYjU4YzA4MWQzM2NlOTZkNjp7Imhpc3RvcnkiOlsiaHR0cDovLzEyNy4wLjAuMTo4MDAwL3Byb2R1Y3RzLzMzLyJdfQ==",
    "expire_date": "2016-07-09T22:17:26.989Z"
  }
},
{
  "model": "sessions.session",
  "pk": "jpq8dhquybazn5kknqhsr5y2yeqaz370",
  "fields": {
    "session_data": "NDQ5YmZkMTE4Mjk2ZWJkNWNkYjQ3YmMxMzcxNjRlZmI3NGYzM2I0Mzp7Imhpc3RvcnkiOlsiaHR0cDovLzUyLjU5LjE4LjI1NC8iXX0=",
    "expire_date": "2016-07-06T14:07:41.717Z"
  }
},
{
  "model": "sessions.session",
  "pk": "kb5fn0omnx4op7nkf2j0o7u1x41y9i3m",
  "fields": {
    "session_data": "MjgwZjk1Nzk1NDljMDhjYWUyMmMwNDQ4M2MxNzE0ODViNGZiYWVjMTp7Imhpc3RvcnkiOlsiaHR0cDovLzUyLjU5LjE4LjI1NC8iLCJodHRwOi8vNTIuNTkuMTguMjU0L0dlc3VuZGhlaXQvIiwiaHR0cDovLzUyLjU5LjE4LjI1NC9TaWNoZXJoZWl0LyIsImh0dHA6Ly81Mi41OS4xOC4yNTQvIiwiaHR0cDovLzUyLjU5LjE4LjI1NC9zY2VuYXJpb3MvYXVmd2FjaGFucmVpei8iXX0=",
    "expire_date": "2016-07-08T14:15:48.554Z"
  }
},
{
  "model": "sessions.session",
  "pk": "l50jrj8szk3ic060t1efmvv3o3r7r26a",
  "fields": {
    "session_data": "MjdjZGE2Yzc4NWU3NDE2ZWFiYjdlY2U5MjkwZjBmMmY2ZGYxNjUzZTp7Imhpc3RvcnkiOlsiaHR0cDovLzUyLjU5LjE4LjI1NC8iLCJodHRwOi8vNTIuNTkuMTguMjU0L0dlc3VuZGhlaXQvIiwiaHR0cDovLzUyLjU5LjE4LjI1NC9FbmVyZ2llLyIsImh0dHA6Ly81Mi41OS4xOC4yNTQvIl19",
    "expire_date": "2016-07-17T08:27:27.601Z"
  }
},
{
  "model": "sessions.session",
  "pk": "lfsfp519tag7coyo6rwd8ryptpuill2w",
  "fields": {
    "session_data": "OTY5YzI1YzRlOWQxZTM4ZjUxZTRmM2M3Y2Y3ZGFmZDQwMTNlMmU1MDp7Il9hdXRoX3VzZXJfaWQiOiIxIiwiX2F1dGhfdXNlcl9oYXNoIjoiNTQ2MTUzYWY2NDM3ZjBmN2U4MWI3NjNlODI5MTlmNjZlNmJhNTI4MCIsImhpc3RvcnkiOlsiaHR0cDovLzUyLjU5LjE4LjI1NC8iXSwiX2F1dGhfdXNlcl9iYWNrZW5kIjoiZGphbmdvLmNvbnRyaWIuYXV0aC5iYWNrZW5kcy5Nb2RlbEJhY2tlbmQifQ==",
    "expire_date": "2016-07-19T18:07:17.038Z"
  }
},
{
  "model": "sessions.session",
  "pk": "meb0p501alc1yjp5dpzs77xevrwauswf",
  "fields": {
    "session_data": "NDQ5YmZkMTE4Mjk2ZWJkNWNkYjQ3YmMxMzcxNjRlZmI3NGYzM2I0Mzp7Imhpc3RvcnkiOlsiaHR0cDovLzUyLjU5LjE4LjI1NC8iXX0=",
    "expire_date": "2016-07-16T18:22:23.522Z"
  }
},
{
  "model": "sessions.session",
  "pk": "n57dd0t9qow9tdyu0knqfq7tceclebpx",
  "fields": {
    "session_data": "NTVhMWU4YmI2ZDk5MTdmOWIzYmQxZjc0NGQ1ZTZkMTQ4NTYyMjRkOTp7Imhpc3RvcnkiOlsiaHR0cDovLzEyNy4wLjAuMTo4MDAwL2FsbF9wcm9kdWN0cy8iXX0=",
    "expire_date": "2016-07-14T14:29:43.580Z"
  }
},
{
  "model": "sessions.session",
  "pk": "n5axjwkqzvuya933zpl8nkd2cphyobtb",
  "fields": {
    "session_data": "MGJiN2NjZDA3NDk4OTJiYmMzNmNlMWYwN2Q3NjY5MTUwNGQ2NGJmNDp7Il9hdXRoX3VzZXJfaWQiOiIxIiwiX2F1dGhfdXNlcl9oYXNoIjoiNTQ2MTUzYWY2NDM3ZjBmN2U4MWI3NjNlODI5MTlmNjZlNmJhNTI4MCIsImhpc3RvcnkiOlsiaHR0cDovLzUyLjU5LjE4LjI1NC8iLCJodHRwOi8vNTIuNTkuMTguMjU0L3NjZW5hcmlvcy9hdWZ6ZWljaG51bmdfZGVzX2FrdGl2aXRhdHNncmFkcy8iLCJodHRwOi8vNTIuNTkuMTguMjU0LyIsImh0dHA6Ly81Mi41OS4xOC4yNTQvc2NlbmFyaW9zL2F1ZnplaWNobnVuZ19kZXNfYWt0aXZpdGF0c2dyYWRzLyIsImh0dHA6Ly81Mi41OS4xOC4yNTQvIiwiaHR0cDovLzUyLjU5LjE4LjI1NC9zY2VuYXJpb3MvYXVmemVpY2hudW5nX2Rlc19ha3Rpdml0YXRzZ3JhZHMvIiwiaHR0cDovLzUyLjU5LjE4LjI1NC9wcm92aWRlci90aGVybW9rb25fc2Vuc29ydGVjaG5pa19nbWJoIiwiaHR0cDovLzUyLjU5LjE4LjI1NC9zY2VuYXJpb3MvYXVmemVpY2hudW5nX2Rlc19ha3Rpdml0YXRzZ3JhZHMvIiwiaHR0cDovLzUyLjU5LjE4LjI1NC9wcm92aWRlci90aGVybW9rb25fc2Vuc29ydGVjaG5pa19nbWJoIiwiaHR0cDovLzUyLjU5LjE4LjI1NC9zY2VuYXJpb3MvaW50ZWxsaWdlbnRlX3dhcm1lc3RldWVydW5nLyIsImh0dHA6Ly81Mi41OS4xOC4yNTQvcHJvdmlkZXIvdGhlcm1va29uX3NlbnNvcnRlY2huaWtfZ21iaCIsImh0dHA6Ly81Mi41OS4xOC4yNTQvc2NlbmFyaW9zL2ludGVsbGlnZW50ZV93YXJtZXN0ZXVlcnVuZy8iLCJodHRwOi8vNTIuNTkuMTguMjU0LyIsImh0dHA6Ly81Mi41OS4xOC4yNTQvc2NlbmFyaW9zLyIsImh0dHA6Ly81Mi41OS4xOC4yNTQvc2NlbmFyaW9zL2ludGVsbGlnZW50ZV93YXJtZXN0ZXVlcnVuZy8iLCJodHRwOi8vNTIuNTkuMTguMjU0L3NjZW5hcmlvcy8iLCJodHRwOi8vNTIuNTkuMTguMjU0LyIsImh0dHA6Ly81Mi41OS4xOC4yNTQvRW5lcmdpZS8iLCJodHRwOi8vNTIuNTkuMTguMjU0LyIsImh0dHA6Ly81Mi41OS4xOC4yNTQvRW5lcmdpZS8iLCJodHRwOi8vNTIuNTkuMTguMjU0L2NvbnRhY3QiLCJodHRwOi8vNTIuNTkuMTguMjU0LyIsImh0dHA6Ly81Mi41OS4xOC4yNTQvRW5lcmdpZS8iLCJodHRwOi8vNTIuNTkuMTguMjU0L2FsbF9wcm9kdWN0cy8iLCJodHRwOi8vNTIuNTkuMTguMjU0LyIsImh0dHA6Ly81Mi41OS4xOC4yNTQvRW5lcmdpZS8iLCJodHRwOi8vNTIuNTkuMTguMjU0L3NjZW5hcmlvcy9hdXNzY2hhbHRlbl9kZXJfZWxla3Ryb2dlcmF0ZS8iLCJodHRwOi8vNTIuNTkuMTguMjU0LyIsImh0dHA6Ly81Mi41OS4xOC4yNTQvRW5lcmdpZS8iLCJodHRwOi8vNTIuNTkuMTguMjU0L2NvbnRhY3QiLCJodHRwOi8vNTIuNTkuMTguMjU0L0VuZXJnaWUvIiwiaHR0cDovLzUyLjU5LjE4LjI1NC8iLCJodHRwOi8vNTIuNTkuMTguMjU0L0VuZXJnaWUvIiwiaHR0cDovLzUyLjU5LjE4LjI1NC8iLCJodHRwOi8vNTIuNTkuMTguMjU0L0VuZXJnaWUvIiwiaHR0cDovLzUyLjU5LjE4LjI1NC8iLCJodHRwOi8vNTIuNTkuMTguMjU0L0VuZXJnaWUvIiwiaHR0cDovLzUyLjU5LjE4LjI1NC8iLCJodHRwOi8vNTIuNTkuMTguMjU0L0VuZXJnaWUvIiwiaHR0cDovLzUyLjU5LjE4LjI1NC9zY2VuYXJpb3MvYXVzc2NoYWx0ZW5fZGVyX2VsZWt0cm9nZXJhdGUvIiwiaHR0cDovLzUyLjU5LjE4LjI1NC8iLCJodHRwOi8vNTIuNTkuMTguMjU0L0VuZXJnaWUvIiwiaHR0cDovLzUyLjU5LjE4LjI1NC8iLCJodHRwOi8vNTIuNTkuMTguMjU0L0VuZXJnaWUvIiwiaHR0cDovLzUyLjU5LjE4LjI1NC9zY2VuYXJpb3MvYXVzc2NoYWx0ZW5fZGVyX2VsZWt0cm9nZXJhdGUvIiwiaHR0cDovLzUyLjU5LjE4LjI1NC9FbmVyZ2llLyIsImh0dHA6Ly81Mi41OS4xOC4yNTQvIiwiaHR0cDovLzUyLjU5LjE4LjI1NC9FbmVyZ2llLyIsImh0dHA6Ly81Mi41OS4xOC4yNTQvc2NlbmFyaW9zL2F1c3NjaGFsdGVuX2Rlcl9lbGVrdHJvZ2VyYXRlLyIsImh0dHA6Ly81Mi41OS4xOC4yNTQvIiwiaHR0cDovLzUyLjU5LjE4LjI1NC9FbmVyZ2llLyIsImh0dHA6Ly81Mi41OS4xOC4yNTQvIiwiaHR0cDovLzUyLjU5LjE4LjI1NC9HZXN1bmRoZWl0LyIsImh0dHA6Ly81Mi41OS4xOC4yNTQvIiwiaHR0cDovLzUyLjU5LjE4LjI1NC9FbmVyZ2llLyIsImh0dHA6Ly81Mi41OS4xOC4yNTQvIiwiaHR0cDovLzUyLjU5LjE4LjI1NC9FbmVyZ2llLyIsImh0dHA6Ly81Mi41OS4xOC4yNTQvIiwiaHR0cDovLzUyLjU5LjE4LjI1NC9FbmVyZ2llLyIsImh0dHA6Ly81Mi41OS4xOC4yNTQvIiwiaHR0cDovLzUyLjU5LjE4LjI1NC9FbmVyZ2llLyIsImh0dHA6Ly81Mi41OS4xOC4yNTQvY29udGFjdCIsImh0dHA6Ly81Mi41OS4xOC4yNTQvRW5lcmdpZS8iLCJodHRwOi8vNTIuNTkuMTguMjU0LyIsImh0dHA6Ly81Mi41OS4xOC4yNTQvRW5lcmdpZS8iLCJodHRwOi8vNTIuNTkuMTguMjU0LyIsImh0dHA6Ly81Mi41OS4xOC4yNTQvR2VzdW5kaGVpdC8iLCJodHRwOi8vNTIuNTkuMTguMjU0L0VuZXJnaWUvIiwiaHR0cDovLzUyLjU5LjE4LjI1NC9HZXN1bmRoZWl0LyIsImh0dHA6Ly81Mi41OS4xOC4yNTQvIiwiaHR0cDovLzUyLjU5LjE4LjI1NC9FbmVyZ2llLyIsImh0dHA6Ly81Mi41OS4xOC4yNTQvIiwiaHR0cDovLzUyLjU5LjE4LjI1NC9FbmVyZ2llLyJdLCJfYXV0aF91c2VyX2JhY2tlbmQiOiJkamFuZ28uY29udHJpYi5hdXRoLmJhY2tlbmRzLk1vZGVsQmFja2VuZCJ9",
    "expire_date": "2016-07-25T09:57:27.989Z"
  }
},
{
  "model": "sessions.session",
  "pk": "n9g9xmfaedjwcwybmtndt22ygzmmx2rt",
  "fields": {
    "session_data": "ZmNhNTliZTgwZjU0MmM2ODUzNjJkN2M0M2RmZGMwYWM2M2JmOTdlYzp7Imhpc3RvcnkiOlsiaHR0cDovLzEyNy4wLjAuMTo4MDAwL3Byb2R1Y3RzLzgvIl19",
    "expire_date": "2016-07-11T14:52:09.340Z"
  }
},
{
  "model": "sessions.session",
  "pk": "o46opqqmyiqf4biaoh30vgw3jdyv936n",
  "fields": {
    "session_data": "NDQ5YmZkMTE4Mjk2ZWJkNWNkYjQ3YmMxMzcxNjRlZmI3NGYzM2I0Mzp7Imhpc3RvcnkiOlsiaHR0cDovLzUyLjU5LjE4LjI1NC8iXX0=",
    "expire_date": "2016-07-07T14:50:00.642Z"
  }
},
{
  "model": "sessions.session",
  "pk": "ogwef5xhlx00bqskjld895s3n41eyuhn",
  "fields": {
    "session_data": "NDQ5YmZkMTE4Mjk2ZWJkNWNkYjQ3YmMxMzcxNjRlZmI3NGYzM2I0Mzp7Imhpc3RvcnkiOlsiaHR0cDovLzUyLjU5LjE4LjI1NC8iXX0=",
    "expire_date": "2016-07-08T17:49:46.510Z"
  }
},
{
  "model": "sessions.session",
  "pk": "ou4rsgeqxnss1zke3ezdf7xqh8qwjyhy",
  "fields": {
    "session_data": "OGFkN2YzMzk3OTI2ZGRhMWE3YWNkMmMyYzRiNTkzYjQ5NThiNDgxNzp7Imhpc3RvcnkiOlsiaHR0cDovLzUyLjU5LjE4LjI1NC8iLCJodHRwOi8vNTIuNTkuMTguMjU0L0dlc3VuZGhlaXQvIiwiaHR0cDovLzUyLjU5LjE4LjI1NC9zY2VuYXJpb3MvYXVmd2FjaGFucmVpei8iLCJodHRwOi8vNTIuNTkuMTguMjU0L3NjZW5hcmlvcy9hdWZ6ZWljaG51bmdfZGVzX2FrdGl2aXRhdHNncmFkcy8iLCJodHRwOi8vNTIuNTkuMTguMjU0L3NjZW5hcmlvcy9hdWZ6ZWljaG51bmdfdm9uX3ZpdGFsZGF0ZW4vIl19",
    "expire_date": "2016-07-07T14:27:46.162Z"
  }
},
{
  "model": "sessions.session",
  "pk": "qht2spe00j6r3l4rs1h302vozcy1i440",
  "fields": {
    "session_data": "NTliMDk1MDYzZDVkMWU0MzU0NTllNmY0MjczOTI0MDY4Y2ViZWMxODp7Il9hdXRoX3VzZXJfaWQiOiIxIiwiaGlzdG9yeSI6WyJodHRwOi8vbG9jYWxob3N0OjgwMDAvIiwiaHR0cDovL2xvY2FsaG9zdDo4MDAwL0VuZXJnaWUvIiwiaHR0cDovL2xvY2FsaG9zdDo4MDAwL3NjZW5hcmlvcy9lbmVyZ2lldmVyYnJhdWNoX2F1ZnplaWdlbi8iLCJodHRwOi8vbG9jYWxob3N0OjgwMDAvcHJvdmlkZXIvanVuZyIsImh0dHA6Ly9sb2NhbGhvc3Q6ODAwMC9wcm9kdWN0cy8xOS8iLCJodHRwOi8vbG9jYWxob3N0OjgwMDAvcHJvdmlkZXIvanVuZyIsImh0dHA6Ly9sb2NhbGhvc3Q6ODAwMC9wcm9kdWN0cy83LyIsImh0dHA6Ly9sb2NhbGhvc3Q6ODAwMC8iLCJodHRwOi8vbG9jYWxob3N0OjgwMDAvRW5lcmdpZS8iLCJodHRwOi8vbG9jYWxob3N0OjgwMDAvIiwiaHR0cDovL2xvY2FsaG9zdDo4MDAwL0dlc3VuZGhlaXQvIiwiaHR0cDovL2xvY2FsaG9zdDo4MDAwLyIsImh0dHA6Ly9sb2NhbGhvc3Q6ODAwMC9HZXN1bmRoZWl0LyIsImh0dHA6Ly9sb2NhbGhvc3Q6ODAwMC9zY2VuYXJpb3MvYXVmd2FjaGFucmVpei8iLCJodHRwOi8vbG9jYWxob3N0OjgwMDAvcHJvdmlkZXIvanVuZyIsImh0dHA6Ly9sb2NhbGhvc3Q6ODAwMC8iLCJodHRwOi8vbG9jYWxob3N0OjgwMDAvRW5lcmdpZS8iLCJodHRwOi8vbG9jYWxob3N0OjgwMDAvc2NlbmFyaW9zL2F1c3NjaGFsdGVuX2Rlcl9lbGVrdHJvZ2VyYXRlLyIsImh0dHA6Ly9sb2NhbGhvc3Q6ODAwMC8iLCJodHRwOi8vbG9jYWxob3N0OjgwMDAvR2VzdW5kaGVpdC8iLCJodHRwOi8vbG9jYWxob3N0OjgwMDAvcHJvdmlkZXIvanVuZyIsImh0dHA6Ly9sb2NhbGhvc3Q6ODAwMC8iLCJodHRwOi8vbG9jYWxob3N0OjgwMDAvS29tZm9ydC8iLCJodHRwOi8vbG9jYWxob3N0OjgwMDAvc2NlbmFyaW9zL2F1dG9tYXRpc2NoZV9saWNodHN0ZXVlcnVuZy8iLCJodHRwOi8vbG9jYWxob3N0OjgwMDAvcHJvdmlkZXIvcGhpbGlwcyIsImh0dHA6Ly9sb2NhbGhvc3Q6ODAwMC8iLCJodHRwOi8vbG9jYWxob3N0OjgwMDAvRW5lcmdpZS8iLCJodHRwOi8vbG9jYWxob3N0OjgwMDAvYWxsX3Byb2R1Y3RzLyIsImh0dHA6Ly9sb2NhbGhvc3Q6ODAwMC8iLCJodHRwOi8vbG9jYWxob3N0OjgwMDAvR2VzdW5kaGVpdC8iLCJodHRwOi8vbG9jYWxob3N0OjgwMDAvIiwiaHR0cDovL2xvY2FsaG9zdDo4MDAwL2NvbnRhY3QiLCJodHRwOi8vbG9jYWxob3N0OjgwMDAvIiwiaHR0cDovL2xvY2FsaG9zdDo4MDAwL0dlc3VuZGhlaXQvIiwiaHR0cDovL2xvY2FsaG9zdDo4MDAwL2NvbnRhY3QiLCJodHRwOi8vbG9jYWxob3N0OjgwMDAvR2VzdW5kaGVpdC8iLCJodHRwOi8vbG9jYWxob3N0OjgwMDAvc2NlbmFyaW9zL2F1ZndhY2hhbnJlaXovIiwiaHR0cDovL2xvY2FsaG9zdDo4MDAwL2NvbnRhY3QiLCJodHRwOi8vbG9jYWxob3N0OjgwMDAvc2NlbmFyaW9zL2F1ZndhY2hhbnJlaXovIiwiaHR0cDovL2xvY2FsaG9zdDo4MDAwL3Byb3ZpZGVyL2p1bmciLCJodHRwOi8vbG9jYWxob3N0OjgwMDAvc2NlbmFyaW9zL2F1ZndhY2hhbnJlaXovIiwiaHR0cDovL2xvY2FsaG9zdDo4MDAwL3Byb3ZpZGVyL2p1bmciLCJodHRwOi8vbG9jYWxob3N0OjgwMDAvc2NlbmFyaW9zL2F1ZndhY2hhbnJlaXovIiwiaHR0cDovL2xvY2FsaG9zdDo4MDAwL3Byb3ZpZGVyL2p1bmciLCJodHRwOi8vbG9jYWxob3N0OjgwMDAvIiwiaHR0cDovL2xvY2FsaG9zdDo4MDAwL0dlc3VuZGhlaXQvIiwiaHR0cDovL2xvY2FsaG9zdDo4MDAwL3NjZW5hcmlvcy9hdWZ3YWNoYW5yZWl6LyIsImh0dHA6Ly9sb2NhbGhvc3Q6ODAwMC8iLCJodHRwOi8vbG9jYWxob3N0OjgwMDAvR2VzdW5kaGVpdC8iLCJodHRwOi8vbG9jYWxob3N0OjgwMDAvc2NlbmFyaW9zL2F1ZndhY2hhbnJlaXovIiwiaHR0cDovL2xvY2FsaG9zdDo4MDAwLyIsImh0dHA6Ly9sb2NhbGhvc3Q6ODAwMC9FbmVyZ2llLyIsImh0dHA6Ly9sb2NhbGhvc3Q6ODAwMC9zY2VuYXJpb3MvZW5lcmdpZXZlcmJyYXVjaF9hdWZ6ZWlnZW4vIiwiaHR0cDovL2xvY2FsaG9zdDo4MDAwLyIsImh0dHA6Ly9sb2NhbGhvc3Q6ODAwMC9Lb21mb3J0LyIsImh0dHA6Ly9sb2NhbGhvc3Q6ODAwMC9zY2VuYXJpb3MvYXVzc2NoYWx0ZW5fZGVyX2VsZWt0cm9nZXJhdGUvIiwiaHR0cDovL2xvY2FsaG9zdDo4MDAwL3Byb2R1Y3RzLzI0LyIsImh0dHA6Ly9sb2NhbGhvc3Q6ODAwMC8iLCJodHRwOi8vbG9jYWxob3N0OjgwMDAvRW5lcmdpZS8iLCJodHRwOi8vbG9jYWxob3N0OjgwMDAvIiwiaHR0cDovL2xvY2FsaG9zdDo4MDAwL0dlc3VuZGhlaXQvIiwiaHR0cDovL2xvY2FsaG9zdDo4MDAwLyIsImh0dHA6Ly9sb2NhbGhvc3Q6ODAwMC9FbmVyZ2llLyIsImh0dHA6Ly9sb2NhbGhvc3Q6ODAwMC8iLCJodHRwOi8vbG9jYWxob3N0OjgwMDAvRW5lcmdpZS8iLCJodHRwOi8vbG9jYWxob3N0OjgwMDAvIiwiaHR0cDovL2xvY2FsaG9zdDo4MDAwL0dlc3VuZGhlaXQvIiwiaHR0cDovL2xvY2FsaG9zdDo4MDAwLyIsImh0dHA6Ly9sb2NhbGhvc3Q6ODAwMC9HZXN1bmRoZWl0LyIsImh0dHA6Ly9sb2NhbGhvc3Q6ODAwMC9zY2VuYXJpb3Mvc2NobGFmYW5yZWl6LyIsImh0dHA6Ly9sb2NhbGhvc3Q6ODAwMC9wcm92aWRlci9qdW5nIiwiaHR0cDovL2xvY2FsaG9zdDo4MDAwL3Byb2R1Y3RzLzMvIiwiaHR0cDovL2xvY2FsaG9zdDo4MDAwL3Byb3ZpZGVyL2p1bmciLCJodHRwOi8vbG9jYWxob3N0OjgwMDAvc2NlbmFyaW9zL2F1dG9tYXRpc2NoZV9yb2xsYWRlbnN0ZXVlcnVuZy8iLCJodHRwOi8vbG9jYWxob3N0OjgwMDAvcHJvdmlkZXIvanVuZyIsImh0dHA6Ly9sb2NhbGhvc3Q6ODAwMC9wcm9kdWN0cy83LyIsImh0dHA6Ly9sb2NhbGhvc3Q6ODAwMC9jb250YWN0IiwiaHR0cDovL2xvY2FsaG9zdDo4MDAwLyIsImh0dHA6Ly9sb2NhbGhvc3Q6ODAwMC9HZXN1bmRoZWl0LyIsImh0dHA6Ly9sb2NhbGhvc3Q6ODAwMC8iLCJodHRwOi8vbG9jYWxob3N0OjgwMDAvRW5lcmdpZS8iLCJodHRwOi8vbG9jYWxob3N0OjgwMDAvY29udGFjdCIsImh0dHA6Ly9sb2NhbGhvc3Q6ODAwMC8iLCJodHRwOi8vbG9jYWxob3N0OjgwMDAvRW5lcmdpZS8iLCJodHRwOi8vbG9jYWxob3N0OjgwMDAvY2FsY3VsYXRlLyIsImh0dHA6Ly9sb2NhbGhvc3Q6ODAwMC8iLCJodHRwOi8vbG9jYWxob3N0OjgwMDAvRW5lcmdpZS8iLCJodHRwOi8vbG9jYWxob3N0OjgwMDAvY2FsY3VsYXRlLyIsImh0dHA6Ly9sb2NhbGhvc3Q6ODAwMC8iLCJodHRwOi8vbG9jYWxob3N0OjgwMDAvRW5lcmdpZS8iLCJodHRwOi8vbG9jYWxob3N0OjgwMDAvc2NlbmFyaW9zL2VuZXJnaWV2ZXJicmF1Y2hfYXVmemVpZ2VuLyIsImh0dHA6Ly9sb2NhbGhvc3Q6ODAwMC9wcm9kdWN0cy81LyIsImh0dHA6Ly9sb2NhbGhvc3Q6ODAwMC9wcm92aWRlci9maWJhcm8iLCJodHRwOi8vbG9jYWxob3N0OjgwMDAvc2NlbmFyaW9zL2Jlc3VjaC8iLCJodHRwOi8vbG9jYWxob3N0OjgwMDAvcHJvZHVjdHMvNS8iLCJodHRwOi8vbG9jYWxob3N0OjgwMDAvc2NlbmFyaW9zL2Jlc3VjaC8iLCJodHRwOi8vbG9jYWxob3N0OjgwMDAvcHJvZHVjdHMvNS8iLCJodHRwOi8vbG9jYWxob3N0OjgwMDAvc2NlbmFyaW9zL2Jlc3VjaC8iLCJodHRwOi8vbG9jYWxob3N0OjgwMDAvcHJvZHVjdHMvNS8iLCJodHRwOi8vbG9jYWxob3N0OjgwMDAvIiwiaHR0cDovL2xvY2FsaG9zdDo4MDAwL0VuZXJnaWUvIiwiaHR0cDovL2xvY2FsaG9zdDo4MDAwL3NjZW5hcmlvcy9lbmVyZ2lldmVyYnJhdWNoX2F1ZnplaWdlbi8iLCJodHRwOi8vbG9jYWxob3N0OjgwMDAvIiwiaHR0cDovL2xvY2FsaG9zdDo4MDAwL0VuZXJnaWUvIiwiaHR0cDovL2xvY2FsaG9zdDo4MDAwLyIsImh0dHA6Ly9sb2NhbGhvc3Q6ODAwMC9FbmVyZ2llLyIsImh0dHA6Ly9sb2NhbGhvc3Q6ODAwMC9hbGxfcHJvZHVjdHMvIiwiaHR0cDovL2xvY2FsaG9zdDo4MDAwLyIsImh0dHA6Ly9sb2NhbGhvc3Q6ODAwMC9FbmVyZ2llLyIsImh0dHA6Ly9sb2NhbGhvc3Q6ODAwMC8iLCJodHRwOi8vbG9jYWxob3N0OjgwMDAvRW5lcmdpZS8iLCJodHRwOi8vbG9jYWxob3N0OjgwMDAvc2NlbmFyaW9zL2F1c3NjaGFsdGVuX2Rlcl9lbGVrdHJvZ2VyYXRlLyIsImh0dHA6Ly9sb2NhbGhvc3Q6ODAwMC9wcm92aWRlci9taWVsZV9fX2NpZV9fa2ciLCJodHRwOi8vbG9jYWxob3N0OjgwMDAvc2NlbmFyaW9zL2F1c3NjaGFsdGVuX2Rlcl9lbGVrdHJvZ2VyYXRlLyIsImh0dHA6Ly9sb2NhbGhvc3Q6ODAwMC9wcm92aWRlci9taWVsZV9fX2NpZV9fa2ciLCJodHRwOi8vbG9jYWxob3N0OjgwMDAvIiwiaHR0cDovL2xvY2FsaG9zdDo4MDAwL0tvbWZvcnQvIiwiaHR0cDovL2xvY2FsaG9zdDo4MDAwLyIsImh0dHA6Ly9sb2NhbGhvc3Q6ODAwMC9HZXN1bmRoZWl0LyIsImh0dHA6Ly9sb2NhbGhvc3Q6ODAwMC9yZXN1bHQvIiwiaHR0cDovL2xvY2FsaG9zdDo4MDAwLyIsImh0dHA6Ly9sb2NhbGhvc3Q6ODAwMC9FbmVyZ2llLyIsImh0dHA6Ly9sb2NhbGhvc3Q6ODAwMC9yZXN1bHQvIiwiaHR0cDovL2xvY2FsaG9zdDo4MDAwLyIsImh0dHA6Ly9sb2NhbGhvc3Q6ODAwMC9FbmVyZ2llLyIsImh0dHA6Ly9sb2NhbGhvc3Q6ODAwMC8iLCJodHRwOi8vbG9jYWxob3N0OjgwMDAvYWxsX3Byb2R1Y3RzLyIsImh0dHA6Ly9sb2NhbGhvc3Q6ODAwMC8iLCJodHRwOi8vbG9jYWxob3N0OjgwMDAvc2NlbmFyaW9zL2F1ZnplaWNobnVuZ192b25fdml0YWxkYXRlbi8iLCJodHRwOi8vbG9jYWxob3N0OjgwMDAvIiwiaHR0cDovL2xvY2FsaG9zdDo4MDAwL3NjZW5hcmlvcy9hdWZ3YWNoYW5yZWl6LyIsImh0dHA6Ly9sb2NhbGhvc3Q6ODAwMC8iLCJodHRwOi8vbG9jYWxob3N0OjgwMDAvRW5lcmdpZS8iLCJodHRwOi8vbG9jYWxob3N0OjgwMDAvcmVzdWx0LyIsImh0dHA6Ly9sb2NhbGhvc3Q6ODAwMC9FbmVyZ2llLyIsImh0dHA6Ly9sb2NhbGhvc3Q6ODAwMC9zY2VuYXJpb3MvYXVzc2NoYWx0ZW5fZGVyX2VsZWt0cm9nZXJhdGUvIiwiaHR0cDovL2xvY2FsaG9zdDo4MDAwL3Byb3ZpZGVyL21pZWxlX19fY2llX19rZyIsImh0dHA6Ly9sb2NhbGhvc3Q6ODAwMC9wcm9kdWN0cy8yNC8iXSwiX2F1dGhfdXNlcl9oYXNoIjoiNTQ2MTUzYWY2NDM3ZjBmN2U4MWI3NjNlODI5MTlmNjZlNmJhNTI4MCIsIl9hdXRoX3VzZXJfYmFja2VuZCI6ImRqYW5nby5jb250cmliLmF1dGguYmFja2VuZHMuTW9kZWxCYWNrZW5kIn0=",
    "expire_date": "2016-07-26T15:46:07.528Z"
  }
},
{
  "model": "sessions.session",
  "pk": "rzezt5g86ibtm8mdmqzlhgddh9f30clj",
  "fields": {
    "session_data": "NGYxMDExZjMyZWU1MDZjOTk3NWQ4MDZjMzhiNmIyYTc2ZWMyMDVlNzp7Imhpc3RvcnkiOlsiaHR0cDovLzUyLjU5LjE4LjI1NC8iLCJodHRwOi8vNTIuNTkuMTguMjU0L3NjZW5hcmlvcy9hdWZ6ZWljaG51bmdfZGVzX2FrdGl2aXRhdHNncmFkcy8iLCJodHRwOi8vNTIuNTkuMTguMjU0L3NjZW5hcmlvcy9hdWZ6ZWljaG51bmdfdm9uX3ZpdGFsZGF0ZW4vIl19",
    "expire_date": "2016-07-07T14:47:17.524Z"
  }
},
{
  "model": "sessions.session",
  "pk": "s76846q6lnpnmmchc6lo946rfb1ltlja",
  "fields": {
    "session_data": "NTA4OGJlZWM3MDY3Njg4ZGZhMGJiMDA1NTMwM2E2ZjI2YjRhNWI5YTp7Imhpc3RvcnkiOlsiaHR0cDovLzEyNy4wLjAuMTo4MDAwL3Byb2R1Y3RzLzMvIl19",
    "expire_date": "2016-07-10T03:00:03.276Z"
  }
},
{
  "model": "sessions.session",
  "pk": "slgzyq3csryd0utn3vykviexu3wom4j5",
  "fields": {
    "session_data": "NGM4NzE0NGNmMjRkY2U3OTEzZGU3NjkxYmE5NzI4YTU0MzRhZjZmYjp7Imhpc3RvcnkiOltudWxsXX0=",
    "expire_date": "2016-07-09T15:52:42.527Z"
  }
},
{
  "model": "sessions.session",
  "pk": "sva35xbi5dxfcy94s7i956lesf2dich9",
  "fields": {
    "session_data": "YzZjMzRiOWFkMjcwNjYzZjNiMDk4Njc1YmI3NmJjNjhmYmYyY2IxYTp7Imhpc3RvcnkiOlsiaHR0cDovL2xvY2FsaG9zdDo4MDAwLyIsImh0dHA6Ly9sb2NhbGhvc3Q6ODAwMC9FbmVyZ2llLyIsImh0dHA6Ly9sb2NhbGhvc3Q6ODAwMC8iLCJodHRwOi8vbG9jYWxob3N0OjgwMDAvRW5lcmdpZS8iXX0=",
    "expire_date": "2016-07-21T12:02:25.092Z"
  }
},
{
  "model": "sessions.session",
  "pk": "v4yw1h7eex7shzw6yfmpw5qzos1jb208",
  "fields": {
    "session_data": "MjgxZDdjOTkxNDQ3OWNmNzI3OGYwZmI2OGI3MmFlNDk5ZDg1NjlhMzp7Imhpc3RvcnkiOlsiaHR0cDovLzUyLjU5LjE4LjI1NC8iLCJodHRwOi8vNTIuNTkuMTguMjU0L0VuZXJnaWUvIiwiaHR0cDovLzUyLjU5LjE4LjI1NC9zY2VuYXJpb3MvYXVzc2NoYWx0ZW5fZGVyX2VsZWt0cm9nZXJhdGUvIiwiaHR0cDovLzUyLjU5LjE4LjI1NC9wcm9kdWN0cy8yMy8iLCJodHRwOi8vNTIuNTkuMTguMjU0L3Byb3ZpZGVyL21pZWxlX19fY2llX19rZyIsImh0dHA6Ly81Mi41OS4xOC4yNTQvcHJvZHVjdHMvMjMvIiwiaHR0cDovLzUyLjU5LjE4LjI1NC9zY2VuYXJpb3MvYXVzc2NoYWx0ZW5fZGVyX2VsZWt0cm9nZXJhdGUvIiwiaHR0cDovLzUyLjU5LjE4LjI1NC9wcm92aWRlci9taWVsZV9fX2NpZV9fa2ciLCJodHRwOi8vNTIuNTkuMTguMjU0LyIsImh0dHA6Ly81Mi41OS4xOC4yNTQvR2VzdW5kaGVpdC8iLCJodHRwOi8vNTIuNTkuMTguMjU0L2NvbnRhY3QiLCJodHRwOi8vNTIuNTkuMTguMjU0LyIsImh0dHA6Ly81Mi41OS4xOC4yNTQvRW5lcmdpZS8iLCJodHRwOi8vNTIuNTkuMTguMjU0L2NvbnRhY3QiLCJodHRwOi8vNTIuNTkuMTguMjU0LyIsImh0dHA6Ly81Mi41OS4xOC4yNTQvRW5lcmdpZS8iLCJodHRwOi8vNTIuNTkuMTguMjU0LyIsImh0dHA6Ly81Mi41OS4xOC4yNTQvRW5lcmdpZS8iLCJodHRwOi8vNTIuNTkuMTguMjU0LyIsImh0dHA6Ly81Mi41OS4xOC4yNTQvRW5lcmdpZS8iLCJodHRwOi8vNTIuNTkuMTguMjU0LyIsImh0dHA6Ly81Mi41OS4xOC4yNTQvRW5lcmdpZS8iLCJodHRwOi8vNTIuNTkuMTguMjU0L3Jlc3VsdC8iLCJodHRwOi8vNTIuNTkuMTguMjU0LyIsImh0dHA6Ly81Mi41OS4xOC4yNTQvR2VzdW5kaGVpdC8iLCJodHRwOi8vNTIuNTkuMTguMjU0L3Jlc3VsdC8iLCJodHRwOi8vNTIuNTkuMTguMjU0LyIsImh0dHA6Ly81Mi41OS4xOC4yNTQvRW5lcmdpZS8iXSwiX2F1dGhfdXNlcl9iYWNrZW5kIjoiZGphbmdvLmNvbnRyaWIuYXV0aC5iYWNrZW5kcy5Nb2RlbEJhY2tlbmQiLCJfYXV0aF91c2VyX2hhc2giOiI1NDYxNTNhZjY0MzdmMGY3ZTgxYjc2M2U4MjkxOWY2NmU2YmE1MjgwIiwiX2F1dGhfdXNlcl9pZCI6IjEifQ==",
    "expire_date": "2016-07-27T10:34:16.929Z"
  }
},
{
  "model": "sessions.session",
  "pk": "vassp43i4irpdrqkz0muvgog9imxu6x7",
  "fields": {
    "session_data": "NDQ5YmZkMTE4Mjk2ZWJkNWNkYjQ3YmMxMzcxNjRlZmI3NGYzM2I0Mzp7Imhpc3RvcnkiOlsiaHR0cDovLzUyLjU5LjE4LjI1NC8iXX0=",
    "expire_date": "2016-07-06T21:34:35.156Z"
  }
},
{
  "model": "sessions.session",
  "pk": "vjba7q754dgetovrq8idexnnfnqu5nwz",
  "fields": {
    "session_data": "NDQ5YmZkMTE4Mjk2ZWJkNWNkYjQ3YmMxMzcxNjRlZmI3NGYzM2I0Mzp7Imhpc3RvcnkiOlsiaHR0cDovLzUyLjU5LjE4LjI1NC8iXX0=",
    "expire_date": "2016-07-07T10:26:39.211Z"
  }
},
{
  "model": "sessions.session",
  "pk": "w7ah1exje2tdxr2nulquoded5t2t961q",
  "fields": {
    "session_data": "NDQ5YmZkMTE4Mjk2ZWJkNWNkYjQ3YmMxMzcxNjRlZmI3NGYzM2I0Mzp7Imhpc3RvcnkiOlsiaHR0cDovLzUyLjU5LjE4LjI1NC8iXX0=",
    "expire_date": "2016-07-15T00:47:29.660Z"
  }
},
{
  "model": "sessions.session",
  "pk": "wxdl3mp6zcphvr6unepm224tsbeq033o",
  "fields": {
    "session_data": "OTMzZjI1MGZjZWFiY2U0N2Y5MDViNWVkOWY5YjlhOWY1N2ZjMzY3ODp7Il9hdXRoX3VzZXJfaGFzaCI6IjU0NjE1M2FmNjQzN2YwZjdlODFiNzYzZTgyOTE5ZjY2ZTZiYTUyODAiLCJfYXV0aF91c2VyX2lkIjoiMSIsImhpc3RvcnkiOlsiaHR0cDovLzUyLjU5LjE4LjI1NC8iLCJodHRwOi8vNTIuNTkuMTguMjU0L0dlc3VuZGhlaXQvIiwiaHR0cDovLzUyLjU5LjE4LjI1NC8iLCJodHRwOi8vNTIuNTkuMTguMjU0L3NjZW5hcmlvcy9hdWZ3YWNoYW5yZWl6LyIsImh0dHA6Ly81Mi41OS4xOC4yNTQvcHJvdmlkZXIvanVuZyIsImh0dHA6Ly81Mi41OS4xOC4yNTQvIiwiaHR0cDovLzUyLjU5LjE4LjI1NC9zY2VuYXJpb3MvYXVmd2FjaGFucmVpei8iLCJodHRwOi8vNTIuNTkuMTguMjU0L2FsbF9wcm9kdWN0cy8iLCJodHRwOi8vNTIuNTkuMTguMjU0L3NjZW5hcmlvcy9hdWZ3YWNoYW5yZWl6LyIsImh0dHA6Ly81Mi41OS4xOC4yNTQvIiwiaHR0cDovLzUyLjU5LjE4LjI1NC9FbmVyZ2llLyIsImh0dHA6Ly81Mi41OS4xOC4yNTQvIl0sIl9hdXRoX3VzZXJfYmFja2VuZCI6ImRqYW5nby5jb250cmliLmF1dGguYmFja2VuZHMuTW9kZWxCYWNrZW5kIn0=",
    "expire_date": "2016-07-21T13:26:37.323Z"
  }
},
{
  "model": "sessions.session",
  "pk": "y3xfleg7qpoa3mfihyevos4a4x6ukqq5",
  "fields": {
    "session_data": "NjBhNmFiYzM4N2IyMDNjYWYzNzc0MzhmNDViMDA1ZGRhNTZjMjMwZjp7Il9hdXRoX3VzZXJfaGFzaCI6IjU0NjE1M2FmNjQzN2YwZjdlODFiNzYzZTgyOTE5ZjY2ZTZiYTUyODAiLCJfYXV0aF91c2VyX2JhY2tlbmQiOiJkamFuZ28uY29udHJpYi5hdXRoLmJhY2tlbmRzLk1vZGVsQmFja2VuZCIsIl9hdXRoX3VzZXJfaWQiOiIxIiwiaGlzdG9yeSI6W251bGxdfQ==",
    "expire_date": "2016-07-14T15:16:49.640Z"
  }
},
{
  "model": "sessions.session",
  "pk": "za2ltcm1olmnr4r8dgvxl281hjhryx46",
  "fields": {
    "session_data": "NDQ5YmZkMTE4Mjk2ZWJkNWNkYjQ3YmMxMzcxNjRlZmI3NGYzM2I0Mzp7Imhpc3RvcnkiOlsiaHR0cDovLzUyLjU5LjE4LjI1NC8iXX0=",
    "expire_date": "2016-07-06T14:05:07.651Z"
  }
},
{
  "model": "sessions.session",
  "pk": "zbk51hl15qfwopsrzjghad2plrapyy3z",
  "fields": {
    "session_data": "MWEzMGIyNDEyN2I5MjZiOWE0MTg3NWUxMDkxYjZmMTQ3MmFjYjhlNzp7Imhpc3RvcnkiOlsiaHR0cDovLzUyLjU5LjE4LjI1NC9zY2VuYXJpb3MvYXVmd2FjaGFucmVpei8iLCJodHRwOi8vNTIuNTkuMTguMjU0LyIsImh0dHA6Ly81Mi41OS4xOC4yNTQvRW5lcmdpZS8iXX0=",
    "expire_date": "2016-07-26T10:32:51.698Z"
  }
},
{
  "model": "sessions.session",
  "pk": "zfalk4ulno78worb6s5lbr9nx9s33ru9",
  "fields": {
    "session_data": "Y2IxMGUxNDZiN2I4MjFlZWRkMzhkNGZjNGQ3NDcxYjdhZThjMjQ0Yzp7Imhpc3RvcnkiOlsiaHR0cDovLzUyLjU5LjE4LjI1NC8iLCJodHRwOi8vNTIuNTkuMTguMjU0L1NpY2hlcmhlaXQvIiwiaHR0cDovLzUyLjU5LjE4LjI1NC9jb250YWN0Il19",
    "expire_date": "2016-07-07T05:56:21.792Z"
  }
},
{
  "model": "app.givenanswers",
  "pk": 1,
  "fields": {
    "user": 1,
    "user_answer": []
  }
},
{
  "model": "app.comment",
  "pk": 4,
  "fields": {
    "comment_from": 6,
    "comment_title": "Best Product",
    "comment_content": "You should definitely buy this! The best router i have ever used.",
    "rating": 5,
    "creation_date": "2016-06-15T16:00:00Z",
    "page_url": "/products/9"
  }
},
{
  "model": "app.comment",
  "pk": 5,
  "fields": {
    "comment_from": 3,
    "comment_title": "Unglaublich",
    "comment_content": "Dank donaalda habe ich in den letzten Wochen so viel Geld f\u00fcr Strom, Wasser und W\u00e4rme gespart, dass ich jetzt zum Urlaub in die Karibik fliegen kann, statt \u00fcberlegen zu m\u00fcssen wo ich bei meinem Essen sparen kann.",
    "rating": 3,
    "creation_date": "2016-06-20T10:00:00Z",
    "page_url": "/"
  }
},
{
  "model": "app.comment",
  "pk": 6,
  "fields": {
    "comment_from": 3,
    "comment_title": "Wusste ich es doch",
    "comment_content": "Ich wurde gestern in meinem Karibik-Urlaub ausgeraubt. Ohne donaalda w\u00e4re ich niemals dorthin gefahren; dass ist eure Schuld. Ihr werdet von meinen Anwalt h\u00f6ren",
    "rating": 0,
    "creation_date": "2016-06-25T13:00:00Z",
    "page_url": "/"
  }
},
{
  "model": "app.comment",
  "pk": 7,
  "fields": {
    "comment_from": 5,
    "comment_title": "Ihr Sensor funktioniert fantastisch",
    "comment_content": "Seit einiger Zeit wird bei uns in der Nachbarschaft immer wieder eingebrochen. Heute Nacht wollte derjenige bei uns einbrechen, doch dank ihres Bewegungsmelders wurde ich geweckt und konnte den Einbrecher stellen. Virgina wenn du das liest, dein misratener Sohn sitzt jetzt endlich im Gef\u00e4ngnis wo er auch hingeh\u00f6rt. -- Eine gl\u00fcckliche Mutter aus Texas",
    "rating": 5,
    "creation_date": "2016-06-20T12:00:00Z",
    "page_url": "/products/3"
  }
},
{
  "model": "app.comment",
  "pk": 8,
  "fields": {
    "comment_from": 1,
    "comment_title": "Unkomplizierte Einrichtung meines Smarthomes",
    "comment_content": "Durch die simple Bedienung von Donaalda hatte ich sofort einen \u00dcberblick \u00fcber alle Produkte die ich f\u00fcr mein smarthome ben\u00f6tige",
    "rating": 5,
    "creation_date": "2016-06-13T17:00:00Z",
    "page_url": "/"
  }
},
{
  "model": "app.comment",
  "pk": 9,
  "fields": {
    "comment_from": 9,
    "comment_title": "Klare Themenbereiche",
    "comment_content": "Ich wollte mein schon vernetztes Zuhause durch die Energiesteuerung erg\u00e4nzen. Dank der abgegrenzten Themengebiete konnte ich \u00fcberfl\u00fcssige Informationen ausgeblendet lassen, um mich auf das Wesentliche zu konzentrieren.",
    "rating": 0,
    "creation_date": "2016-06-30T11:00:00Z",
    "page_url": "/"
  }
},
{
  "model": "app.comment",
  "pk": 10,
  "fields": {
    "comment_from": 4,
    "comment_title": "Gewohnte Epson-Qualit\u00e4t",
    "comment_content": "Ich habe schon viele Produkte bei Epson bestellt und bin immer wieder von der Qualit\u00e4t begeistert.",
    "rating": 5,
    "creation_date": "2016-06-25T08:38:35.617Z",
    "page_url": "/provider/seiko_epson_corporation"
  }
},
{
  "model": "app.comment",
  "pk": 11,
  "fields": {
    "comment_from": 3,
    "comment_title": "Alle ben\u00f6tigten Produkte f\u00fcr ein Szenario auf einen Blick",
    "comment_content": "Nachdem ich mich f\u00fcr das Szenario \"Ausschalten der Elektroger\u00e4te\" interessiert habe, wurden mir alle Produkte aufgelistet welche f\u00fcr dessen Verwirklichung ben\u00f6tigt werden. Es hat mir bei der Planung meines Smarthomes sehr geholfen.",
    "rating": 5,
    "creation_date": "2016-06-25T08:42:32.381Z",
    "page_url": "/scenarios/ausschalten_der_elektrogerate"
  }
},
{
  "model": "app.comment",
  "pk": 32,
  "fields": {
    "comment_from": 1,
    "comment_title": "L\u00e4uft alles Super",
    "comment_content": "TEXTTEXTTEXTTEXTTEXTTEXTTEXTTEXTTEXTTEXTTEXTTEXTTEXTTEXTTEXTTEXTTEXTTEXTTEXTTEXTTEXTTEXTTEXTTEXTTEXTTEXTTEXTTEXTTEXTTEXTTEXTTEXTTEXTTEXTTEXTTEXTTEXTTEXTTEXTTEXTTEXTTEXTTEXTTEXTTEXTTEXTTEXTTEXTTEXTTEXTTEXTTEXTTEXTTEXTTEXTTEXTTEXTTEXTTEXTTEXTTEXTTEXTTEXTTEXTTEXTTEXTTEXTTEXTTEXT",
    "rating": 3,
    "creation_date": "2016-06-26T02:29:03.030Z",
    "page_url": "/products/3"
  }
},
{
  "model": "app.comment",
  "pk": 45,
  "fields": {
    "comment_from": 23,
    "comment_title": "Sehr hilfreich ",
    "comment_content": "Dieses System ist sehr hilfreich zum Aufwachen und ich f\u00fchle mich damit fiter.",
    "rating": 3,
    "creation_date": "2016-06-27T14:12:25.624Z",
    "page_url": "/scenarios/aufwachanreiz"
  }
},
{
  "model": "app.comment",
  "pk": 46,
  "fields": {
    "comment_from": 23,
    "comment_title": "Ausschalten der Elektroger\u00e4te",
    "comment_content": "Dieses ist eine sehr Interessante M\u00f6glichkeit seine Elektroger\u00e4te auszuschalten. Dies gibt mir ein Gef\u00fchl von Sicherheit. ",
    "rating": 2,
    "creation_date": "2016-06-27T14:14:44.325Z",
    "page_url": "/scenarios/ausschalten_der_elektrogerate"
  }
},
{
  "model": "app.comment",
  "pk": 47,
  "fields": {
    "comment_from": 23,
    "comment_title": "Optimieren und Messen ",
    "comment_content": "Diese Option hilft mir den Energieverbrauch zu messen und zu optimieren. ",
    "rating": 3,
    "creation_date": "2016-06-27T14:16:18.338Z",
    "page_url": "/scenarios/energieverbrauch_aufzeigen"
  }
},
{
  "model": "app.comment",
  "pk": 48,
  "fields": {
    "comment_from": 23,
    "comment_title": "Intelligente W\u00e4rmesteuerung",
    "comment_content": "Seit ich dieses System benutze, ist mir nicht mehr kalt und ich f\u00fchle mich wohler. ",
    "rating": 3,
    "creation_date": "2016-06-27T14:17:44.683Z",
    "page_url": "/scenarios/intelligente_warmesteuerung"
  }
},
{
  "model": "app.comment",
  "pk": 49,
  "fields": {
    "comment_from": 23,
    "comment_title": "Funk-Stellantrieb SAB02",
    "comment_content": "Tolles Produkt Daumen hoch und zu empfehlen.",
    "rating": 3,
    "creation_date": "2016-06-27T14:21:16.480Z",
    "page_url": "/products/15"
  }
},
{
  "model": "app.comment",
  "pk": 50,
  "fields": {
    "comment_from": 23,
    "comment_title": "Schlecht zu befestigen ",
    "comment_content": "Leider ist es f\u00fcr meine Bed\u00fcrfnisse zu Gro\u00df. ",
    "rating": 1,
    "creation_date": "2016-06-27T14:22:22.133Z",
    "page_url": "/products/12"
  }
},
{
  "model": "app.comment",
  "pk": 68,
  "fields": {
    "comment_from": 23,
    "comment_title": "Ein Traum jeder K\u00fcche ",
    "comment_content": "Dieses Produkt ist ein Traum jeder K\u00fcche.",
    "rating": 3,
    "creation_date": "2016-07-05T18:35:44.623Z",
    "page_url": "/products/24"
  }
},
{
  "model": "app.comment",
  "pk": 69,
  "fields": {
    "comment_from": 23,
    "comment_title": "Tolle Firma",
    "comment_content": "Das freut mich sehr. Tooles Produkt.",
    "rating": 3,
    "creation_date": "2016-07-05T20:06:30.642Z",
    "page_url": "/products/21"
  }
},
{
  "model": "app.comment",
  "pk": 70,
  "fields": {
    "comment_from": 23,
    "comment_title": "Tolle Firma",
    "comment_content": "Super Unternehmen!",
    "rating": 3,
    "creation_date": "2016-07-05T20:08:44.251Z",
    "page_url": "/provider/miele___cie__kg"
  }
},
{
  "model": "app.userimage",
  "pk": 1,
  "fields": {
    "belongs_to_user": 9,
    "image": "user/banner.jpg"
  }
},
{
  "model": "app.userimage",
  "pk": 2,
  "fields": {
    "belongs_to_user": 3,
    "image": "user/Katta_red_eye.jpg"
  }
},
{
  "model": "app.userimage",
  "pk": 3,
  "fields": {
    "belongs_to_user": 23,
    "image": "user/den.jpg"
  }
},
{
  "model": "app.userimage",
  "pk": 4,
  "fields": {
    "belongs_to_user": 24,
    "image": "user/Eurotronic_Comet_3.jpg"
  }
},
{
  "model": "app.userimage",
  "pk": 5,
  "fields": {
    "belongs_to_user": 27,
    "image": "user/Fiabro_Smoke_Sensor_1_uiWMUiU.jpg"
  }
},
{
  "model": "app.employee",
  "pk": 3,
  "fields": {
    "employer": 1,
    "groups": [
      1,
      2
    ],
    "user_permissions": []
  }
},
{
  "model": "app.product",
  "pk": 1,
  "fields": {
    "name": "test",
    "provider": 1,
    "product_type": 1,
    "serial_number": "NULL",
    "description": "NULL",
    "specifications": "---",
    "image1": "products/81eatl5.jpeg",
    "image2": "products/81eatl5_gHw2fCv.jpeg",
    "image3": "products/81eatl5_WqTQUxU.jpeg",
    "end_of_life": true,
    "protocol": [],
    "features": []
  }
},
{
  "model": "app.product",
  "pk": 2,
  "fields": {
    "name": "request",
    "provider": 1,
    "product_type": 1,
    "serial_number": "0-0-00-0",
    "description": "Lorem ipsum dolor sit amet, consetetur sadipscing elitr, sed diam nonumy eirmod tempor invidunt ut labore et dolore magna aliquyam erat, sed diam voluptua. At vero eos et accusam et justo duo dolores et ea rebum. Stet clita kasd gubergren, no sea takimata sanctus est Lorem ipsum dolor sit amet. Lorem ipsum dolor sit amet, consetetur sadipscing elitr, sed diam nonumy eirmod tempor invidunt ut labore et dolore magna aliquyam erat, sed diam voluptua. At vero eos et accusam et justo duo dolores et ea rebum. Stet clita kasd gubergren, no sea takimata sanctus est Lorem ipsum dolor sit amet.",
    "specifications": "---",
    "image1": "products/81eatl5.jpeg",
    "image2": "",
    "image3": "",
    "end_of_life": false,
    "protocol": [],
    "features": []
  }
},
{
  "model": "app.product",
  "pk": 3,
  "fields": {
    "name": "Jung CO2-Sensor",
    "provider": 5,
    "product_type": 4,
    "serial_number": "CO2 LS 2178",
    "description": "Bestimmungsgem\u00e4\u00dfer Gebrauch\r\n\r\n    Messen von CO2-Konzentration, relativer Luftfeuchte und Lufttemperatur\r\n\r\n    Ausgabe der gemessenen Werte als Telegramm auf den Bus, z.B. zum Steuern von L\u00fcftern oder Fensterantrieben \u00fcber KNX-Telegramme\r\n\r\n    Einzelraum-Temperaturregelung in KNX-Installationen\r\n\r\n    Montage in Ger\u00e4tedose nach DIN 49073\r\n\r\n\r\nProdukteigenschaften\r\n\r\n    Grenzwert\u00fcberwachung f\u00fcr CO2-Konzentration (max. 4 Grenzwerte) und Luftfeuchte (max. 2 Grenzwerte)\r\n    Taupunktalarmierung z.B. f\u00fcr K\u00fchldecken und Winterg\u00e4rten, zur Vermeidung von Schimmelbildung\r\n    Zwei Bin\u00e4reing\u00e4nge zum Anschluss potentialfreier Kontakte, z.B. Taster, Schalter, Fensterkontakte\r\n    Logikgatter f\u00fcr einfache Verkn\u00fcpfungsfunktionen",
    "specifications": "---",
    "image1": "products/jung_co2_1.png",
    "image2": "products/Jung_CO2-Sensor_2.jpg",
    "image3": "products/Jung_CO2-Sensor_3.png",
    "end_of_life": false,
    "protocol": [],
    "features": []
  }
},
{
  "model": "app.product",
  "pk": 4,
  "fields": {
    "name": "EUROtronic Comet",
    "provider": 3,
    "product_type": 5,
    "serial_number": "700 100 418, EAN: 42 600 1271 101 0",
    "description": "\u00c4u\u00dferst ger\u00e4uscharm, eine deutlich l\u00e4ngere Batterielebensdauer und die sehr kompakte Bauform zeichnen SPARmatic comet aus. Durch die optimierte Men\u00fcstruktur ist SPARmatic comet intuitiv bedienbar und l\u00e4sst sich mit dem neu entwickelten Klickverschluss noch schneller und einfacher montieren.",
    "specifications": "- bis zu 30% Heizkosten sparen!\r\n- Ventil schonend mit ET-Ventilschutz\r\n- sehr stabile Geh\u00e4usebauform \r\n- \u00e4u\u00dferst kompakter Energiespar-Regler\r\n- kleiner als ein handels\u00ad\u00fcblicher Thermostatkopf\r\n- Batterielebensdauer bis zu 5 Jahren*\r\n- \u00e4u\u00dferst ger\u00e4uscharmer Lauf\r\n- einfache Bedienung\r\n- einfache Montage durch Klickverschluss\r\n- Frostschutzfunktion\r\n- \"Fenster-offen\"-Erkennung\r\n- 8 Schaltpunkte pro Tag programmierbar\r\n- komfortable Programmierung mit PROGmatic Programmierstick m\u00f6glich\r\n- passt auf viele bekannte Heizk\u00f6rperventile (z.B. Heimeier, Honeywell MNG, Honeywell Braukmann, Danfoss, Oventrop ab ca. 1996 u.a.)",
    "image1": "products/eurotronic_sparmatic_comet_1.jpg",
    "image2": "products/Eurotronic_Comet_2.jpg",
    "image3": "products/Eurotronic_Comet_3.jpg",
    "end_of_life": false,
    "protocol": [],
    "features": []
  }
},
{
  "model": "app.product",
  "pk": 5,
  "fields": {
    "name": "Fibaro Wall Plug",
    "provider": 4,
    "product_type": 6,
    "serial_number": "EFGWPF-102; FGWPF-101",
    "description": "Der FIBARO Wall Plug ist ein intelligenter ultimativer Plug & Play - ein extrem kompakter, h\u00f6chstentwickelter und ferngesteuerter Steckdosenstecker mit Energieverbrauchsmessfunktion.\r\nMit diesem \u00e4u\u00dferst funktionellen Wall Plug l\u00e4sst sich jedes beliebige elektrische Ger\u00e4t steuern und dessen Energieverbrauch bequem und wartungsfrei messen.",
    "specifications": "---",
    "image1": "products/fibaro_plug_1.jpg",
    "image2": "products/Fiabro_Wall_Plug_2.JPG",
    "image3": "products/Fiabro_Wall_Plug_4.JPG",
    "end_of_life": false,
    "protocol": [],
    "features": []
  }
},
{
  "model": "app.product",
  "pk": 7,
  "fields": {
    "name": "Jung Bewegungsmelder",
    "provider": 5,
    "product_type": 10,
    "serial_number": "3361 WW",
    "description": "Bestimmungsgem\u00e4\u00dfer Gebrauch\r\n\r\n    Bedarfsgerechtes Steuern von Beleuchtung, Raumthermostaten und anderen elektrischen Verbrauchern in Innenr\u00e4umen\r\n    Deckenmontage an festen Decken in Ger\u00e4tedose nach DIN 49073 oder Aufputzgeh\u00e4use Art.-Nr.: PM-KAPPE-1 bzw. PM-KAPPE AL-1\r\n\r\n\r\nProdukteigenschaften\r\n\r\n    Integrierte Busankopplung\r\n\r\n    3 PIR-Sensoren\r\n\r\n    Erfassungsfeld 360\u00b0 (3 x 120\u00b0)\r\n\r\n    Integrierter Helligkeitssensor\r\n\r\n    Einsatz als Pr\u00e4senzmelder, Bewegungsmelder, oder f\u00fcr Meldebetrieb\r\n\r\n    Ausgangsfunktionen: Schalten, Treppenhausfunktion, Schalten mit Zwangsstellung, Wertgeber, Lichtszenennebenstelle, Betriebsmodusvorgabe f\u00fcr Raumtemperaturregler\r\n\r\n    Erfassungsbereich erweiterbar durch Parallelschalten mehrerer Ger\u00e4te als Haupt- und Nebenstelle\r\n\r\n    Einsteller zur manuellen Korrektur der Empfindlichkeit\r\n\r\n    Status-LED: Blinkt bei Bewegungserfassung; je nach Programmierung im normalen Betrieb oder nur w\u00e4hrend des Gehtest-Betriebs",
    "specifications": "---",
    "image1": "products/jung_bewegungsmelder_1.png",
    "image2": "products/Jung_Presence_Detector_1.jpg",
    "image3": "products/Jung_Presence_Detector_3.jpg",
    "end_of_life": false,
    "protocol": [],
    "features": []
  }
},
{
  "model": "app.product",
  "pk": 8,
  "fields": {
    "name": "Fibaro Smoke Sensor",
    "provider": 4,
    "product_type": 11,
    "serial_number": "FGSS-101",
    "description": "Der Fiabro Rauchsensor ist mit qualitativ guten Komponenten bestens ausgestattet. Seine Perforation l\u00e4sst den Rauch in die Sensorkammer eindringen. Je besser dies erfolgen kann, desto kleinere Rauchmengen sind n\u00f6tig, um eine Gefahr zu entdecken und den Alarm auszul\u00f6sen.\r\nDas Sensorgitter besteht aus einem hochwertigen Material mit einer Vielzahl von L\u00f6chern. Jedes einzelne von ihnen wurde elektrochemisch so geformt, dass der eindringende Rauch direkt in die Sensorkammer geleitet wird. Aufgrund der schnellen Branderkennung bietet der FIBARO Rauchsensor ultimativen Schutz und maximale Schadensbegrenzung.",
    "specifications": "---",
    "image1": "products/fibaro_smoke_1.png",
    "image2": "products/Fiabro_Smoke_Sensor_3.jpg",
    "image3": "products/Fiabro_Smoke_Sensor_1.jpg",
    "end_of_life": false,
    "protocol": [],
    "features": []
  }
},
{
  "model": "app.product",
  "pk": 9,
  "fields": {
    "name": "FRITZ!box",
    "provider": 2,
    "product_type": 12,
    "serial_number": "7490",
    "description": "Alles f\u00fcr das schnellste Heimnetz\r\nSpektakul\u00e4re kabellose Geschwindigkeit sowie bedeutend mehr Reichweite mit dem neuen und ultraschnellen WLAN AC. Erleben Sie das Topmodell f\u00fcr Internet, Telefonie und Multimedia.<hr/>",
    "specifications": "---",
    "image1": "products/fritzbox_1.png",
    "image2": "products/fritzbox_2.png",
    "image3": "products/fritzbox_3.png",
    "end_of_life": false,
    "protocol": [],
    "features": []
  }
},
{
  "model": "app.product",
  "pk": 10,
  "fields": {
    "name": "Thermokon SRW01 - Window & Door contact",
    "provider": 7,
    "product_type": 13,
    "serial_number": "SRW01",
    "description": "Batterieloser Funk-Fensterkontakt zur Zustands\u00fcberwachung von Fenstern und T\u00fcren. Sorgt f\u00fcr eine Verringerung des Energieverbrauchs durch bedarfsgerechte Heizung oder K\u00fchlung.",
    "specifications": "Funktechnologie: EnOcean (IEC 14543-3-10)\r\nFrequenz: 868 MHz, optional:, 902 MHz, 315 MHz\r\nSpannungsversorgung: Solarzelle, interner Super Cap, wartungsfrei, BAT: Knopfzelle CR1220 (optional)\r\nGeh\u00e4use: ABS, reinwei\u00df\r\nSchutzart: IP40 gem\u00e4\u00df DIN EN 60529\r\nUmgebungsbedingung: -25..+65 \u00b0C, max. 85% rH nicht kondensierend\r\nMontage: flach auf Untergrund, kleben (mit beiliegender Folie) oder schrauben\r\nHinweise: Sonderlackierung auf Anfrage",
    "image1": "products/Thermokon_SWR01_5.jpg",
    "image2": "products/Thermokon_SWR01_5_2.png",
    "image3": "products/Thermokon_SWR01_5_3.jpg",
    "end_of_life": false,
    "protocol": [],
    "features": []
  }
},
{
  "model": "app.product",
  "pk": 11,
  "fields": {
    "name": "Nodon STP-2-1-05 sensor",
    "provider": 8,
    "product_type": 5,
    "serial_number": "3700313920183",
    "description": "\"The NodOn\u00ae indoor temperature sensor is a wireless and battery-less sensor, EnOcean compliant.\r\nCombined with a Home Automation Gateway, the sensor sends the temperature of a room with a precision below 0.2\u00b0C, and a measure range from 0\u00b0C to 40\u00b0C.\r\nThe sensor checks the temperature every 100sec. If the temperature changed for more than 0.5\u00b0C compare to previous value, the new temperature is sent to the Gateway.\r\nWithout any variation, the temperature is sent every 15 minutes.\"",
    "specifications": "Power source - Solar panel\r\nMeasurement range 0\u00b0C to 40\u00b0C (0.16\u00b0C resolution) - Indoor use\r\nWall mounting using adhesive bounding (included) or screws (not included)\r\nOptional CR1216 battery (not included) for dark are use (5years in total darkness)\r\nOperational temperature - 0\u00b0C to 40\u00b0C - Altitude - 2.000m\r\nRadio protocol - EnOcean 868.3MHz - EEP - A5-02-05\r\nRange: 30m indoor\r\nDimension : 80*26*18mm",
    "image1": "products/nodon-stp-2-1-05-temperatursensor.jpg",
    "image2": "products/nodon-stp-2-1-05-temperatursensor_2.jpg",
    "image3": "products/nodon-stp-2-1-05-temperatursensor_3.jpg",
    "end_of_life": false,
    "protocol": [],
    "features": []
  }
},
{
  "model": "app.product",
  "pk": 12,
  "fields": {
    "name": "Thermokon SR04 Temperature Sensor",
    "provider": 7,
    "product_type": 5,
    "serial_number": "SR04",
    "description": "Aufputz-Raumf\u00fchler mit Funk zur Temperaturmessung in Wohn- und B\u00fcror\u00e4umen.",
    "specifications": "Messgr\u00f6\u00dfen\tTemperatur\r\nFunktechnologie\tEnOcean (IEC 14543-3-10)\r\nFrequenz\t868 MHz, optional:, 902 MHz, 928 MHz, 315 MHz\r\nSpannungsversorgung\tSolarzelle, interner Super Cap, wartungsfrei, optional: St\u00fctzbatterie LS14250 (3,6 V)\r\nMessbereich Temperatur\t0..+40 \u00b0C\r\nGenauigkeit Temperatur\t\u00b10,4 K (typ. bei 21 \u00b0C)\r\nMessintervall\tWakeUp Zeit = 100 Sek. (standard)\r\nGeh\u00e4use\tASA, reinwei\u00df\r\nSchutzart\tIP30 gem\u00e4\u00df DIN EN 60529\r\nUmgebungsbedingung\t0..+40 \u00b0C, max. 85% rH nicht kondensierend\r\nGewicht\t50 g\r\nMontage\tflach auf Untergrund, kleben (mit beiliegender Folie) oder schrauben\r\nLieferumfang\tKlebefolie\r\nHinweise\tIntegrierte Batteriehalterung f\u00fcr dunkle R\u00e4ume, f\u00fcr Ger\u00e4te mit Bedienelementen siehe bitte Produkt SR04 x",
    "image1": "products/tmk_web_slider1_easySens_SR07.png",
    "image2": "products/tmk_web_02_slider_easySens_SR04.png",
    "image3": "products/tmk_web_03_slider_easySens_SR04.png",
    "end_of_life": false,
    "protocol": [],
    "features": []
  }
},
{
  "model": "app.product",
  "pk": 13,
  "fields": {
    "name": "Permundo PSC 234 Smart Plug",
    "provider": 9,
    "product_type": 6,
    "serial_number": "PSC234",
    "description": "Der permundo Smart Plug PSC234 ist ein SCHUKO-Zwischenstecker mit 16A-Schaltfunktion und Energiemessung nach dem bidirektionalen Enocean-Standard (868.3Mhz, Dolphin). Es sind bis zu 32 Sensoren/Schalter einlernbar: Zwei- oder Eintastbedienung EIN/AUS Schalter (Umschalten), Tastbedienung Schalter (Impuls), T\u00fcrsensor, Bewegungsmelder. Repeater: 1-Level/2-Level kann aktiviert werden. Remote Management: Ja EEPs: A5-38-08, A5-12-01, D2-01-09 Messfunktion: momentane Wirkleistung [W] und kumulierten Energieverbrauch [Wh]. Der Energieverbrauchswert wird bei Stromausfall gespeichert.",
    "specifications": "Plug and socket type IEC type F \u201cSchuko\u201d (PSC234)\r\n IEC type E \u201cNF\u201d (PSC236)\r\nMaximum load power 3680 W / 16 A (2500 W continuous)\r\nElectrical 230V, 50 Hz\r\nPower dissipation standby < 0.5 W\r\nSafety protections over-temperature, average-overload, child-safety\r\nSafety rating IP20\r\nMeasurement power [W], energy (cumulative and power-fail safe) [Wh]\r\nWireless communication EnOcean-Dolphin standard (ISO/IEC 14543-3-10), RF 868 MHz, 2-way, EEPs: D2 01 09, A5 38 08, A5 12 01\r\nRange extension Repeating level 1 and level 2 EnOcean telegrams\r\nFirmware update supported",
    "image1": "products/PSC234_1.jpg",
    "image2": "products/PSC234_2.jpg",
    "image3": "products/PSC234_3.jpg",
    "end_of_life": false,
    "protocol": [],
    "features": []
  }
},
{
  "model": "app.product",
  "pk": 14,
  "fields": {
    "name": "Thermokon SR-MDS Solar",
    "provider": 7,
    "product_type": 10,
    "serial_number": "SR-MDS",
    "description": "Decken-Multisensor mit Funk zur Helligkeitsmessung und Bewegungserfassung. Die Kommunikation funktioniert kabellos \u00fcber EnOcean-Funktechnologie.",
    "specifications": "Messgr\u00f6\u00dfen\tLicht, Bewegung\r\nFunktechnologie\tEnOcean (IEC 14543-3-10), STM\r\nFrequenz\t868 MHz\r\nSpannungsversorgung\tflex. 15..240 V =/~, BAT: 3x Batterie LS14250, 3,6 V\r\nLeistungsaufnahme\ttyp. 0,8 W (24 V =) | 1,2 VA (24 V ~)\r\nMessbereich Licht\t0..510 Lux\r\nMessintervall\tWakeUp Zeit = 100 Sek. (standard)\r\nErfassungsbereich\t\u00d8=5 m bei einer Einbauh\u00f6he von ca. 2,5 m\r\nGeh\u00e4use\tABS, reinwei\u00df\r\nSchutzart\tIP20 gem\u00e4\u00df DIN EN 60529\r\nUmgebungsbedingung\t-10..+50 \u00b0C, max. 85% rH nicht kondensierend\r\nHinweise\tZur Konstantlichtregelung geeignet",
    "image1": "products/tmk_web_01_slider_easySens_SR_MDS_Solar.png",
    "image2": "products/tmk_web_02_slider_easySens_SR_MOC.png",
    "image3": "products/sr-mds-solar-2.jpg",
    "end_of_life": false,
    "protocol": [],
    "features": []
  }
},
{
  "model": "app.product",
  "pk": 15,
  "fields": {
    "name": "Thermokon SAB02 thermostat",
    "provider": 7,
    "product_type": 5,
    "serial_number": "SAB02",
    "description": "Der Funk-Stellantrieb SAB02 wird eingesetzt um eine komfortable\r\nEinzelraumregelung mittels Radiator- oder Fu\u00dfbodenheizung zu\r\nrealisieren.",
    "specifications": "Batterielaufzeit: ca. 2 Jahre*\r\nTechnologie: EnOcean\r\nSende-/Empfangsfrequenz: 868,3 MHz\r\nReichweite: ca. 30m in Geb\u00e4ude, ca. 300m Freifeld\r\nGeh\u00e4use:\r\nSchutzart IP20\r\nVersorgungsspannung: 2xBatterie AA (im Lieferumfang enthalten)\r\nKunststoff, wei\u00df\r\nAbmessungen (BxHxT): 48x64x75 mm\r\nVentil-Anschluss: Standard: M30x1,5\r\nMitgelieferte Adapter f\u00fcr:\r\nDanfoss RA, RAV und RAVL\r\nMax. Hub: 4 mm\r\nStellkraft: abh\u00e4ngig vom Ventil, max. 100 N\r\nStellzeit: 3s/mm\r\ngem\u00e4\u00df EN60529\r\nUmgebungstemperatur: 0...50\u00b0C\r\nMedientemperatur: 0...100\u00b0C\r\nTransport: -10...75\u00b0C / max. 70%rF, nicht kond.\r\nGewicht: Ca. 250g",
    "image1": "products/tmk_SAB02_1.jpg",
    "image2": "products/tmk_SAB02_2.jpg",
    "image3": "products/tmk_SAB02_3.png",
    "end_of_life": false,
    "protocol": [],
    "features": []
  }
},
{
  "model": "app.product",
  "pk": 16,
  "fields": {
    "name": "Jung Switch / blinds actuator, 16/8-gang",
    "provider": 5,
    "product_type": 16,
    "serial_number": "2316.16 REGHE",
    "description": "Eine ausf\u00fchrliche Beschreibung finden sie unter Technische Details",
    "specifications": "Bestimmungsgem\u00e4\u00dfer Gebrauch\r\nSchalten elektrischer Verbraucher AC 110 ... 230 V mit potentialfreien Kontakten\r\nSchalten elektrisch betriebener Jalousien, Rolll\u00e4den, Markisen und \u00e4hnlicher Beh\u00e4nge\r\nMontage auf Hutschiene in Kleinverteiler\r\n\r\nProdukteigenschaften\r\nAusg\u00e4nge manuell bedienbar, Baustellenbetrieb\r\nR\u00fcckmeldung im Handbetrieb und im Busbetrieb\r\nSzenenfunktion\r\nSperren einzelner Ausg\u00e4nge per Hand oder Bus\r\n\r\nEigenschaften Schalterbetrieb\r\nSchlie\u00dfer- oder \u00d6ffnerbetrieb\r\nVerkn\u00fcpfungs- und Zwangsf\u00fchrungsfunktion\r\nR\u00fcckmeldefunktion\r\nZentrale Schaltfunktion mit Sammelr\u00fcckmeldung\r\nZeitfunktionen: Ein-, Ausschaltverz\u00f6gerung, Treppenlichtschalter mit Vorwarnfunktion\r\n\r\nEigenschaften Jalousiebetrieb\r\nEignung f\u00fcr AC-Motoren 110 ... 230 V\r\nBehangposition direkt ansteuerbar\r\nLamellenstellung direkt ansteuerbar\r\nR\u00fcckmeldung von Fahrzustand, Behangposition und Lamellenstellung\r\nZwangsstellung durch \u00fcbergeordnete Steuerung\r\nSicherheitsfunktion: 3 unabh\u00e4ngige Windalarme, Regenalarm, Frostalarm\r\nSonnenschutzfunktion",
    "image1": "products/jung-2316_16_reghe_01.jpg",
    "image2": "products/jung-2316_16_reghe_02.jpg",
    "image3": "products/jung-2316_16_reghe_03.jpg",
    "end_of_life": false,
    "protocol": [],
    "features": []
  }
},
{
  "model": "app.product",
  "pk": 17,
  "fields": {
    "name": "Jung Switch actuator with C-load, 8-gang with current detection",
    "provider": 5,
    "product_type": 17,
    "serial_number": "2308.16 REGCHM",
    "description": "Die Beschreibung finden Sie unter den technischen Details",
    "specifications": "Bestimmungsgem\u00e4\u00dfer Gebrauch\r\nSchalten elektrischer Verbraucher AC 110 ... 230 V oder AC/DC 24 V mit potentialfreien Kontakten\r\nMontage auf Hutschiene nach DIN EN 60715 in Unterverteiler\r\n\r\nProdukteigenschaften\r\nManuelle Bet\u00e4tigung der Relais unabh\u00e4ngig vom Bus\r\nSchlie\u00dfer- oder \u00d6ffnerbetrieb\r\nVerkn\u00fcpfungs- und Zwangsf\u00fchrungsfunktion\r\nR\u00fcckmeldung Schalten (nur Busbetrieb)\r\nSchaltstellungsanzeige\r\nZentrale Schaltfunktion mit Sammelr\u00fcckmeldung\r\nSperrfunktion f\u00fcr jeden Kanal\r\nZeitfunktionen: Ein- und Ausschaltverz\u00f6gerung, Treppenhauslichtschalter mit Vorwarnfunktion\r\nEinbindung in Lichtszenen\r\nBetriebsstundenz\u00e4hler, \u00fcber Bus konfigurierbar\r\nEingangs\u00fcberwachung auf zyklische Aktualisierung mit Sicherheitsschaltung\r\nKeine zus\u00e4tzliche Stromversorgung erforderlich\r\nStromerkennung: Messung des Laststroms f\u00fcr jeden Ausgang\r\n\u00dcberwachen von Schwellwerten zur Last\u00fcberwachung, z.B. f\u00fcr Meldung Lastausfall\r\nSchalten kapazitiver Lasten und dadurch bedingte hohe Einschaltstr\u00f6me",
    "image1": "products/jung-2308_16_regchm-knx-ns0828035_01.jpg",
    "image2": "products/jung-2308_16_regchm-knx-ns0828035_02.jpg",
    "image3": "products/jung-2308_16_regchm-knx-ns0828035_06.jpg",
    "end_of_life": false,
    "protocol": [],
    "features": []
  }
},
{
  "model": "app.product",
  "pk": 18,
  "fields": {
    "name": "Gira Universal dimming actuator 4-gang",
    "provider": 22,
    "product_type": 18,
    "serial_number": "2174 00",
    "description": "Central switching function for control of all dimming channels.\r\nDelay for actively transmitted feedback messages following bus voltage recovery.\r\nLoad type and dimming method can be configured: universal (with automatic calibration), electronic transformer (capacitive / trailing edge principle), conventional transformer (inductive / leading edge principle), LED (trailing edge or leading edge principle).\r\nFeedback for \"\"switching\"\" and \"\"brightness value\"\".\r\nDimmable brightness range can be set.\r\nDimming behaviour and dimming characteristics can be parameterised.\r\nSwitch-on behaviour for a relative dimming command can be parameterised.\r\nBulb-saving switch-on and switch-off\r\nAlarm telegrams for short circuit, overload, and load failure.\r\nFeedback of connected load type.\r\nBlock function or forced setting function can be parameterised for each output.\r\nTime functions (switch-on/off delay, staircase light function).\r\nStaircase light function with advance warning function via time-controlled reduction of lighting or activation of permanent lighting.\r\nLinking function and up to eight scenes per dimming channel possible.\r\nElapsed-hours meter for recording switch-on time.\r\nReactions after bus voltage failure and recovery can be set.",
    "specifications": "Dimming actuators with integrated bus coupler for switching and dimming of various light bulbs, HV halogen lamps, and LV halogen lamps with inductive transformers or Tronic transformers, dimmable HV LED or compact fluorescent lamps.\r\nAutomatic or manual selection of dimming principle according to load.\r\nIdle-state, short-circuit, and excess temperature-proof\r\nManual operation of the outputs independent of the bus (building site operation also possible).\r\nSeveral outputs can be wired in parallel to increase output power.\r\nParallel switching of several outputs to a load of 950 W possible. Do not connect HV LED or compact fluorescent lamps to dimming outputs connected in parallel.",
    "image1": "products/Gira_217400_1.jpg",
    "image2": "products/Gira_217400_2.jpg",
    "image3": "",
    "end_of_life": false,
    "protocol": [],
    "features": []
  }
},
{
  "model": "app.product",
  "pk": 19,
  "fields": {
    "name": "Jung Heating actuator, 6-gang",
    "provider": 5,
    "product_type": 5,
    "serial_number": "2336 REG HZ HE",
    "description": "siehe technische Details",
    "specifications": "Bestimmungsgem\u00e4\u00dfer Gebrauch\r\nSchalten elektrothermischer Stellantriebe f\u00fcr Heizungen oder K\u00fchldecken\r\nEinbau in Unterverteiler auf Hutschiene nach DIN EN 60715\r\n\r\nProdukteigenschaften\r\nSchaltbetrieb oder PWM-Betrieb\r\nStellantriebe mit Charakteristik stromlos ge\u00f6ffnet oder stromlos geschlossen ansteuerbar\r\nStellantriebe 230 V oder 24 V ansteuerbar\r\nAusg\u00e4nge manuell bedienbar, Baustellenbetrieb\r\nR\u00fcckmeldung im Handbetrieb und im Busbetrieb\r\nSperren einzelner Ausg\u00e4nge per Hand oder Bus\r\n\u00dcberlastsicher, kurzschlusssicher; Fehleranzeige mit LED\r\nSchutz gegen festsitzende Ventile\r\nZwangsstellung\r\nUnterschiedliche Sollwerte f\u00fcr Zwangsstellung oder Notbetrieb bei Busausfall f\u00fcr Sommer und Winter\r\nZyklische \u00dcberwachung der Eingangssignale parametrierbar\r\nR\u00fcckmeldung \u00fcber Bus z. B. bei Netzausfall, \u00dcberlast oder Sensorausfall",
    "image1": "products/Jung-KNX-Heizungsaktor-2336-REG-HZ-HE.jpg",
    "image2": "products/jung-2336_reg_hz_he-knx-ns6516434_02.jpg",
    "image3": "products/jung-2336_reg_hz_he-knx-ns6516434_04.jpg",
    "end_of_life": false,
    "protocol": [],
    "features": []
  }
},
{
  "model": "app.product",
  "pk": 20,
  "fields": {
    "name": "BMS Weather controller Quadra",
    "provider": 21,
    "product_type": 19,
    "serial_number": "------",
    "description": "Die Wetterzentrale Quadra\u00ae ist gleichzeitig eine\r\nWetterstation und eine Sonnenschutzzentrale f\u00fcr\r\nacht Sektoren/Fassadenabschnitte.\r\nDie Wetterzentrale erfasst mit ihren Sensoren\r\n\u2022 Wind und Windrichtung\r\n\u2022 5 x Helligkeit (Nord, Ost, S\u00fcd, West, Sky)\r\n\u2022 5 x Globalstrahlung (Nord, Ost, S\u00fcd, West, Sky)\r\n\u2022 Temperatur\r\n\u2022 Niederschlag\r\ndas Wettergeschehen aufs Genauste.\r\nNeben ihren zahlreichen Sicherheits- und Komfortprogrammen\r\nbietet die Wetterzentrale zus\u00e4tzliche\r\nBesonderheiten wie Globalstrahlungserfassung,\r\nSonnenstandsnachf\u00fchrung, verschlei\u00dffreie Windrichtungsdiagnose,\r\nBeleuchtungsautomatik und die\r\nneuartige BMS-Fuzzylogik.\r\nUnd bei allem ist die Quadra\u00ae kinderleicht in Betrieb\r\nzu nehmen.",
    "specifications": "Komfortprogramme\r\n4 x Beschattung\r\n1 x Temperatur\r\n1 x Hitze\r\n1 x Beleuchtung\r\n1 x D\u00e4mmerung\r\n2 x Zeit\r\n16 x Eingang\r\n\r\nWeitere Funktionen\r\n\u2022 Grenzwerte \u00fcber EIB/KNX \u00e4nderbar\r\n\u2022 Sonnenstandsnachf\u00fchrung\r\n\u2022 Serviceintervall-Meldung\r\n\u2022 St\u00f6rungsmeldungen der Sensoren\r\n\u2022 Positionierung je Programm m\u00f6glich\r\n\u2022 8 Sektoren/Fassadenabschnitte\r\n\r\nSicherheitspogramme\r\n2 x Wind\r\n2 x Niederschlag\r\n2 x Frost\r\n1 x Globalstrahlung",
    "image1": "products/bms_quadra_1.jpg",
    "image2": "products/bms_quadra_2.jpg",
    "image3": "products/bms_quadra_3.png",
    "end_of_life": false,
    "protocol": [],
    "features": []
  }
},
{
  "model": "app.product",
  "pk": 21,
  "fields": {
    "name": "Vollintegrierter Geschirrsp\u00fcler",
    "provider": 11,
    "product_type": 20,
    "serial_number": "G 6992 SCVi K2O",
    "description": "Vollintegrierter Geschirrsp\u00fcler\r\n\u2212 der Miele Allesk\u00f6nner f\u00fcr griffloses K\u00fcchendesign.\r\nAutomatische T\u00fcr\u00f6ffnung bei 2maligem Klopfen \u2212 Knock2open\r\nEinfachste Kommunikation mit dem Ger\u00e4te - WiFi Conn@ct \r\nMotorische T\u00fcrschlie\u00dfung - AutoClose\r\nPerfekte Ausleuchtung f\u00fcr leichtes Beladen \u2212 BrilliantLight\r\nBeste Ergebnisse in weniger als einer Stunde - QuickPowerWash",
    "specifications": "Bauform \r\nVollintegrierter Geschirrsp\u00fcler        \r\n\u2022\r\n60er Geschirrsp\u00fcler        \r\n\u2022\r\nDesign \r\nFarbe        \r\nEdelstahl\r\nBlendenausf\u00fchrung        \r\nVollintegrierte Blende\r\nBedienungsart        \r\nTouch on metal\r\nDisplay        \r\n2-zeiliges Vi-Display mit Klartext\r\nDisplayfarbe        \r\nWei\u00df\r\nKomfort \r\nKnock2open        \r\n\u2022\r\nT\u00fcrschlie\u00dfhilfe        \r\nAutoClose\r\nRestzeitanzeige        \r\n\u2022\r\nBrilliantLight        \r\n\u2022\r\nBetriebsger\u00e4usch dB(A) re 1 pW        \r\n41\r\nSalzgef\u00e4\u00df in der T\u00fcr        \r\n\u2022\r\nStartvorwahl bis zu 24 h        \r\n\u2022\r\nTimeControl        \r\n\u2022\r\nFunktionskontrolle        \r\noptisch und akustisch\r\nGeschirr erg\u00e4nzen m\u00f6glich        \r\n\u2022\r\nWahl der Displaysprache        \r\n\u2022\r\nEffizienz und Nachhaltigkeit \r\nEnergieeffizienzklasse        \r\nA+++\r\nsparsamer als der Grenzwert der Energieeffizienzklasse A+++        \r\n20%\r\nTrocknungsklasse        \r\nA\r\nWasserverbrauch im Programm ECO in l        \r\n9,9\r\nStromverbrauch im Programm ECO in kWh        \r\n0,67\r\nJahreswasserverbrauch im Programm ECO in l        \r\n2.772\r\nJahresstromverbrauch im Programm ECO in kWh        \r\n189\r\nWasserverbrauch im Programm Automatic in l ab        \r\n6,5\r\nVerbrauchswert Warmwasseranschluss im Programm ECO in kWh        \r\n0,49\r\nStromverbrauch im Stand-by Modus in W        \r\n0,30\r\nFlexiTimer mit EcoStart        \r\n\u2022\r\nEcoFeedback        \r\n\u2022\r\nWarmwasseranschluss        \r\n\u2022\r\nWechselsp\u00fcl-Technologie        \r\n\u2022\r\nHalbe Beladung        \r\n\u2022\r\nGeschirr- und Gl\u00e4serschonung \r\nFrischwassersp\u00fcler        \r\n\u2022\r\nAutoOpen-Trocknung        \r\n\u2022\r\nSensorDry        \r\n\u2022\r\nUmluft-Turbothermic-Trocknung        \r\n\u2022\r\nPerfect GlassCare        \r\n\u2022\r\nReinigerAgent        \r\n\u2022\r\nSp\u00fclprogramme \r\nECO        \r\n\u2022\r\nAutomatic        \r\n\u2022\r\nIntensiv 75\u00b0C        \r\n\u2022\r\nNormal 55\u00b0C        \r\n\u2022\r\nFein        \r\n\u2022\r\nQuickPowerWash        \r\n\u2022\r\nSolarSpar        \r\n\u2022\r\nHygiene        \r\n\u2022\r\nExtraLeise 38 dB(A)        \r\n\u2022\r\nPasta/Paella        \r\n\u2022\r\nOhne Oberkorb 65\u00b0C        \r\n\u2022\r\nBiergl\u00e4ser warm        \r\n\u2022\r\nMaschinenreinigung        \r\n\u2022\r\nSp\u00fcloptionen \r\nKurz        \r\n\u2022\r\nUnten intensiv        \r\n\u2022\r\nExtra sparsam        \r\n\u2022\r\nExtra trocken        \r\n\u2022\r\nEinweichen        \r\n\u2022\r\nVorsp\u00fclen        \r\n\u2022\r\nKorbgestaltung \r\nBesteckunterbringung        \r\n3D-Besteckschublade +\r\nFlexCare-Gl\u00e4serhalter        \r\n4\r\nKorbgestaltung        \r\nMaxiComfort\r\nAnzahl Ma\u00dfgedecke        \r\n14\r\nHausger\u00e4te-Vernetzung \r\nMiele@home        \r\nausger\u00fcstet\r\nWifiConn@ct        \r\n\u2022\r\nMiele@mobile App        \r\n\u2022\r\nSuperVision-Anzeige        \r\n\u2022\r\nMobileControl        \r\n\u2022\r\nSmartStart        \r\n\u2022\r\nTechnik und Qualit\u00e4t \r\nSensorik        \r\nAutoSensor\r\nEcoTech W\u00e4rmespeicher        \r\n\u2022\r\nElektronische Profi-Pumpe f\u00fcr variablen Spr\u00fchdruck        \r\n\u2022\r\nSicherheit \r\nWaterproof-System        \r\n\u2022\r\nSieb-Kontrollanzeige        \r\n\u2022\r\nTechnische Daten \r\nNischenbreite in mm        \r\n600\r\n-\r\n600\r\nNischenh\u00f6he in mm        \r\n805\r\n-\r\n870\r\nNischentiefe in mm        \r\n570\r\nGer\u00e4tebreite in mm        \r\n598\r\nGer\u00e4teh\u00f6he in mm        \r\n805\r\nGer\u00e4tetiefe in mm        \r\n570\r\nGer\u00e4tetiefe bei ge\u00f6ffneter T\u00fcr in cm        \r\n116,5\r\nNettogewicht in kg        \r\n47,0\r\nGesamtanschlusswert in kW        \r\n2,1\r\nSpannung in V        \r\n230\r\nAbsicherung in A        \r\n10\r\nElektrische Frequenz Standard        \r\n50\r\nPhasenanzahl        \r\n1\r\nL\u00e4nge Wasserzulaufschlauch in m        \r\n1,50\r\nL\u00e4nge Wasserablaufschlauch in m        \r\n1,50\r\nL\u00e4nge der elektrischen Zuleitung in m        \r\n1,70",
    "image1": "products/Miele_G6992SCViK2O_1.jpg",
    "image2": "products/miele_g_6992_scvi_k2o_2.jpg",
    "image3": "products/miele_g_6992_scvi_k2o_3.jpg",
    "end_of_life": false,
    "protocol": [],
    "features": []
  }
},
{
  "model": "app.product",
  "pk": 22,
  "fields": {
    "name": "Finish&Eco T1 W\u00e4rmepumpentrockner",
    "provider": 11,
    "product_type": 21,
    "serial_number": "TMM840 WP S",
    "description": "T1 W\u00e4rmepumpentrockner\r\nmit SG-ready automatisch zum g\u00fcnstigsten Stromtarif trocknen.\r\nIntelligentes Energiemanagement mit SG-ready\r\nDuftende W\u00e4sche, so wie Sie es m\u00f6gen - FragranceDos\r\nDer schnelle B\u00fcgelersatz durch Dampfgl\u00e4tten - SteamFinish\r\nPunktgenaue Trocknung f\u00fcr alle Textilien - Perfect Dry\r\nSchonende W\u00e4schepflege dank Miele Schontrommel",
    "specifications": "Produktdetails - TMM840 WP SFinish&Eco\r\n\r\nBauform \r\nS\u00e4ulenf\u00e4hig\t\r\n\u2022Side-by-Side\t\r\n\u2022Unterschiebbar\t\r\n\u2022T\u00fcranschlag\t\r\nlinks\r\n\r\nBauart \r\n\u2022W\u00e4rmepumpentrockner\r\n\r\nProduktmarke\t\r\n\u2022T1 White Edition\r\n\r\nDesign \r\nGer\u00e4tefarbe\t\r\nLotoswei\u00df\r\nT\u00fcrdesign\t\r\nWei\u00df mit Chromring\r\nParameter-Tasten\t\r\nChrom\r\nBlendenfarbe\t\r\nLotoswei\u00df\r\nOptions-Tasten\t\r\nLotoswei\u00df\r\nFarbe Drehwahlschalter\t\r\nLotoswei\u00df / Ring Chrom\r\nBlendenausf\u00fchrung\t\r\n5\u00b0 geneigt\r\nBedienungsart\t\r\nDrehwahlschalter\r\nDisplay\t\r\n1-zeilig\r\nTrockenergebnis \r\nFragranceDos\t\r\n\u2022Perfect Dry\t\r\n\u2022SteamFinish\t\r\n\u2022Intelligente Trommelreversierung\t\r\n\u2022W\u00e4scheschonung \r\nPatentierte Schontrommel\t\r\n\r\nBeladung in kg\t\r\n\u20228,0\r\nBedienkomfort \r\n\u2022Startvorwahl bis zu 24h\t\r\n\u2022Restzeitanzeige\t\r\n\u2022Programmablauf-Anzeige\t\r\n\u2022Trommelbeleuchtung\r\n\u2022LED\r\n\u2022Wahl der Displaysprache\t\r\n\u2022Kondensatbeh\u00e4lter\r\n\u2022Integrierte Kondenswasserableitung\t\r\n\r\nEffizienz und Nachhaltigkeit \r\n\r\nEnergieeffizienzklasse\t\r\n\u2022A+++\r\nJahresstromverbrauch in kWh\t\r\n\u2022169\r\nLaufzeit im Standardprogramm in min\t\r\n\u2022169\r\nGer\u00e4usch im Programm Baumwolle volle Beladung in db(A)re1pW\t\r\n\u202264\r\nKondensationseffizienzklasse\t\r\n\u2022A\r\nStromverbrauch im Standardprogramm Baumwolle Schranktrocken bei voller Beladung in kWh\t\r\n\u20221,39\r\n\u2022Wartungsfreier W\u00e4rmetauscher\t\r\n\u2022EcoFeedback-Funktion\r\n\u2022EcoDry-Technologie\t\r\n\u2022Enth\u00e4lt fluorierte Treibhausgase\t\r\n\u2022Hermetisch geschlossen\t\r\nK\u00e4ltemittelart\t\r\n\u2022R134a\r\nProfiEco Motor\t\r\n\r\nTrockenprogramme \r\n\u2022Automatic plus\t\r\n\u2022Baumwolle\t\r\n\u2022Pflegeleicht\t\r\n\u2022Feinw\u00e4sche\t\r\n\u2022Oberhemden\t\r\n\u2022Finish Seide\t\r\n\u2022Finish Wolle\t\r\n\u2022Dampfgl\u00e4tten\t\r\n\u2022Express\t\r\n\u2022Jeans\t\r\n\u2022Outdoor\t\r\n\u2022Impr\u00e4gnieren\t\r\n\u2022Sportw\u00e4sche\t\r\n\u2022L\u00fcften kalt\t\r\n\u2022L\u00fcften warm\t\r\n\u2022Korbprogramm\t\r\n\u2022Schongl\u00e4tten\t\r\n\u2022Trockenoptionen \r\nKnitterschutz\t\r\n\u2022Schonen plus\t\r\n\u2022Auffrischen\t\r\n\u2022Summer\t\r\n\u2022Mengenautomatik\t\r\n\u2022Hausger\u00e4te-Vernetzung \r\n\r\nVorger\u00fcstet f\u00fcr Miele@home\t\r\n\u2022SmartStart\t\r\n\u2022Qualit\u00e4t \r\nEmaillierte Front\t\r\n\u2022Softrippen\t\r\n\r\nSicherheit \r\n\u2022PIN-Code Verriegelung\t\r\n\u2022Anzeige \"\"Beh\u00e4lter entleeren\"\"\t\r\n\u2022Anzeige \"\"Filter reinigen\"\"\t\r\n\u2022Optische Schnittstelle\t\r\n\r\nTechnische Daten \r\nAbmessungen in mm (Breite)\t\r\n596\r\nAbmessungen in mm (H\u00f6he)\t\r\n850\r\nAbmessungen in mm (Tiefe)\t\r\n643\r\nGer\u00e4tetiefe bei ge\u00f6ffneter T\u00fcr in mm\t\r\n1.077\r\nGewicht in kg\t\r\n64\r\nGesamtanschlusswert in kW\t\r\n1,10\r\nSpannung in V\t\r\n220-240\r\nFrequenz in HZ\t\r\n50\r\nAbsicherung in A\t\r\n10\r\nL\u00e4nge der elektrischen Zuleitung in mm\t\r\n2.000\r\nMitgeliefertes Zubeh\u00f6r \r\nDuftflakon",
    "image1": "products/miele_TMM840WPS_1.jpg",
    "image2": "products/miele_TMM840WPS_2.png",
    "image3": "products/miele_TMM840WPS_3.jpg",
    "end_of_life": false,
    "protocol": [],
    "features": []
  }
},
{
  "model": "app.product",
  "pk": 23,
  "fields": {
    "name": "Wash 2.0 & TDos XLW1 Waschmaschine Frontlader",
    "provider": 11,
    "product_type": 22,
    "serial_number": "WMR861 WPS P",
    "description": "W1 Waschmaschine Frontlader\r\nmit Miele@home und SteamCare f\u00fcr maximalen Komfort.\r\nF\u00fcr die gro\u00dfe W\u00e4sche - 9,0 kg Beladung\r\nSchneller sauber geht es nicht - QuickPowerWash\r\nBestes Fl\u00fcssigwaschmittel auf Knopfdruck - TwinDos\r\nDie perfekte Erg\u00e4nzung f\u00fcr spezielle Anwendungen - CapDosing\r\n50% weniger B\u00fcgeln plus maximale Anwendungsvielfalt - SteamCare\r\nBeste W\u00e4scheschonung - Thermo-Schontrommel",
    "specifications": "Produktdetails - WMR861 WPS PWash 2.0 & TDos XL\r\n\r\nBauform \r\nS\u00e4ulenf\u00e4hig\t\r\n\u2022\r\nSide-by-Side\t\r\n\u2022\r\nUnterschiebbar\t\r\n\u2022\r\nT\u00fcranschlag\t\r\nrechts\r\nBauart \r\nProduktmarke\t\r\nW1 White Edition\r\nFrontlader\t\r\n\u2022\r\nSchleudern \r\nMax. Schleuderdrehzahl\t\r\n1.600\r\nSp\u00fclstop\t\r\n\u2022\r\nFunktion \"\"ohne Schleudern\"\"\t\r\n\u2022\r\nDesign \r\nGer\u00e4tefarbe\t\r\nLotoswei\u00df\r\nT\u00fcrdesign\t\r\nWei\u00df mit Chromring\r\nParameter-Tasten\t\r\nChrom\r\nBlendenfarbe\t\r\nLotoswei\u00df\r\nOptions-Tasten\t\r\nChrom\r\nFarbe Drehwahlschalter\t\r\nLotoswei\u00df / Ring Chrom\r\nBlendenausf\u00fchrung\t\r\n5\u00b0 geneigt\r\nBedienungsart\t\r\nDrehwahlschalter\r\nDisplay\t\r\n4-zeilig TFT\r\nReinigungsleistung \r\nPowerWash 2.0\t\r\n\u2022\r\nTwinDos\t\r\n\u2022\r\nCapDosing\t\r\n\u2022\r\nFleckenoption\t\r\n\u2022\r\nW\u00e4scheschonung \r\nThermo-Schontrommel\t\r\n\u2022\r\nBeladung in kg\t\r\n9,0\r\nBedienkomfort \r\nSteamCare\t\r\n\u2022\r\nStartvorwahl bis zu 24h\t\r\n\u2022\r\nRestzeitanzeige\t\r\n\u2022\r\nTageszeitanzeige\t\r\n\u2022\r\nProgrammablauf-Anzeige\t\r\n\u2022\r\nFavoriten-Programme\t\r\n\u2022\r\nTrommelbeleuchtung\t\r\nLED\r\nWahl der Displaysprache\t\r\n\u2022\r\nAutoClean Einsp\u00fclkasten\t\r\n\u2022\r\nEffizienz und Nachhaltigkeit \r\nEnergieeffizienzklasse\t\r\nA+++\r\nsparsamer als der Grenzwert der Energieeffizienzklasse A+++\t\r\n40%\r\nJahreswasserverbrauch in l\t\r\n11.000\r\nJahresstromverbrauch in kWh\t\r\n130,00\r\nSchleuderwirkungsklasse\t\r\nA\r\nGer\u00e4usch beim Waschen in db(A) re1pW\t\r\n46\r\nGer\u00e4usch beim Schleudern in db(A) re1pW\t\r\n72\r\nWasserverbrauch im Standardprogramm Baumwolle 60\u00b0 bei voller Beladung in l\t\r\n54\r\nStromverbrauch im Standardprogramm Baumwolle 60\u00b0 bei voller Beladung in kWh\t\r\n0,80\r\nEcoFeedback-Funktion\t\r\n\u2022\r\nMengenautomatik\t\r\n\u2022\r\nNiedrigtemperaturwaschen \"\"kalt\"\" und \"\"20\u00b0C\"\"\t\r\n\u2022\r\nWassermengenz\u00e4hler\t\r\n\u2022\r\nSchaumregulierung\t\r\n\u2022\r\nProfiEco Motor\t\r\n\u2022\r\nWaschprogramme \r\nQuickPowerWash\t\r\n\u2022\r\nAutomatic plus\t\r\n\u2022\r\nBaumwolle\t\r\n\u2022\r\nFeinw\u00e4sche\t\r\n\u2022\r\nPflegeleicht\t\r\n\u2022\r\nOberhemden\t\r\n\u2022\r\nSeide (Handw\u00e4sche)\t\r\n\u2022\r\nWolle (Handw\u00e4sche)\t\r\n\u2022\r\nEinzelteilemix\t\r\n\u2022\r\nFavoriten\t\r\n\u2022\r\nExpress 20\t\r\n\u2022\r\nDunkle W\u00e4sche\t\r\n\u2022\r\nJeans\t\r\n\u2022\r\nOutdoor\t\r\n\u2022\r\nImpr\u00e4gnieren\t\r\n\u2022\r\nSportw\u00e4sche\t\r\n\u2022\r\nFederbetten\t\r\n\u2022\r\nDaunen\t\r\n\u2022\r\nGardinen\t\r\n\u2022\r\nAuffrischen (Dampf)\t\r\n\u2022\r\nFinish Dampf\t\r\n\u2022\r\nMaschine reinigen\t\r\n\u2022\r\nNeue Textilien\t\r\n\u2022\r\nNur Sp\u00fclen\t\r\n\u2022\r\nSt\u00e4rken\t\r\n\u2022\r\nPumpen/Schleudern\t\r\n\u2022\r\nWaschoptionen \r\nProgrammManager\t\r\n\u2022\r\nKurz\t\r\n\u2022\r\nEinweichen\t\r\n\u2022\r\nVorw\u00e4sche\t\r\n\u2022\r\nWasser plus\t\r\n\u2022\r\nZus\u00e4tzlicher Sp\u00fclgang\t\r\n\u2022\r\nDampfgl\u00e4tten\t\r\n\u2022\r\nSummer\t\r\n\u2022\r\nHausger\u00e4te-Vernetzung \r\nVorger\u00fcstet f\u00fcr Miele@home\t\r\n\u2022\r\nSmartStart\t\r\n\u2022\r\nQualit\u00e4t \r\nLaugenbeh\u00e4lter\t\r\nEdelstahl\r\nEmaillierte Front\t\r\n\u2022\r\nKontergewichte aus Grauguss\t\r\n\u2022\r\nSicherheit \r\nWaterproof-System\t\r\n\u2022\r\nKindersicherung\t\r\n\u2022\r\nPIN-Code Verriegelung\t\r\n\u2022\r\nOptische Schnittstelle\t\r\n\u2022\r\nTechnische Daten \r\nAbmessungen in mm (Breite)\t\r\n596\r\nAbmessungen in mm (H\u00f6he)\t\r\n850\r\nAbmessungen in mm (Tiefe)\t\r\n643\r\nGer\u00e4tetiefe bei ge\u00f6ffneter T\u00fcr in mm\t\r\n1.077\r\nGewicht in kg\t\r\n96\r\nGesamtanschlusswert in kW\t\r\n2,10-2,40\r\nSpannung in V\t\r\n220-240\r\nFrequenz in HZ\t\r\n50\r\nAbsicherung in A\t\r\n10\r\nL\u00e4nge der elektrischen Zuleitung in mm\t\r\n2.000\r\nMitgeliefertes Zubeh\u00f6r \r\n3 Caps\t\r\n\u2022\r\nUltraPhase 1\t\r\n\u2022\r\nUltraPhase 2\t\r\n\u2022",
    "image1": "products/miele_WMR861WPSP_1.jpg",
    "image2": "products/miele_WMR861WPSP_2.png",
    "image3": "products/miele_WMR861WPSP_3.jpg",
    "end_of_life": false,
    "protocol": [],
    "features": []
  }
},
{
  "model": "app.product",
  "pk": 24,
  "fields": {
    "name": "Backofen",
    "provider": 11,
    "product_type": 23,
    "serial_number": "H 6660 BP",
    "description": "Backofen\r\nmit AirClean-Katalysator und Speisenthermometer zum gradgenauen Garen.\r\nTFT-Klartext-Display mit Touch-Bedienung - SensorTronic\r\nPerfektionierung der Back- und Bratergebnisse - Klimagaren\r\nGradgenaues Braten - Speisenthermometer\r\nGanz einfach zum perfekten Ergebnis - Automatikprogramme\r\nGeringster Reinigungsaufwand - Pyrolyse-Ausstattung",
    "specifications": "Produktdetails - H 6660 BP\r\n\r\nBauform \r\nEinbau-Backofen\t\r\n\u2022\r\nDesign \r\nPureLine\t\r\n\u2022\r\nFarbe\t\r\nBrillantwei\u00df\r\nDisplay\t\r\nSensorTronic\r\nGenussvorteile \r\nGenaue Temperaturregelung\t\r\n30 - 300\u00b0C\r\nSpeisenthermometer\t\r\n\u2022\r\nCrisp function\t\r\n\u2022\r\nBetriebsarten \r\nBratautomatic\t\r\n\u2022\r\nAuftauen\t\r\n\u2022\r\nAutomatikprogramme\t\r\n\u00fcber 100\r\nBr\u00e4unungsgaren\t\r\n\u2022\r\nGrill\t\r\n\u2022\r\nGrill klein\t\r\n\u2022\r\nHei\u00dfluft plus\t\r\n\u2022\r\nIntensivbacken\t\r\n\u2022\r\nNiedertemperaturgaren\t\r\n\u2022\r\nKlimagaren\t\r\n\u2022\r\nOber-/Unterhitze\t\r\n\u2022\r\nOberhitze\t\r\n\u2022\r\nUnterhitze\t\r\n\u2022\r\nUmluftgrill\t\r\n\u2022\r\nSpezialanwendungen\t\r\n\u2022\r\nBedienkomfort \r\nIndividuelle Sprachauswahl\t\r\n\u2022\r\nZeitlich programmierbarer Dampfsto\u00df\t\r\n\u2022\r\nTageszeitanzeige\t\r\n\u2022\r\nAnzeige Datum\t\r\n\u2022\r\nKurzzeitwecker\t\r\n\u2022\r\nUhrzeitspeicher in h\t\r\n200\r\nStart-Stopp-Programmierung\t\r\n\u2022\r\nAbschaltautomatik\t\r\n\u2022\r\nProgrammierung Garzeitdauer\t\r\n\u2022\r\nWerteeingabe \u00fcber Zehner-Block\t\r\n\u2022\r\nIst-Temperaturanzeige\t\r\n\u2022\r\nVorschlagstemperatur\t\r\n\u2022\r\nSignalton bei Erreichen der Solltemperatur\t\r\n\u2022\r\nEigene Programme\t\r\n20\r\nSabbat Programm\t\r\n\u2022\r\nIndividuelle Einstellungen\t\r\n\u2022\r\nGer\u00e4tet\u00fcr \r\nCleanGlass T\u00fcr\t\r\n\u2022\r\nGarraum \r\nGarraumvolumen in l\t\r\n76\r\nAnzahl der Einschubebenen\t\r\n5\r\nKennzeichnung der Einschubebenen\t\r\n\u2022\r\nAnzahl Halogen-Beleuchtung\t\r\nzweifach\r\nPflegekomfort \r\nPyrolytische Selbstreinigung\t\r\n\u2022\r\nKatalysator beheizt\t\r\n\u2022\r\nGrillheizk\u00f6rper abklappbar\t\r\n\u2022\r\nEffizienz und Nachhaltigkeit \r\nEnergieeffizienzklasse\t\r\nA+\r\nEnergiesparschaltung Beleuchtung\t\r\n\u2022\r\nSchnellaufheizen\t\r\n\u2022\r\nRestw\u00e4rmenutzung\t\r\n\u2022\r\nHausger\u00e4te-Vernetzung \r\nMiele@home\t\r\nVorbereitet\r\nSuperVision-Anzeige\t\r\n\u2022\r\nSicherheit \r\nGer\u00e4tek\u00fchlsystem mit k\u00fchler Front\t\r\n\u2022\r\nSicherheitsausschaltung\t\r\n\u2022\r\nInbetriebnahmesperre\t\r\n\u2022\r\nT\u00fcrkontaktschalter\t\r\n\u2022\r\nT\u00fcrverriegelung im Pyrolysebetrieb\t\r\n\u2022\r\nTechnische Daten \r\nNischenbreite in mm\t\r\n560\r\n-\r\n568\r\nNischenh\u00f6he in mm\t\r\n593\r\n-\r\n595\r\nNischentiefe in mm\t\r\n550\r\nGewicht in kg\t\r\n47,0\r\nGesamtanschlusswert in kW\t\r\n3,7\r\nFrequenz in Hz\t\r\n50\r\nSpannung in V\t\r\n230\r\nAbsicherung in A\t\r\n16\r\nPhasenanzahl\t\r\n1\r\nMitgeliefertes Zubeh\u00f6r \r\nBackblech mit PerfectClean\t\r\n1\r\nUniversalblech mit PerfectClean\t\r\n1\r\nBack- und Bratrost PyroFit\t\r\n1\r\nFlexiClip-Vollausz\u00fcge PyroFit\t\r\n1 Paar\r\nAufnahmegitter PyroFit\t\r\n1 Paar\r\nAnforderungskarte f\u00fcr Kochbuch\t\r\n\u2022\r\nNetzstecker\t\r\n\u2022\r\nEntkalkungstabletten\t\r\n\u2022",
    "image1": "products/Miele_ofen_1.jpg",
    "image2": "products/miele_ofen_2.jpg",
    "image3": "products/Miele_ofen_3.jpg",
    "end_of_life": false,
    "protocol": [],
    "features": []
  }
},
{
  "model": "app.product",
  "pk": 25,
  "fields": {
    "name": "Herdunabh\u00e4ngiges Induktionskochfeld",
    "provider": 11,
    "product_type": 24,
    "serial_number": "KM 6879",
    "description": "Herdunabh\u00e4ngiges Induktionskochfeld\r\nmit TempControl f\u00fcr intelligentes & einfaches Braten\r\n Intuitive Schnellanwahl durch Zahlenreihen - Smart Select White\r\nModernes Design - 928 mm breit f\u00fcr den fl\u00e4chenb\u00fcndigen Einbau\r\nIntelligent und flexibel - 5 Kochzonen inkl. TempControl-Kochzone\r\nKommunikation mit der Haube - Automatikfunktion Con@ctivity 2.0\r\nGro\u00dfes Leistungsspektrum - Warmhalten Plus und TwinBooster",
    "specifications": "Produktdetails - KM 6879\r\n\r\nBeheizungsart \r\nBeheizungsart\t\r\nElektro mit Induktion\r\nBauform \r\nUnabh\u00e4ngig vom Herd\t\r\n\u2022\r\nDesign \r\nElegante Glaskeramikoberfl\u00e4che\t\r\n\u2022\r\nFarbe der Glaskeramik\t\r\nGraphitschwarz\r\nBedruckungsdesign\t\r\nLightPrint\r\nFl\u00e4chenb\u00fcndiger Einbau\t\r\n\u2022\r\nKochzonenausstattung \r\nAnzahl der Kochzonen\t\r\n5\r\nPowerFlex-Kochzonen \r\nAnzahl\t\r\n2\r\nDurchmesser in mm\t\r\n150x230\r\nLeistung in W\t\r\n2100\r\nBooster in W\t\r\n3000\r\nTwinBooster in W\t\r\n3650\r\nKochzone \r\nPosition\t\r\nvorne links\r\nArt\t\r\nVario-Kochzone\r\nDurchmesser in mm\t\r\n\u00d8 100-160\r\nLeistung in W\t\r\n1400\r\nBooster in W\t\r\n1750\r\nTwinBooster in W\t\r\n2200\r\nKochzone \r\nPosition\t\r\nhinten links\r\nArt\t\r\nVario-Kochzone\r\nDurchmesser in mm\t\r\n\u00d8 160-230\r\nLeistung in W\t\r\n2300\r\nBooster in W\t\r\n3000\r\nTwinBooster in W\t\r\n3700\r\nKochzone \r\nPosition\t\r\nhinten mittig\r\nArt\t\r\nVario-Kochzone\r\nDurchmesser in mm\t\r\n\u00d8 180-280\r\nLeistung in W\t\r\n2600\r\nBooster in W\t\r\n3000\r\nTwinBooster in W\t\r\n3700\r\nKochzone \r\nPosition\t\r\nrechts\r\nArt\t\r\nPowerFlex-Br\u00fccke\r\nDurchmesser in mm\t\r\n230x390\r\nLeistung in W\t\r\n3400\r\nBooster in W\t\r\n4800\r\nTwinBooster in W\t\r\n7300\r\nBedienkomfort \r\nBedienung \u00fcber Sensortasten\t\r\nSmart Select White\r\nTempControl\t\r\n\u2022\r\nPermanente Topferkennung\t\r\n\u2022\r\nTopf- und Topfgr\u00f6\u00dfenerkennung\t\r\n\u2022\r\nStop&Go-Funktion\t\r\n\u2022\r\nKurzzeitwecker\t\r\n\u2022\r\nAbschaltautomatik\t\r\n\u2022\r\nAnkochautomatik\t\r\n\u2022\r\nWarmhalten Plus\t\r\n\u2022\r\nWarmhalten\t\r\n\u2022\r\nIndividuelle Einstellm\u00f6glichkeiten (z.B. Signalt\u00f6ne)\t\r\n\u2022\r\nAnzeigen \r\nDigitale Anzeige der Leistungsstufen\t\r\n\u2022\r\nEffizienz und Nachhaltigkeit \r\nRestw\u00e4rmenutzung\t\r\n\u2022\r\nHausger\u00e4te-Vernetzung \r\nMiele@home\t\r\nausger\u00fcstet\r\nAutomatikfunktion Con@ctivity 2.0\t\r\nausger\u00fcstet\r\nPflegekomfort \r\nLeicht zu reinigende Glaskeramik\t\r\n\u2022\r\nWischschutz\t\r\n\u2022\r\nSicherheit \r\nSicherheitsausschaltung\t\r\n\u2022\r\nVerriegelungsfunktion\t\r\n\u2022\r\nInbetriebnahmesperre\t\r\n\u2022\r\nFehler\u00fcberwachung\t\r\n\u2022\r\n\u00dcberhitzungsschutz\t\r\n\u2022\r\nRestw\u00e4rmeanzeige\t\r\n\u2022\r\nTechnische Daten \r\nAbmessungen in mm (Breite)\t\r\n928\r\nAbmessungen in mm (Tiefe)\t\r\n512\r\nEinbauh\u00f6he mit Anschlusskasten in mm\t\r\n52\r\nAusschnittma\u00dfe in mm (Breite)\t\r\n932\r\nAusschnittma\u00dfe in mm (Tiefe)\t\r\n516\r\nGesamtanschlusswert in kW\t\r\n11,0\r\nGewicht in kg\t\r\n16\r\nSpannung in V\t\r\n230\r\nAbsicherung in A\t\r\n16\r\nFrequenz in Hz\t\r\n50-60\r\nPhasenanzahl\t\r\n3\r\nL\u00e4nge der elektrischen Zuleitung in m\t\r\n1,4\r\nMitgeliefertes Zubeh\u00f6r \r\nAnschlusskabel\t\r\n\u2022",
    "image1": "products/miele_kochfeld_1.jpg",
    "image2": "products/miele_kochfeld_2.jpg",
    "image3": "products/Miele_kochfeld_3.jpg",
    "end_of_life": false,
    "protocol": [],
    "features": []
  }
},
{
  "model": "app.product",
  "pk": 26,
  "fields": {
    "name": "Puristic Edition 6000 Wand-Dunstabzugshaube",
    "provider": 11,
    "product_type": 25,
    "serial_number": "DA 6690 W",
    "description": "Wand-Dunstabzugshaube\r\nmit energiesparender LED-Beleuchtung und Touchbedienung f\u00fcr einfache Bedienung.\r\nFamiliendesign - abgestimmt auf Einbauger\u00e4tegeneration 6000\r\nEinzigartiger Bedienkomfort - Con@ctivity 2.0\r\nLeistungsstark - 640 m3/h in der Boosterstufe\r\nEnergiesparend und leise - leistungsstarker ECO-Motor\r\nAngenehm leise - Miele Akustikpaket",
    "specifications": "Produktdetails - DA 6690 W Puristic Edition 6000\r\n\r\nBauform \r\nWand-Dunstabzugshaube\t\r\n\u2022\r\nDesign \r\nFarbe\t\r\nEdelstahl\r\nRAL-Farbe als Sonderanfertigung m\u00f6glich\t\r\n\u2022\r\nIndividuelle Anpassungen auf Kundenwunsch m\u00f6glich\t\r\n\u2022\r\nVariable H\u00f6he als Sonderanfertigung m\u00f6glich\t\r\n\u2022\r\nVariable Breite als Sonderanfertigung m\u00f6glich\t\r\n\u2022\r\nBetriebsarten \r\nArt der Luftf\u00fchrung\t\r\nUmr\u00fcstbar\r\nBedienkomfort \r\nElektronische Steuerung\t\r\n\u2022\r\nTouchbedienung auf Glas\t\r\n\u2022\r\nLeistungsstufen (Anzahl ohne Boosterstufe)\t\r\n3\r\nBoosterstufe\t\r\n\u2022\r\nBoosterstufenabschaltung programmierbar\t\r\n\u2022\r\nNachlaufzeit 5 o. 15 Min.\t\r\n\u2022\r\nFettfilter-S\u00e4ttigung programmierbar\t\r\n\u2022\r\nSilence-Paket\t\r\n\u2022\r\nAktivkohlefilter-S\u00e4ttigung programmierbar\t\r\n\u2022\r\nPflegekomfort \r\nReinigungsfreundlicher Haubeninnenraum CleanCover\t\r\n\u2022\r\nEffizienz und Nachhaltigkeit \r\nJ\u00e4hrlicher Energieverbrauch in kWh/Jahr\t\r\n30,8\r\nEnergieeffizienzklasse\t\r\nA+\r\nKlasse f\u00fcr fluiddynamische Effizienz\t\r\nA\r\nBeleuchtungseffizienzklasse\t\r\nA\r\nKlasse f\u00fcr den Fettabscheidegrad\t\r\nA\r\nPowerManagement System\t\r\n\u2022\r\nECO-Paket\t\r\n\u2022\r\nHausger\u00e4te-Vernetzung \r\nAutomatikfunktion Con@ctivity 2.0\t\r\n\u2022\r\nMiele@home\t\r\nausger\u00fcstet\r\nFiltersystem \r\nAnzahl sp\u00fclmaschinengeeign. EDST-Metallfettfilter (10-lagig)\t\r\n3\r\nBeleuchtung \r\nLED\t\r\n\u2022\r\nAnzahl x Watt\t\r\n3 x 3 W\r\nBeleuchtungsst\u00e4rke in Lx\t\r\n520\r\nFarbtemperatur in K\t\r\n3.500\r\nGebl\u00e4se \r\nDoppelseitig saugendes Gebl\u00e4se\t\r\n\u2022\r\nECO-Motor (Gleichstrommotor)\t\r\n\u2022\r\nLuftleistung bei max. Abluftquerschnitt f\u00fcr Abluftbetrieb (nicht bei externer Variante) \r\nLuftleistung Stufe 1 (m\u00b3/h) nach EN 61591\t\r\n200\r\nLuftleistung Stufe 2 (m\u00b3/h) nach EN 61591\t\r\n300\r\nLuftleistung Stufe 3 (m\u00b3/h) nach EN 61591\t\r\n400\r\nLuftleistung Boosterstufe (m\u00b3/h) nach EN 61591\t\r\n640\r\nSchallleistung Stufe 1 (dB(A) re1pW) nach EN 60704-3\t\r\n38\r\nSchallleistung Stufe 2 (dB(A) re1pW) nach EN 60704-3\t\r\n44\r\nSchallleistung Stufe 3 (dB(A) re1pW) nach EN 60704-3\t\r\n51\r\nSchallleistung Boosterstufe (dB(A) re1pW) n. EN 60704-3\t\r\n63\r\nSchalldruck Stufe 1 (dB(A) re20\u00b5Pa) nach EN 60704-2-13\t\r\n23\r\nSchalldruck Stufe 2 (dB(A) re20\u00b5Pa) nach EN 60704-2-13\t\r\n29\r\nSchalldruck Stufe 3 (dB(A) re20\u00b5Pa) nach EN 60704-2-13\t\r\n36\r\nSchalldruck Boosterstufe (dB(A) re20\u00b5Pa) n. EN 60704-2-13\t\r\n48\r\nLuftleistung f\u00fcr Umluftbetrieb \r\nLuftleistung Stufe 1 (m\u00b3/h) nach EN 61591\t\r\n120\r\nLuftleistung Stufe 2 (m\u00b3/h) nach EN 61591\t\r\n210\r\nLuftleistung Stufe 3 (m\u00b3/h) nach EN 61591\t\r\n330\r\nLuftleistung Boosterstufe (m\u00b3/h) nach EN 61591\t\r\n490\r\nSchallleistung Stufe 1 (dB(A) re1pW) nach EN 60704-3\t\r\n49\r\nSchallleistung Stufe 2 (dB(A) re1pW) nach EN 60704-3\t\r\n54\r\nSchallleistung Stufe 3 (dB(A) re1pW) nach EN 60704-3\t\r\n61\r\nSchallleistung Boosterstufe (dB(A) re1pW) n. EN 60704-3\t\r\n71\r\nSchalldruck Stufe 1 (dB(A) re20\u00b5Pa) nach EN 60704-2-13\t\r\n34\r\nSchalldruck Stufe 2 (dB(A) re20\u00b5Pa) nach EN 60704-2-13\t\r\n40\r\nSchalldruck Stufe 3 (dB(A) re20\u00b5Pa) nach EN 60704-2-13\t\r\n46\r\nSchalldruck Boosterstufe (dB(A) re20\u00b5Pa) n. EN 60704-2-13\t\r\n56\r\nSicherheit \r\nSicherheitsausschaltung\t\r\n\u2022\r\nEinscheibensicherheitsglas (ESG)\t\r\n\u2022\r\nTechnische Daten \r\nGesamthaubenh\u00f6he Abluft und Extern in mm\t\r\n710\r\n-\r\n1.030\r\nGesamthaubenh\u00f6he Umluft in mm\t\r\n840\r\n-\r\n1.160\r\nBreite des Haubenk\u00f6rpers in mm\t\r\n898\r\nH\u00f6he des Haubenk\u00f6rpers in mm\t\r\n85\r\nTiefe des Haubenk\u00f6rpers in mm\t\r\n500\r\nMindestabstand \u00fcber Elektrokochfeldern in mm\t\r\n450\r\nMindestabstand \u00fcber Gaskochstellen (max. 12,6 kW Gesamtleistung, Brenner \u2264 4,5 kW) in mm\t\r\n650\r\nNettogewicht in kg\t\r\n26,0\r\nL\u00e4nge der elektrischen Zuleitung in m\t\r\n1,5\r\nSchutzkontaktstecker\t\r\n\u2022\r\nGesamtanschlusswert in kW\t\r\n0,10\r\nSpannung in V\t\r\n230\r\nAbsicherung in A\t\r\n10\r\nFrequenz in Hz\t\r\n50\r\nPhasenanzahl\t\r\n1\r\nMontagehinweise \r\nAbluftanschluss oben\t\r\n\u2022\r\nAbluftanschluss oben und hinten\t\r\n\u2022\r\nDurchmesser des Abluftstutzens in mm\t\r\n150\r\nTeleskopierbarer Kamin\t\r\n\u2022\r\nTeleskopierbares Wandhalteblech\t\r\n\u2022\r\nMitgeliefertes Zubeh\u00f6r \r\nR\u00fcckstauklappe\t\r\n\u2022\r\nKommunikationsstick Con@ctivity 2.0 f\u00fcr KM\t\r\nXKS 3000 Z",
    "image1": "products/miele_dunst_1.jpg",
    "image2": "products/miele_dunst_2.jpg",
    "image3": "products/miele_dunst_3.jpg",
    "end_of_life": false,
    "protocol": [],
    "features": []
  }
},
{
  "model": "app.product",
  "pk": 27,
  "fields": {
    "name": "Einbau-Kaffeevollautomat",
    "provider": 11,
    "product_type": 26,
    "serial_number": "CVA 6805",
    "description": "\"Einbau-Kaffeevollautomat\r\nmit Bohnensystem - der Miele Allesk\u00f6nner f\u00fcr h\u00f6chste Anspr\u00fcche.\r\nPerfekte Ergebnisse und intensives Kaffeearoma - AromaticSystem\r\nVollautomatische Perfektion - OneTouch for Two\r\nEinzigartige automatische Tassenh\u00f6henerkennung - CupSensor\r\nInnovatives und komfortables Milchsystem - EasyClick-Milksystem\r\nKomfortable Reinigung f\u00fcr Pflege und Erhalt - Reinigungsprogramme\"",
    "specifications": "Produktdetails - CVA 6805\r\n\r\nBauform \r\nEinbau-Kaffeevollautomat mit Bohnensystem\t\r\n\u2022\r\nDesign \r\nPureLine\t\r\n\u2022\r\nFarbe\t\r\nHavannabraun\r\nDisplay\t\r\nM Touch\r\nGetr\u00e4nkespezialit\u00e4ten \r\nEspresso\t\r\n\u2022\r\nKaffee\t\r\n\u2022\r\nKaffee lang\t\r\n\u2022\r\nCappuccino\t\r\n\u2022\r\nLatte Macchiato\t\r\n\u2022\r\nCaff\u00e8 Latte\t\r\n\u2022\r\nHei\u00dfwasser\t\r\n\u2022\r\nHei\u00dfe Milch\t\r\n\u2022\r\nMilchschaum\t\r\n\u2022\r\nGenussvorteile \r\nOne-Touch-Zubereitung\t\r\n\u2022\r\nOneTouch for Two-Zubereitung\t\r\n\u2022\r\nAromaschonendes Kegelmahlwerk\t\r\n\u2022\r\nZweite Kaffeesorte in Form von Pulver m\u00f6glich\t\r\n\u2022\r\nGenie\u00dferprofile programmierbar\t\r\n11\r\nMahlgrad einstellbar\t\r\n\u2022\r\nMahlmenge programmierbar\t\r\n\u2022\r\nWassermenge programmierbar\t\r\n\u2022\r\nWassertemperatur programmierbar\t\r\n\u2022\r\nMilchmenge programmierbar\t\r\n\u2022\r\nMilchschaummenge programmierbar\t\r\n\u2022\r\nVorbr\u00fchen programmierbar\t\r\n\u2022\r\nKaffeekannenfunktion\t\r\n\u2022\r\nBedienkomfort \r\nIndividuelle Sprachauswahl\t\r\n\u2022\r\nAnzeige Datum\t\r\n\u2022\r\nTageszeitanzeige\t\r\n\u2022\r\nCupSensor\t\r\n\u2022\r\nStufenlos h\u00f6henverstellbarer Getr\u00e4nkeauslauf in cm\t\r\n8,3\r\n-\r\n16,5\r\nComfortDoor\t\r\n\u2022\r\nBrilliantLight\t\r\n\u2022\r\nVersteckter T\u00fcrgriff\t\r\n\u2022\r\nLeicht zug\u00e4ngliche Versorgungsbeh\u00e4lter\t\r\n\u2022\r\nEntnehmbarer Bohnenbeh\u00e4lter\t\r\n\u2022\r\nFassungsverm\u00f6gen Kaffeebohnen-Beh\u00e4lter in g\t\r\n500\r\nFassungsverm\u00f6gen Wassertank in l\t\r\n2,3\r\nFassungsverm\u00f6gen Restebeh\u00e4lter in St\u00fcck\t\r\n15\r\nEinschaltzeit programmierbar\t\r\n\u2022\r\nAusschaltzeit programmierbar\t\r\n\u2022\r\nStand-by-Zeit programmierbar\t\r\n\u2022\r\nOptionaler Anschluss f\u00fcr Einbaugeschirrw\u00e4rmer\t\r\n\u2022\r\nUhrzeitspeicher in h\t\r\n200\r\nFestwasseranschluss\t\r\n\u2022\r\nPflegekomfort \r\nKomfortable Reinigungsprogramme\t\r\n\u2022\r\nAutomatische Sp\u00fclfunktion\t\r\n\u2022\r\nAutomatische Sp\u00fclung der Milchleitung aus dem Wassertank\t\r\n\u2022\r\nComfortClean\t\r\n\u2022\r\nEntnehmbare Milchleitung\t\r\n\u2022\r\nEntnehmbare Br\u00fcheinheit\t\r\n\u2022\r\nWasserh\u00e4rte einstellbar\t\r\n\u2022\r\nEffizienz und Nachhaltigkeit \r\nEnergiesparender Eco-Mode einschaltbar\t\r\n\u2022\r\nNachtabschaltung\t\r\n\u2022\r\nHausger\u00e4te-Vernetzung \r\nMiele@Home\t\r\nvorger\u00fcstet\r\nSuperVision-Anzeige\t\r\n\u2022\r\nSicherheit \r\nInbetriebnahmesperre\t\r\n\u2022\r\nWasserschutzsystem\t\r\n\u2022\r\nTechnische Daten \r\nNischenbreite in mm\t\r\n560\r\n-\r\n568\r\nNischenh\u00f6he in mm\t\r\n450\r\n-\r\n452\r\nNischentiefe in mm\t\r\n550\r\nGer\u00e4tebreite in mm\t\r\n595\r\nGer\u00e4teh\u00f6he in mm\t\r\n452\r\nGer\u00e4tetiefe in mm\t\r\n496\r\nTiefe bei ge\u00f6ffneter T\u00fcr in cm\t\r\n106,0\r\nGesamtanschlusswert in kW\t\r\n3,5\r\nSpannung in V\t\r\n220-240\r\nAbsicherung in A\t\r\n16\r\nPhasenanzahl\t\r\n1\r\nL\u00e4nge Wasserzulaufschlauch in m\t\r\n1,5\r\nL\u00e4nge der elektrischen Zuleitung in m\t\r\n2,0\r\nMitgeliefertes Zubeh\u00f6r \r\nMilchbeh\u00e4lter - Glas\t\r\n\u2022\r\nMilchbeh\u00e4lter - Kompaktverschluss\t\r\n\u2022\r\nEntkalkungsmittel\t\r\n\u2022\r\nReinigungstabletten\t\r\n\u2022\r\nReiniger f\u00fcr Milchleitungen\t\r\n\u2022\r\nKaffeel\u00f6ffel f\u00fcr Pulverkaffee\t\r\n\u2022\r\nTeststreifen zur Bestimmung der Wasserh\u00e4rte\t\r\n\u2022",
    "image1": "products/miele_kaffee_1.jpg",
    "image2": "products/miele_kaffee_2.jpg",
    "image3": "products/miele_kaffee_3.jpg",
    "end_of_life": false,
    "protocol": [],
    "features": []
  }
},
{
  "model": "app.product",
  "pk": 28,
  "fields": {
    "name": "Einbau-K\u00fchlschrank",
    "provider": 11,
    "product_type": 2,
    "serial_number": "K 37683 iDF",
    "description": "Einbau-K\u00fchlschrank\r\nmit professionellem Plus, dank PerfectFresh Pro und innovativem FlexiLight. \r\nProfessionelle Lagerung - l\u00e4ngere Frische mit PerfectFresh Pro\r\nIndividuell verstellbare Glasbodenbeleuchtung dank FlexiLight\r\nEinlagerung von Lebensmitteln an jedem Platz - DynaCool\r\nReinigung der T\u00fcrabsteller im Geschirrsp\u00fcler - ComfortClean\r\nGed\u00e4mpftes Schlie\u00dfen der T\u00fcr durch SoftClose",
    "specifications": "Produktdetails - K 37683 iDF\r\n\r\nEAN: 4002515161128 / Artikelnummer: 36376830EU1 / Materialnummer: 09358880\r\nGer\u00e4tekategorie \r\nK\u00fchlschrank\t\r\n\u2022\r\nBauform \r\nEinbauger\u00e4t\t\r\n\u2022\r\nEinbauger\u00e4t integriert\t\r\n\u2022\r\nT\u00fcranschlag\t\r\nrechts\r\nT\u00fcranschlag wechselbar\t\r\n\u2022\r\nDesign \r\nBeleuchtung K\u00fchlzone\t\r\nFlexiLight\r\nPerfectFresh Pro LED Beleuchtung\t\r\n\u2022\r\nBedienkomfort \r\nFrischesystem\t\r\nPerfectFresh Pro\r\nComfortClean\t\r\n\u2022\r\nDynaCool\t\r\n\u2022\r\nSoftClose\t\r\n\u2022\r\nSelfClose\t\r\n\u2022\r\nSteuerung \r\nBedienkonzept\t\r\nTouchControl\r\nSuperK\u00fchlen\t\r\n\u2022\r\nAnzahl Temperaturzonen\t\r\n3\r\nSabbatmodus\t\r\n\u2022\r\nK\u00fchlger\u00e4t/-zone \r\nH\u00f6henverstellbare Abstellfl\u00e4chen aus Sicherheitsglas\t\r\n\u2022\r\nAnzahl der Abstellfl\u00e4chen\t\r\n3\r\ndavon beleuchtet\t\r\n2\r\nFlaschenablage aus verchromtem Metall\t\r\n\u2022\r\nAnzahl Frischeschubladen\t\r\n3\r\nAbstellborde durchg\u00e4ngig\t\r\n3\r\nInnent\u00fcrabsteller f\u00fcr Flaschen\t\r\n2\r\nEffizienz und Nachhaltigkeit \r\nEnergieeffizienzklasse\t\r\nA+++\r\nEnergieverbrauch pro Jahr in kWh\t\r\n160\r\nEnergieverbrauch in 24 h in kWh\t\r\n0,438\r\nHausger\u00e4te-Vernetzung \r\nMiele@home\t\r\nvorbereitet\r\nSicherheit \r\nVerriegelungsfunktion\t\r\n\u2022\r\nAkustischer T\u00fcralarm\t\r\n\u2022\r\nOptischer T\u00fcralarm\t\r\n\u2022\r\nTechnische Daten \r\nNischenbreite in mm\t\r\n560\r\n-\r\n570\r\nNischenh\u00f6he in mm\t\r\n1.772\r\n-\r\n1.788\r\nNischentiefe in mm\t\r\n550\r\nGer\u00e4tebreite in mm\t\r\n559\r\nGer\u00e4teh\u00f6he in mm\t\r\n1.770\r\nGewicht in kg\t\r\n73,1000\r\nGer\u00e4tetiefe in mm\t\r\n544\r\nBefestigungstechnik\t\r\nFestt\u00fcr\r\nMax. T\u00fcrfrontgewicht K\u00fchlteil in kg\t\r\n26\r\nKlimaklasse\t\r\nSN-T\r\nK\u00fchlzone in l\t\r\n257\r\n4*-Gefrierzone in l\t\r\n27\r\nPerfectFresh-Zone in l\t\r\n90\r\nGesamtnutzinhalt in l\t\r\n284\r\nLagerzeit bei St\u00f6rung\t\r\n19\r\nGefrierverm\u00f6gen in kg/24h\t\r\n2,0\r\nGer\u00e4usch-Schallleistung in dB(A) re1pW\t\r\n35\r\nStromaufnahme in Milliampere (mA)\t\r\n1.200\r\nSpannung in V\t\r\n220-240\r\nAbsicherung in A\t\r\n10\r\nPhasenanzahl\t\r\n1\r\nFrequenz in Hz\t\r\n50\r\nL\u00e4nge der elektrischen Zuleitung in m\t\r\n2,1\r\nMitgeliefertes Zubeh\u00f6r \r\nButterdose\t\r\n\u2022\r\nEierablage\t\r\n\u2022\r\nEisw\u00fcrfelschale\t\r\n\u2022",
    "image1": "products/miele_kuhl_1.jpg",
    "image2": "products/miele_kuhl_2.jpg",
    "image3": "products/miele_kuhl_3.jpg",
    "end_of_life": false,
    "protocol": [],
    "features": []
  }
},
{
  "model": "app.product",
  "pk": 29,
  "fields": {
    "name": "Miele@Home Gateway",
    "provider": 11,
    "product_type": 27,
    "serial_number": "XGW 3000",
    "description": "Gateway\r\nzur Integration der vernetzbaren Hausger\u00e4te in Hausbussysteme f\u00fcr mehr Komfort.\r\nM\u00f6glichkeit der Kontrolle und Steuerung per Smartphone, Tablet PC\r\nNutzung von Smart Energy Systemen - z.B. Photovoltaikanlagen\r\nOptionale Nutzung von InfoService",
    "specifications": "---",
    "image1": "products/miele_gate_1.jpg",
    "image2": "products/miele_gate_2.jpg",
    "image3": "",
    "end_of_life": false,
    "protocol": [],
    "features": []
  }
},
{
  "model": "app.product",
  "pk": 30,
  "fields": {
    "name": "Polar H7 Heart Rate Sensor",
    "provider": 12,
    "product_type": 28,
    "serial_number": "92044305-P",
    "description": "Hook up your fitness app or training device with Polar H7 and get live, accurate heart rate while you train. You can use Polar H7 with a number of Polar products and compatible gym equipment.",
    "specifications": "Battery type CR 2025\r\nBattery sealing ring O-ring 20.0 x 1.0 Material FPM\r\nBattery lifetime 200 h\r\nOperating\r\ntemperature\r\n14 \u00b0F to 122 \u00b0F/ -10 \u00b0C to\r\n+50 \u00b0C\r\nConnector material Polyamide\r\nStrap material 38% Polyamide, 29%\r\nPolyurethane, 20% Elastane,\r\n13% Polyester",
    "image1": "products/polar_92044305-P_1.jpg",
    "image2": "products/polar_92044305-P_2.jpg",
    "image3": "products/polar_92044305-P_3.png",
    "end_of_life": false,
    "protocol": [],
    "features": []
  }
},
{
  "model": "app.product",
  "pk": 31,
  "fields": {
    "name": "\u2022 EPSON PULSENSE PS-100 BAND \u2022 BEURER BM85 UPPER ARM BLOOD PRESSURE MONITOR",
    "provider": 13,
    "product_type": 29,
    "serial_number": "E11E207B12 4211125/658.09/0",
    "description": "Easily track your heart rate with the Pulsense PS-100, a slim, comfortable wristband that measures heart rate at the wrist \u2013 no chest strap required. Be inspired to move toward higher performance with heart rate zone monitoring made easy. Check your zone via the LED lights on the face of the wristband and real-time data displayed on your smartphone. Featuring Epson's leading-edge sensing technology, the sporty PS-100 accurately tracks your heart rate, records steps, counts calories, and monitors sleep. Review stored data with the easy-to-use Pulsense mobile app or website. You get personalized information that\u2019s sure to empower you to reach your next goal.",
    "specifications": "Heart rate monitor and fitness tracker \u2014 continuous heart rate monitoring, comfortably measured at the wrist\r\nZone training made easy \u2014 ensure proper intensity with heart rate zone LED indicators\r\nTrack steps \u2014 monitor the amount of activity throughout the day\r\nCount calories \u2014 track calories burned based on heart rate activity\r\nMonitor your sleep patterns \u2014 review your sleep quality; calculated using both motion sensing and heart rate data\r\nBand data storage \u2014 stores up to 20 days of heart rate and activity data in the band\r\nSync data wirelessly \u2014 easily transfer heart rate and activity data from the wristband to your mobile device via Bluetooth\u00ae Smart\r\nCompact size \u2014 stylish wristband contains leading-edge technology to monitor your activity\r\nView stats on your mobile device or online via a computer \u2014 easily access stored data and stats from the mobile app or online website\r\nInnovative sensing technology \u2014 accurate and compact sensing module detects heart rate from the wrist; rechargeable via USB or optional AC adapter",
    "image1": "products/epson_blut_1.jpg",
    "image2": "products/epson_blut_2.jpg",
    "image3": "products/epson_blut_3.jpg",
    "end_of_life": false,
    "protocol": [],
    "features": []
  }
},
{
  "model": "app.product",
  "pk": 32,
  "fields": {
    "name": "EQ-3 Bluetooth Thermostat",
    "provider": 20,
    "product_type": 5,
    "serial_number": "CC-RT-BLE",
    "description": "Intuitive Bedienung per kostenloser iOS und Android App\r\nZus\u00e4tzlich jederzeit auch ohne Smartphone bedienbar\r\nKonfiguration des Wochenprogramms erlaubt Eingabe beliebiger Temperaturverl\u00e4ufe mit bis zu 7 Schaltzeiten pro Tag\r\nBoost-Funktion f\u00fcr schnelles, kurzzeitiges Aufheizen\r\nKompaktes Ger\u00e4t mit besonders leisem Betrieb\r\n\u00dcber die App k\u00f6nnen bis zu 5 Heizk\u00f6rperthermostate in einem Raum zusammengefasst und bedient werden\r\nIn typischen Anwendungen bis zu 30 % Energie-Ersparnis\r\nAutomatische Absenkung beim L\u00fcften spart zus\u00e4tzlich Energie\r\nUrlaubsfunktion: Die Temperatur kann bis zur Heimkehr abgesenkt werden\r\nPassend f\u00fcr Ventile aller g\u00e4ngigen Hersteller\r\nEinfache Montage ohne Wasser abzulassen, ohne Eingriff in das Heizungssystem, kein Spezialwerkzeug erforderlich, unabh\u00e4ngig von der Art der Heizung",
    "specifications": "Versorgungsspannung2x 1,5 V LR6/Mignon/AA\r\nStromaufnahme100 mA max.\r\nBatterielebensdauer2 Jahre (typ.)\r\nFunkfrequenz2,402 GHz \u2013 2,480 GHz\r\nFunk-Freifeldreichweite10 m (typ.)\r\nSmartphonesUnterst\u00fctzung von Apple (ab iOS 8.3) und Android (ab Version 4.4) - Voraussetzung BLUETOOTH 4.0\r\nDisplayLCD\r\nGewindeanschlussM30 x 1,5 mm\r\nKompatibel mitHeimeier, MNG, Honeywell-Braukmann, Oventrop, Schl\u00f6sser, Comap, Valf Sanayii, Idmar, Jaga, Junkers, Pegler, R.B.M., Watts, Danfoss RA mit Adapter u.v.m.\r\nSchutzartIP20\r\nAbmessungen55 x 60 x 102 mm (B x H x T)\r\nGewicht162 g (inkl. Batterien)",
    "image1": "products/eQ_thermo_1.png",
    "image2": "products/eQ_thermo_2.jpg",
    "image3": "products/eQ_thermo_3.jpg",
    "end_of_life": false,
    "protocol": [],
    "features": []
  }
},
{
  "model": "app.product",
  "pk": 33,
  "fields": {
    "name": "Beddi Smart Alarm Clock",
    "provider": 19,
    "product_type": 30,
    "serial_number": "------",
    "description": "Beddi is an alarm clock/Bluetooth speaker for your smartphone that does so much more than just wake you up.",
    "specifications": "---",
    "image1": "products/beddi_1.jpg",
    "image2": "products/beddi_2.jpg",
    "image3": "products/beddi_3.jpg",
    "end_of_life": false,
    "protocol": [],
    "features": []
  }
},
{
  "model": "app.product",
  "pk": 34,
  "fields": {
    "name": "Fritz!DECT 200 Power Plug",
    "provider": 2,
    "product_type": 6,
    "serial_number": "4023125025723",
    "description": "With the FRITZ!DECT 200, you can intelligently manage the power supply to connected appliances and measure, record, and evaluate energy consumption. This smart plug is connected to your home network via securely encrypted DECT technology. It can be easily operated via PC, notebook, smartphone, or tablet \u2013 and even via the Internet when you\u2019re not at home.",
    "specifications": "Socket with intelligent switching\r\nControls power supply to devices automatically or manually\r\nMeasures, records and analyzes energy consumption\r\nControl via PC, notebook, smartphone or tablet \u2013 even remotely over the Internet and by app\r\nIntegrated in the home network via DECT \u2013 securely encrypted upon delivery",
    "image1": "products/avm_plug_1.jpg",
    "image2": "products/avm_plug_2.jpg",
    "image3": "",
    "end_of_life": false,
    "protocol": [],
    "features": []
  }
},
{
  "model": "app.product",
  "pk": 35,
  "fields": {
    "name": "Comet DECT Thermostat",
    "provider": 3,
    "product_type": 5,
    "serial_number": "700100406",
    "description": "Comet DECT Der intelligente Energiespar-Regler Ideal f\u00fcr FRITZ!box",
    "specifications": "---",
    "image1": "products/comet_temp_1.jpg",
    "image2": "products/comet_temp_2.jpg",
    "image3": "",
    "end_of_life": false,
    "protocol": [],
    "features": []
  }
},
{
  "model": "app.product",
  "pk": 36,
  "fields": {
    "name": "Philips Hue Starter Kit, 1st Generation",
    "provider": 17,
    "product_type": 31,
    "serial_number": "426353",
    "description": "Philips hue signals a new era in home lighting both in the way we think about and experience light in our homes. It allows you to create and control the light using your smartphone or tablet. Bringing endless possibilities to help you get creative and help you personalize your lighting to suit yours and your family's lifestyle. A starter pack includes three bulbs that simply screw into your existing lamps and a bridge that you plug into your home Wi-Fi router. Simply download the hue app to start experiencing light in a completely new way.",
    "specifications": "---",
    "image1": "products/hue_start_1.jpg",
    "image2": "products/hue_start_2.jpg",
    "image3": "products/hue_start_3.jpg",
    "end_of_life": false,
    "protocol": [],
    "features": []
  }
},
{
  "model": "app.product",
  "pk": 37,
  "fields": {
    "name": "Philips Hue Personal Wireless Lighting, Single Bulb",
    "provider": 17,
    "product_type": 37,
    "serial_number": "426361 PHHUESB",
    "description": "Philips hue signals a new era in home lighting both in the way we think about and experience light in our homes. It allows you to create and control the light using your smartphone or tablet. Bringing endless possibilities to help you get creative and help you personalize your lighting to suit yours and your family's lifestyle. A starter pack includes three bulbs that simply screw into your existing lamps and a bridge that you plug into your home Wi-Fi router. Simply download the hue app to start experiencing light in a completely new way.",
    "specifications": "---",
    "image1": "products/hue_single_1.jpg",
    "image2": "products/hue_single_2.jpg",
    "image3": "products/hue_single_3.jpg",
    "end_of_life": false,
    "protocol": [],
    "features": []
  }
},
{
  "model": "app.product",
  "pk": 38,
  "fields": {
    "name": "D-Link DCS-2132L",
    "provider": 16,
    "product_type": 3,
    "serial_number": "DCS-2132L, GTIN: 790069382123",
    "description": "Die DCS-2132L Wireless N HD Cube Cloud Camera ist eine IP-\u00dcberwachungskamera mit mydlink-Unterst\u00fctzung, mit der Sie einen Bereich rund um die Uhr \u00fcberwachen k\u00f6nnen. So behalten Sie Ihr Haus oder Ihr B\u00fcro auch unterwegs immer im Auge.",
    "specifications": "Kamera\r\n1/4\u201c-Megapixel-CMOS-Sensor, progressive Abtastung\r\nFestobjektiv: 3,45 mm, f2,0\r\nPassiver Infrarotsensor (PIR) f\u00fcr erweiterte Bewegungserkennung\r\nEingebauter verstellbarer Infrarot-Sperrfilter (ICR) f\u00fcr \u00dcberwachung Tag und Nacht\r\nEingebaute IR-LED-Beleuchtung f\u00fcr den Einsatz in absoluter Dunkelheit\r\nEingebautes Mikrofon und Lautsprecher f\u00fcr 2-Wege-Kommunikation\r\nONVIF-konform\r\n \r\nVerbindungen\r\nDrahtlose Verbindungen mit 802.11n\r\n10/100 Fast Ethernet-Anschluss\r\nmicroSD/SDHC-Kartensteckplatz zur lokalen Speicherung\r\nDI/DO-Anschluss f\u00fcr Verbindungen zu externen Ger\u00e4ten\r\n \r\nBild und Video\r\nHD-Aufl\u00f6sung (1280 \u00d7 720) und bis zu 1 Megapixel (1280 \u00d7 800)\r\nH.264-, MPEG-4- und Motion JPEG-Echtzeitkompression\r\nePTZ-Betrachtung\r\nUnterst\u00fctzt mehrere Streams parallel\r\nFunktion f\u00fcr Datenschutz-Maske\r\nUnterst\u00fctzt mehrere Zugriffslisten\r\nIntegrierter Samba-Client f\u00fcr NAS",
    "image1": "products/dlink_kamera_1.png",
    "image2": "products/dlink_kamera_2.png",
    "image3": "products/dlink_kamera_3.gif",
    "end_of_life": false,
    "protocol": [],
    "features": []
  }
},
{
  "model": "app.product",
  "pk": 39,
  "fields": {
    "name": "KINGMAK WiFi T\u00fcrklingel",
    "provider": 15,
    "product_type": 33,
    "serial_number": "WR230",
    "description": "---",
    "specifications": "---",
    "image1": "products/kingmak_klingel_1.jpg",
    "image2": "products/kingmak_klingel_2.jpg",
    "image3": "products/kingmak_klingel_3.jpg",
    "end_of_life": false,
    "protocol": [],
    "features": []
  }
},
{
  "model": "app.product",
  "pk": 40,
  "fields": {
    "name": "Danfoss LC-13",
    "provider": 1,
    "product_type": 5,
    "serial_number": "014G0013, GTIN: 5013567421497",
    "description": "Living Connect ist ein Stellventil zur Steuerung von Wandheizk\u00f6rpern. Es regelt die Heizung auf eine vorgegebene Temperatur, die lokal am Ger\u00e4t mittels Tasten oder \u00fcber Z-Wave Funk eingestellt wird. Neben der direkten Temperatureingabe sind spezielle Heizungsmodi wie Frostschutz oder Energiesparen w\u00e4hlbar. Die geregelte Temperatur wird direkt am Ger\u00e4t auf einer LCD-Anzeige dargestellt.\r\nLiving Connect besitzt eine interne Schaltuhr, mit der f\u00fcr 7 verschiedene Wochentage bis zu 9 verschiedene Zieltemperaturen \u2013 genannt Setpoints - vorw\u00e4hlbar sind, die dann selbst\u00e4ndig zeitabh\u00e4ngig geregelt werden. Weitere intelligente Funktionen sind die Erkennung offener Fenster mit entsprechendem Umschalten in den Energiesparmodus oder eine Ventiltrainingsfunktion, die sicherstellt, dass Ventile auch nach l\u00e4ngerer Nichtbenutzung immer noch steuerbar sind.\r\n\r\nDas Ger\u00e4t erwartet eine regelm\u00e4\u00dfige Funkverbindung zu einem IP-Gateway zur Aktualisierung der internen Uhr und zum Austausch von Status-Meldungen. Der Thermostat kann an Ventile mit den Anschl\u00fcssen RA (30x1.5) oder RAK (Danfoss Schnappverschluss) angeschlossen werden.",
    "specifications": "---",
    "image1": "products/danfoss_1.jpg",
    "image2": "products/danfoss_2.jpg",
    "image3": "products/danfoss_3.jpg",
    "end_of_life": false,
    "protocol": [],
    "features": []
  }
},
{
  "model": "app.product",
  "pk": 41,
  "fields": {
    "name": "Fibaro Motion Sensor FIB FGMS-001",
    "provider": 4,
    "product_type": 10,
    "serial_number": "FGMS-001, GTIN: 5902020528258",
    "description": "<h4>Inspiriert von der Natur</h4>\r\nSch\u00f6nheit kommt aus der Natur, fortschrittliche Technologie von den Menschen. FIBARO brachte beides zusammen und erschuf daraus eine Perfektion. Aus der Vereinigung der unwandelbaren Gesetze der Architektur mit der neuesten Technologie entstand der FIBARO Multi Sensor \u2013 Ihr Acht gebendes Auge auf das Heim. Inspiriert von dem Glauben der alten \u00c4gypter haben wir den weltweit kleinsten Funk-Bewegungsmelder entworfen \u2013 so wachsam wie das Auge einer Katze.\r\n\r\nSeit Jahrhunderten symbolisiert die Katze den beh\u00fctenden Schutzgott f\u00fcr Familie und Heim. Ihr scharfes Seh- und H\u00f6rverm\u00f6gen sowie die au\u00dfergew\u00f6hnliche Wachsamkeit brachten Ihr tiefen Respekt und ehrliche Bewunderung ein. Der FIBARO Motion Sensor ist so scharf wie ein Katzenauge. Ihm f\u00e4llt auf, was Sie nicht sehen k\u00f6nnen. Er verf\u00fcgt \u00fcber ein ausgedehntes Sichtfeld, hohe Reichweite und ist unglaublich wachsam. Er wird Ihnen das Leben nicht nur komfortabler gestalten, Sie werden sich auch sicherer f\u00fchlen.",
    "specifications": "---",
    "image1": "products/fibaro_motion_1.jpg",
    "image2": "products/fibaro_motion_2.jpg",
    "image3": "products/fibaro_motion_3.jpg",
    "end_of_life": false,
    "protocol": [],
    "features": []
  }
},
{
  "model": "app.product",
  "pk": 42,
  "fields": {
    "name": "Fibaro FGK-101",
    "provider": 4,
    "product_type": 13,
    "serial_number": "FGK-101",
    "description": "Dieser batteriebetriebene Reed-Sensor arbeitet mit dem Z-Wave Standard und ist so kompatibel mit dem Fibaro System. Er erweitert dieses um die \u00dcberwachung ge\u00f6ffneter T\u00fcren, Fenster und Garagentore. Er findet Verwendung in Lichtschranken, Zugangskontrollen und Objektschutzsystemen. Eine Heiminstallation des Sensors erh\u00f6ht die Sicherheit und den Komfort der Bewohner. \u00dcberh\u00f6hte Geb\u00fchren f\u00fcr Heizung und Klimaanlage werden damit ausgeschlossen. Zus\u00e4tzlich kann dieses Modul mit einem Temperatursensor ausgestattet werden und nutzt den integrierten Bin\u00e4reingang.",
    "specifications": "---",
    "image1": "products/fibaro_tur_1.png",
    "image2": "products/fibaro_tur_2.jpg",
    "image3": "products/fibaro_tur_3.png",
    "end_of_life": false,
    "protocol": [],
    "features": []
  }
},
{
  "model": "app.product",
  "pk": 43,
  "fields": {
    "name": "Aeon Siren GEN5",
    "provider": 23,
    "product_type": 34,
    "serial_number": "AEO_DSD31",
    "description": "<h4>Siren for alarms.<br> Siren for safety. </h4>\r\n\r\nMost sirens are made to be a part of a security system. They\u2019re designed to be placed outdoors in the hopes of deterring break-ins or to alert your neighbours that something\u2019s up. Siren from Aeotec works differently. It\u2019s been crafted to keep you safe and secure when you\u2019re home. The wellbeing of you and your family is its focus.\r\n\r\nThat\u2019s why Siren offers 5 different alert tones. They\u2019ve been designed for issues ranging from home intrusions to fire emergencies to falls. And they\u2019re all available to you through your Z-Wave gateway so that you can perfectly optimise Siren for your security and safety needs.",
    "specifications": "---",
    "image1": "products/aeon_alarm_1.jpg",
    "image2": "products/aeon_alarm_2.jpg",
    "image3": "products/aeon_alarm_3.jpg",
    "end_of_life": false,
    "protocol": [],
    "features": []
  }
},
{
  "model": "app.product",
  "pk": 44,
  "fields": {
    "name": "Fibaro Flood Sensor",
    "provider": 4,
    "product_type": 35,
    "serial_number": "FGFS-101, GTIN: 5902020528142",
    "description": "Der Fibaro \u00dcberflutungssensor warnt Sie vor einer drohenden \u00dcberschwemmung oder einem schnellen Temperaturanstieg oder -abfall und hat eine Vielzahl zus\u00e4tzlicher Funktionen. Dank seiner flexiblen, goldenen Teleskopsonden funktioniert das Ger\u00e4t auch auf unebenen Oberfl\u00e4chen. Der \u00dcberflutungssensor hat eine eingebaute Alarmsirene, die Ihnen hilft, im Falle einer \u00dcberschwemmung, einem rapiden Temperaturwechsel oder einem Manipulationsversuch, schnell zu reagieren. Abgesehen von der Alarmsirene kann das Ger\u00e4t Sie \u00fcber die Farbanzeige der eingebauten RGB-Diode vor einer Bedrohung warnen. Zudem besitzt das Ger\u00e4t einen Neigungssensor, welcher eine Neigung und Bewegung \u00fcber 15 Grad erkennt und daraufhin eine Meldung an den Controller sendet. Der eingebaute Temperatursensor kann nicht nur als Feueralarmsensor verwendet werden, er l\u00e4sst sich ebenso f\u00fcr die Regelung einer Fu\u00dfbodenheizung nutzen. \u00dcber den Input-Anschluss ist es m\u00f6glich, eine externe Sonde anzuschlie\u00dfen und den Sensor an jedem beliebigen Ort zu installieren. Der Ausgangsanschluss erm\u00f6glicht beispielsweise den Anschluss an eine Alarmanlage. Der Fibaro \u00dcberflutungssensor kann mit 12/ 24 VDC oder Batterie betrieben werden.",
    "specifications": "---",
    "image1": "products/FIBARO-FLOOD-SENSOR-FGFS101_1.jpg",
    "image2": "products/FIBARO-FLOOD-SENSOR-FGFS101_2.jpg",
    "image3": "products/FIBARO-FLOOD-SENSOR-FGFS101_3.jpg",
    "end_of_life": false,
    "protocol": [],
    "features": []
  }
},
{
  "model": "app.product",
  "pk": 45,
  "fields": {
    "name": "Aeon Labs MultiSensor 6-in-1",
    "provider": 23,
    "product_type": 10,
    "serial_number": "Aeotec ZW100-C, GTIN: 1220000013100",
    "description": "Machen Sie Ihr Zuhause wirklich intelligent - Mit einem kleinen Ger\u00e4t, vollgepackt mit intelligenten Funktionen. Ein Zuhause ist erst dann intelligent, wenn es anstelle von starren Zeitpl\u00e4nen auf die Ereignisse im Haus in Echtzeit reagieren kann. Der Multisensor mit 6 Sensoren ist ab sofort die Grundlage Ihres modernen Smart Home. Der Multisensor von Aeotec vereint gleich 6 Sensoren in einem Ger\u00e4t: Bewegungssensor; Temperatursensor; Lichtsensor; Luftfeuchtigkeitssensor; Vibrationssensor; UV Sensor; Der Multisensor 6 wird mit 2 x CR123A Batterien betrieben. Dies erm\u00f6glicht Ihnen eine flexible Positionierung im Raum. Im Batteriemodus wacht das Ger\u00e4t in einem definierten Zeitintervall auf und \u00fcbermittelt die Messdaten an die Smart Home Zentrale. Im Lieferumfang finden Sie ein USB auf Micro USB Kabel um den Multisensor 6 auch per USB Spannung betrieben zu k\u00f6nnen. Dann ist der Multisensor in der Lage die Messdaten in Echtzeit an Ihre Smart Home Zentrale zu \u00fcbermitteln.",
    "specifications": "---",
    "image1": "products/aeon_multi_1.jpg",
    "image2": "products/aeon_multi_2.jpg",
    "image3": "products/aeon_multi_3.jpg",
    "end_of_life": false,
    "protocol": [],
    "features": []
  }
},
{
  "model": "app.product",
  "pk": 46,
  "fields": {
    "name": "Aeon Labs LED Bulb",
    "provider": 23,
    "product_type": 37,
    "serial_number": "ZW098",
    "description": "---",
    "specifications": "---",
    "image1": "products/aeon_led_1.jpg",
    "image2": "products/aeon_led_2.png",
    "image3": "products/aeon_led_3.jpg",
    "end_of_life": false,
    "protocol": [],
    "features": []
  }
},
{
  "model": "app.scenario",
  "pk": 6,
  "fields": {
    "name": "Schlafanreiz",
    "url_name": "schlafanreiz",
    "short_description": "Heizungsregelung und Raumluftsteuerung mit CO2 gesteuerter L\u00fcftung",
    "picture": "scenarios/scenario-Schlafanreize.jpg",
    "provider": 5,
    "meta_devices": [],
    "subcategory": []
  }
},
{
  "model": "app.scenario",
  "pk": 7,
  "fields": {
    "name": "Intelligente W\u00e4rmesteuerung",
    "url_name": "intelligente_warmesteuerung",
    "short_description": "Die Raumtemperatur wird an die Gegebenheiten des Smart Home angepasst",
    "picture": "scenarios/scenario-W\u00e4rmesteuerung.jpg",
    "provider": 7,
    "meta_devices": [],
    "subcategory": []
  }
},
{
  "model": "app.scenario",
  "pk": 8,
  "fields": {
    "name": "Energieverbrauch aufzeigen",
    "url_name": "energieverbrauch_aufzeigen",
    "short_description": "Anzeige des gesamten Energieverbrauchs aller Ger\u00e4te im Haushalt",
    "picture": "scenarios/scenario-Energieverbrauch.jpg",
    "provider": 5,
    "meta_devices": [],
    "subcategory": []
  }
},
{
  "model": "app.scenario",
  "pk": 9,
  "fields": {
    "name": "Aufzeichnung von Vitaldaten",
    "url_name": "aufzeichnung_von_vitaldaten",
    "short_description": "Sensoren/Wearables messen Vitalparameter (Blutdruck/Gewicht...)",
    "picture": "scenarios/scenario-Vitaldaten.jpg",
    "provider": 1,
    "meta_devices": [],
    "subcategory": []
  }
},
{
  "model": "app.scenario",
  "pk": 10,
  "fields": {
    "name": "Aufzeichnung des Aktivit\u00e4tsgrads",
    "url_name": "aufzeichnung_des_aktivitatsgrads",
    "short_description": "Sensoren in der Wohnung messen den Aktivit\u00e4tsgrad der Personen im Haushalt",
    "picture": "scenarios/scenario_aktivitatsgrad.jpg",
    "provider": 7,
    "meta_devices": [],
    "subcategory": []
  }
},
{
  "model": "app.scenario",
  "pk": 11,
  "fields": {
    "name": "Aufwachanreiz",
    "url_name": "aufwachanreiz",
    "short_description": "Aufwachzeitpunkt abgeglichen mit dem pers\u00f6nlichem Kalender",
    "picture": "scenarios/scenario-Aufwachanreiz.jpg",
    "provider": 5,
    "meta_devices": [],
    "subcategory": []
  }
},
{
  "model": "app.scenario",
  "pk": 12,
  "fields": {
    "name": "Automatische Lichtsteuerung",
    "url_name": "automatische_lichtsteuerung",
    "short_description": "Entsprechend Anwesenheit des Nutzers, Tageszeit und Lichtverh\u00e4ltnissen",
    "picture": "scenarios/scenario-lichtsteuerung.jpg",
    "provider": 17,
    "meta_devices": [],
    "subcategory": []
  }
},
{
  "model": "app.scenario",
  "pk": 13,
  "fields": {
    "name": "Warnung vor Wasser und Feuer",
    "url_name": "warnung_vor_wasser_und_feuer",
    "short_description": "Warnung vor Wasser & Feuer",
    "picture": "scenarios/scenario-Wasser.jpg",
    "provider": 4,
    "meta_devices": [],
    "subcategory": []
  }
},
{
  "model": "app.scenario",
  "pk": 14,
  "fields": {
    "name": "Automatische Rolladensteuerung",
    "url_name": "automatische_rolladensteuerung",
    "short_description": "Lassen sie ihre Roll\u00e4den automatisch vom ihrem Smart-Home steuern.",
    "picture": "scenarios/Elektro-_Busch-Jaeger_Rollladensteuerung-1.jpg",
    "provider": 5,
    "meta_devices": [],
    "subcategory": []
  }
},
{
  "model": "app.scenario",
  "pk": 15,
  "fields": {
    "name": "Besuch",
    "url_name": "besuch",
    "short_description": "Akustische und visuelle Signale, falls Besuch kommt",
    "picture": "scenarios/Sensory-Sky-05-kleiner.jpg",
    "provider": 4,
    "meta_devices": [],
    "subcategory": []
  }
},
{
  "model": "app.scenario",
  "pk": 16,
  "fields": {
    "name": "Schutz vor Einbruch",
    "url_name": "schutz_vor_einbruch",
    "short_description": "Sch\u00fctzen sie ihr Smart-Home gegen Einbrecher",
    "picture": "scenarios/smart-home-macht-einbrechern-das-leben-schwer.jpg",
    "provider": 23,
    "meta_devices": [],
    "subcategory": []
  }
},
{
  "model": "app.scenario",
  "pk": 17,
  "fields": {
    "name": "Ausschalten der Elektroger\u00e4te",
    "url_name": "ausschalten_der_elektrogerate",
    "short_description": "Schalten sie ihre Ger\u00e4te bequem per App oder automatisch aus.",
    "picture": "scenarios/smarthome-energie.jpg",
    "provider": 11,
    "meta_devices": [],
    "subcategory": []
  }
},
{
  "model": "app.scenario",
  "pk": 18,
  "fields": {
    "name": "Kinderschutz",
    "url_name": "kinderschutz",
    "short_description": "Sichern sie ihre Kinder vor Gefahren im Haushalt.",
    "picture": "scenarios/smarthomesafetytips-1200x732.jpg",
    "provider": 23,
    "meta_devices": [],
    "subcategory": []
  }
},
{
  "model": "app.scenariodescription",
  "pk": 1,
  "fields": {
    "belongs_to_scenario": 7,
    "description": "Lorem ipsum dolor sit amet, consectetur adipisicing elit, sed do eiusmod tempor incididunt ut labore et dolore magna aliqua. Ut enim ad minim veniam, quis nostrud exercitation ullamco laboris nisi ut aliquip ex ea commodo consequat. Duis aute irure dolor in reprehenderit in voluptate velit esse cillum dolore eu fugiat nulla pariatur. Excepteur sint occaecat cupidatat non proident, sunt in culpa qui officia deserunt mollit anim id est laborum.\r\n\r\nQui quasi perspiciatis maxime esse, fugit inventore aliquam esse adipisci quia id quidem reiciendis a, nostrum iure labore eveniet molestias provident fugiat voluptate quibusdam. Rem maxime alias recusandae laborum explicabo necessitatibus odit qui at impedit, minus natus magnam odit ducimus veniam culpa ipsum, aut odit possimus laborum a dolore repellendus corporis quisquam voluptate, veritatis incidunt mollitia pariatur reprehenderit, quis iste pariatur architecto facere voluptas. Quod error eveniet sint molestiae ipsam autem nihil incidunt architecto voluptas voluptatum, iure voluptatem sunt error temporibus mollitia cumque nostrum doloribus blanditiis excepturi, est porro maxime ea voluptate doloribus explicabo quo in voluptates. Fugit eaque laboriosam eos architecto et nemo ratione reprehenderit, voluptate a ipsa iste alias, eum at enim nemo unde quod amet possimus nihil voluptate labore.\r\n\r\nCumque molestiae dolore odio, necessitatibus recusandae magnam distinctio commodi obcaecati nostrum libero placeat dolor, obcaecati blanditiis deleniti possimus amet? Exercitationem quasi id dolor totam ut quo optio eveniet ducimus quaerat, quia consequatur reprehenderit accusantium asperiores nesciunt est rerum, ex quis voluptate officiis quaerat dolor itaque rem beatae libero, eius magnam consequatur earum vel blanditiis reiciendis dolor autem, iusto sunt nihil doloribus. Laudantium nemo officiis doloremque eveniet ipsam vel error tenetur eligendi, explicabo magni autem neque natus expedita, consequuntur laudantium vel nostrum aut cum modi, reprehenderit iste cum incidunt porro, explicabo autem dolore, voluptatem quae veniam fuga dolor aspernatur hic est quidem vero? Odio culpa consequatur, molestias dolore unde asperiores ullam ex, illum quasi porro minus dolorum fugiat vel eius natus dolor, explicabo libero non repellat voluptatem nemo itaque, fugiat deleniti beatae exercitationem assumenda nostrum obcaecati accusantium voluptatibus.",
    "image": "scenarioDesc/smart-home-mit-einer-heizungssteuerung-energie-sparen-e1455704800792-1024x468.jpg",
    "left_right": true,
    "order": 1
  }
},
{
  "model": "app.scenariodescription",
  "pk": 2,
  "fields": {
    "belongs_to_scenario": 7,
    "description": "Lorem ipsum dolor sit amet, consectetur adipisicing elit, sed do eiusmod tempor incididunt ut labore et dolore magna aliqua. Ut enim ad minim veniam, quis nostrud exercitation ullamco laboris nisi ut aliquip ex ea commodo consequat. Duis aute irure dolor in reprehenderit in voluptate velit esse cillum dolore eu fugiat nulla pariatur. Excepteur sint occaecat cupidatat non proident, sunt in culpa qui officia deserunt mollit anim id est laborum.\r\n\r\nQui quasi perspiciatis maxime esse, fugit inventore aliquam esse adipisci quia id quidem reiciendis a, nostrum iure labore eveniet molestias provident fugiat voluptate quibusdam. Rem maxime alias recusandae laborum explicabo necessitatibus odit qui at impedit, minus natus magnam odit ducimus veniam culpa ipsum, aut odit possimus laborum a dolore repellendus corporis quisquam voluptate, veritatis incidunt mollitia pariatur reprehenderit, quis iste pariatur architecto facere voluptas. Quod error eveniet sint molestiae ipsam autem nihil incidunt architecto voluptas voluptatum, iure voluptatem sunt error temporibus mollitia cumque nostrum doloribus blanditiis excepturi, est porro maxime ea voluptate doloribus explicabo quo in voluptates. Fugit eaque laboriosam eos architecto et nemo ratione reprehenderit, voluptate a ipsa iste alias, eum at enim nemo unde quod amet possimus nihil voluptate labore.\r\n\r\nCumque molestiae dolore odio, necessitatibus recusandae magnam distinctio commodi obcaecati nostrum libero placeat dolor, obcaecati blanditiis deleniti possimus amet? Exercitationem quasi id dolor totam ut quo optio eveniet ducimus quaerat, quia consequatur reprehenderit accusantium asperiores nesciunt est rerum, ex quis voluptate officiis quaerat dolor itaque rem beatae libero, eius magnam consequatur earum vel blanditiis reiciendis dolor autem, iusto sunt nihil doloribus. Laudantium nemo officiis doloremque eveniet ipsam vel error tenetur eligendi, explicabo magni autem neque natus expedita, consequuntur laudantium vel nostrum aut cum modi, reprehenderit iste cum incidunt porro, explicabo autem dolore, voluptatem quae veniam fuga dolor aspernatur hic est quidem vero? Odio culpa consequatur, molestias dolore unde asperiores ullam ex, illum quasi porro minus dolorum fugiat vel eius natus dolor, explicabo libero non repellat voluptatem nemo itaque, fugiat deleniti beatae exercitationem assumenda nostrum obcaecati accusantium voluptatibus.",
    "image": "scenarioDesc/Honeywell_evohome.jpg",
    "left_right": false,
    "order": 2
  }
},
{
  "model": "app.scenariodescription",
  "pk": 3,
  "fields": {
    "belongs_to_scenario": 7,
    "description": "Lorem ipsum dolor sit amet, consectetur adipisicing elit, sed do eiusmod tempor incididunt ut labore et dolore magna aliqua. Ut enim ad minim veniam, quis nostrud exercitation ullamco laboris nisi ut aliquip ex ea commodo consequat. Duis aute irure dolor in reprehenderit in voluptate velit esse cillum dolore eu fugiat nulla pariatur. Excepteur sint occaecat cupidatat non proident, sunt in culpa qui officia deserunt mollit anim id est laborum.\r\n\r\nQui quasi perspiciatis maxime esse, fugit inventore aliquam esse adipisci quia id quidem reiciendis a, nostrum iure labore eveniet molestias provident fugiat voluptate quibusdam. Rem maxime alias recusandae laborum explicabo necessitatibus odit qui at impedit, minus natus magnam odit ducimus veniam culpa ipsum, aut odit possimus laborum a dolore repellendus corporis quisquam voluptate, veritatis incidunt mollitia pariatur reprehenderit, quis iste pariatur architecto facere voluptas. Quod error eveniet sint molestiae ipsam autem nihil incidunt architecto voluptas voluptatum, iure voluptatem sunt error temporibus mollitia cumque nostrum doloribus blanditiis excepturi, est porro maxime ea voluptate doloribus explicabo quo in voluptates. Fugit eaque laboriosam eos architecto et nemo ratione reprehenderit, voluptate a ipsa iste alias, eum at enim nemo unde quod amet possimus nihil voluptate labore.\r\n\r\nCumque molestiae dolore odio, necessitatibus recusandae magnam distinctio commodi obcaecati nostrum libero placeat dolor, obcaecati blanditiis deleniti possimus amet? Exercitationem quasi id dolor totam ut quo optio eveniet ducimus quaerat, quia consequatur reprehenderit accusantium asperiores nesciunt est rerum, ex quis voluptate officiis quaerat dolor itaque rem beatae libero, eius magnam consequatur earum vel blanditiis reiciendis dolor autem, iusto sunt nihil doloribus. Laudantium nemo officiis doloremque eveniet ipsam vel error tenetur eligendi, explicabo magni autem neque natus expedita, consequuntur laudantium vel nostrum aut cum modi, reprehenderit iste cum incidunt porro, explicabo autem dolore, voluptatem quae veniam fuga dolor aspernatur hic est quidem vero? Odio culpa consequatur, molestias dolore unde asperiores ullam ex, illum quasi porro minus dolorum fugiat vel eius natus dolor, explicabo libero non repellat voluptatem nemo itaque, fugiat deleniti beatae exercitationem assumenda nostrum obcaecati accusantium voluptatibus.",
    "image": "scenarioDesc/Fotolia_lassedesignen_Heizungssteuerung_Dammung.jpg",
    "left_right": true,
    "order": 3
  }
},
{
  "model": "app.scenariodescription",
  "pk": 4,
  "fields": {
    "belongs_to_scenario": 8,
    "description": "Lorem ipsum dolor sit amet, consectetur adipisicing elit, sed do eiusmod tempor incididunt ut labore et dolore magna aliqua. Ut enim ad minim veniam, quis nostrud exercitation ullamco laboris nisi ut aliquip ex ea commodo consequat. Duis aute irure dolor in reprehenderit in voluptate velit esse cillum dolore eu fugiat nulla pariatur. Excepteur sint occaecat cupidatat non proident, sunt in culpa qui officia deserunt mollit anim id est laborum.\r\n\r\nQui quasi perspiciatis maxime esse, fugit inventore aliquam esse adipisci quia id quidem reiciendis a, nostrum iure labore eveniet molestias provident fugiat voluptate quibusdam. Rem maxime alias recusandae laborum explicabo necessitatibus odit qui at impedit, minus natus magnam odit ducimus veniam culpa ipsum, aut odit possimus laborum a dolore repellendus corporis quisquam voluptate, veritatis incidunt mollitia pariatur reprehenderit, quis iste pariatur architecto facere voluptas. Quod error eveniet sint molestiae ipsam autem nihil incidunt architecto voluptas voluptatum, iure voluptatem sunt error temporibus mollitia cumque nostrum doloribus blanditiis excepturi, est porro maxime ea voluptate doloribus explicabo quo in voluptates. Fugit eaque laboriosam eos architecto et nemo ratione reprehenderit, voluptate a ipsa iste alias, eum at enim nemo unde quod amet possimus nihil voluptate labore.\r\n\r\nCumque molestiae dolore odio, necessitatibus recusandae magnam distinctio commodi obcaecati nostrum libero placeat dolor, obcaecati blanditiis deleniti possimus amet? Exercitationem quasi id dolor totam ut quo optio eveniet ducimus quaerat, quia consequatur reprehenderit accusantium asperiores nesciunt est rerum, ex quis voluptate officiis quaerat dolor itaque rem beatae libero, eius magnam consequatur earum vel blanditiis reiciendis dolor autem, iusto sunt nihil doloribus. Laudantium nemo officiis doloremque eveniet ipsam vel error tenetur eligendi, explicabo magni autem neque natus expedita, consequuntur laudantium vel nostrum aut cum modi, reprehenderit iste cum incidunt porro, explicabo autem dolore, voluptatem quae veniam fuga dolor aspernatur hic est quidem vero? Odio culpa consequatur, molestias dolore unde asperiores ullam ex, illum quasi porro minus dolorum fugiat vel eius natus dolor, explicabo libero non repellat voluptatem nemo itaque, fugiat deleniti beatae exercitationem assumenda nostrum obcaecati accusantium voluptatibus.",
    "image": "scenarioDesc/smart-energy-code_1.png",
    "left_right": true,
    "order": 1
  }
},
{
  "model": "app.scenariodescription",
  "pk": 5,
  "fields": {
    "belongs_to_scenario": 8,
    "description": "Lorem ipsum dolor sit amet, consectetur adipisicing elit, sed do eiusmod tempor incididunt ut labore et dolore magna aliqua. Ut enim ad minim veniam, quis nostrud exercitation ullamco laboris nisi ut aliquip ex ea commodo consequat. Duis aute irure dolor in reprehenderit in voluptate velit esse cillum dolore eu fugiat nulla pariatur. Excepteur sint occaecat cupidatat non proident, sunt in culpa qui officia deserunt mollit anim id est laborum.\r\n\r\nQui quasi perspiciatis maxime esse, fugit inventore aliquam esse adipisci quia id quidem reiciendis a, nostrum iure labore eveniet molestias provident fugiat voluptate quibusdam. Rem maxime alias recusandae laborum explicabo necessitatibus odit qui at impedit, minus natus magnam odit ducimus veniam culpa ipsum, aut odit possimus laborum a dolore repellendus corporis quisquam voluptate, veritatis incidunt mollitia pariatur reprehenderit, quis iste pariatur architecto facere voluptas. Quod error eveniet sint molestiae ipsam autem nihil incidunt architecto voluptas voluptatum, iure voluptatem sunt error temporibus mollitia cumque nostrum doloribus blanditiis excepturi, est porro maxime ea voluptate doloribus explicabo quo in voluptates. Fugit eaque laboriosam eos architecto et nemo ratione reprehenderit, voluptate a ipsa iste alias, eum at enim nemo unde quod amet possimus nihil voluptate labore.\r\n\r\nCumque molestiae dolore odio, necessitatibus recusandae magnam distinctio commodi obcaecati nostrum libero placeat dolor, obcaecati blanditiis deleniti possimus amet? Exercitationem quasi id dolor totam ut quo optio eveniet ducimus quaerat, quia consequatur reprehenderit accusantium asperiores nesciunt est rerum, ex quis voluptate officiis quaerat dolor itaque rem beatae libero, eius magnam consequatur earum vel blanditiis reiciendis dolor autem, iusto sunt nihil doloribus. Laudantium nemo officiis doloremque eveniet ipsam vel error tenetur eligendi, explicabo magni autem neque natus expedita, consequuntur laudantium vel nostrum aut cum modi, reprehenderit iste cum incidunt porro, explicabo autem dolore, voluptatem quae veniam fuga dolor aspernatur hic est quidem vero? Odio culpa consequatur, molestias dolore unde asperiores ullam ex, illum quasi porro minus dolorum fugiat vel eius natus dolor, explicabo libero non repellat voluptatem nemo itaque, fugiat deleniti beatae exercitationem assumenda nostrum obcaecati accusantium voluptatibus.",
    "image": "scenarioDesc/saving-energy_2.jpg",
    "left_right": false,
    "order": 2
  }
},
{
  "model": "app.scenariodescription",
  "pk": 6,
  "fields": {
    "belongs_to_scenario": 8,
    "description": "Lorem ipsum dolor sit amet, consectetur adipisicing elit, sed do eiusmod tempor incididunt ut labore et dolore magna aliqua. Ut enim ad minim veniam, quis nostrud exercitation ullamco laboris nisi ut aliquip ex ea commodo consequat. Duis aute irure dolor in reprehenderit in voluptate velit esse cillum dolore eu fugiat nulla pariatur. Excepteur sint occaecat cupidatat non proident, sunt in culpa qui officia deserunt mollit anim id est laborum.\r\n\r\nQui quasi perspiciatis maxime esse, fugit inventore aliquam esse adipisci quia id quidem reiciendis a, nostrum iure labore eveniet molestias provident fugiat voluptate quibusdam. Rem maxime alias recusandae laborum explicabo necessitatibus odit qui at impedit, minus natus magnam odit ducimus veniam culpa ipsum, aut odit possimus laborum a dolore repellendus corporis quisquam voluptate, veritatis incidunt mollitia pariatur reprehenderit, quis iste pariatur architecto facere voluptas. Quod error eveniet sint molestiae ipsam autem nihil incidunt architecto voluptas voluptatum, iure voluptatem sunt error temporibus mollitia cumque nostrum doloribus blanditiis excepturi, est porro maxime ea voluptate doloribus explicabo quo in voluptates. Fugit eaque laboriosam eos architecto et nemo ratione reprehenderit, voluptate a ipsa iste alias, eum at enim nemo unde quod amet possimus nihil voluptate labore.\r\n\r\nCumque molestiae dolore odio, necessitatibus recusandae magnam distinctio commodi obcaecati nostrum libero placeat dolor, obcaecati blanditiis deleniti possimus amet? Exercitationem quasi id dolor totam ut quo optio eveniet ducimus quaerat, quia consequatur reprehenderit accusantium asperiores nesciunt est rerum, ex quis voluptate officiis quaerat dolor itaque rem beatae libero, eius magnam consequatur earum vel blanditiis reiciendis dolor autem, iusto sunt nihil doloribus. Laudantium nemo officiis doloremque eveniet ipsam vel error tenetur eligendi, explicabo magni autem neque natus expedita, consequuntur laudantium vel nostrum aut cum modi, reprehenderit iste cum incidunt porro, explicabo autem dolore, voluptatem quae veniam fuga dolor aspernatur hic est quidem vero? Odio culpa consequatur, molestias dolore unde asperiores ullam ex, illum quasi porro minus dolorum fugiat vel eius natus dolor, explicabo libero non repellat voluptatem nemo itaque, fugiat deleniti beatae exercitationem assumenda nostrum obcaecati accusantium voluptatibus.",
    "image": "scenarioDesc/saving-electricity-709x381_3.jpg",
    "left_right": true,
    "order": 3
  }
},
{
  "model": "app.scenariodescription",
  "pk": 7,
  "fields": {
    "belongs_to_scenario": 6,
    "description": "Lorem ipsum dolor sit amet, consectetur adipisicing elit, sed do eiusmod tempor incididunt ut labore et dolore magna aliqua. Ut enim ad minim veniam, quis nostrud exercitation ullamco laboris nisi ut aliquip ex ea commodo consequat. Duis aute irure dolor in reprehenderit in voluptate velit esse cillum dolore eu fugiat nulla pariatur. Excepteur sint occaecat cupidatat non proident, sunt in culpa qui officia deserunt mollit anim id est laborum.\r\n\r\nQui quasi perspiciatis maxime esse, fugit inventore aliquam esse adipisci quia id quidem reiciendis a, nostrum iure labore eveniet molestias provident fugiat voluptate quibusdam. Rem maxime alias recusandae laborum explicabo necessitatibus odit qui at impedit, minus natus magnam odit ducimus veniam culpa ipsum, aut odit possimus laborum a dolore repellendus corporis quisquam voluptate, veritatis incidunt mollitia pariatur reprehenderit, quis iste pariatur architecto facere voluptas. Quod error eveniet sint molestiae ipsam autem nihil incidunt architecto voluptas voluptatum, iure voluptatem sunt error temporibus mollitia cumque nostrum doloribus blanditiis excepturi, est porro maxime ea voluptate doloribus explicabo quo in voluptates. Fugit eaque laboriosam eos architecto et nemo ratione reprehenderit, voluptate a ipsa iste alias, eum at enim nemo unde quod amet possimus nihil voluptate labore.\r\n\r\nCumque molestiae dolore odio, necessitatibus recusandae magnam distinctio commodi obcaecati nostrum libero placeat dolor, obcaecati blanditiis deleniti possimus amet? Exercitationem quasi id dolor totam ut quo optio eveniet ducimus quaerat, quia consequatur reprehenderit accusantium asperiores nesciunt est rerum, ex quis voluptate officiis quaerat dolor itaque rem beatae libero, eius magnam consequatur earum vel blanditiis reiciendis dolor autem, iusto sunt nihil doloribus. Laudantium nemo officiis doloremque eveniet ipsam vel error tenetur eligendi, explicabo magni autem neque natus expedita, consequuntur laudantium vel nostrum aut cum modi, reprehenderit iste cum incidunt porro, explicabo autem dolore, voluptatem quae veniam fuga dolor aspernatur hic est quidem vero? Odio culpa consequatur, molestias dolore unde asperiores ullam ex, illum quasi porro minus dolorum fugiat vel eius natus dolor, explicabo libero non repellat voluptatem nemo itaque, fugiat deleniti beatae exercitationem assumenda nostrum obcaecati accusantium voluptatibus.",
    "image": "scenarioDesc/phpfumii7.png",
    "left_right": true,
    "order": 1
  }
},
{
  "model": "app.scenariodescription",
  "pk": 8,
  "fields": {
    "belongs_to_scenario": 6,
    "description": "Lorem ipsum dolor sit amet, consectetur adipisicing elit, sed do eiusmod tempor incididunt ut labore et dolore magna aliqua. Ut enim ad minim veniam, quis nostrud exercitation ullamco laboris nisi ut aliquip ex ea commodo consequat. Duis aute irure dolor in reprehenderit in voluptate velit esse cillum dolore eu fugiat nulla pariatur. Excepteur sint occaecat cupidatat non proident, sunt in culpa qui officia deserunt mollit anim id est laborum.\r\n\r\nQui quasi perspiciatis maxime esse, fugit inventore aliquam esse adipisci quia id quidem reiciendis a, nostrum iure labore eveniet molestias provident fugiat voluptate quibusdam. Rem maxime alias recusandae laborum explicabo necessitatibus odit qui at impedit, minus natus magnam odit ducimus veniam culpa ipsum, aut odit possimus laborum a dolore repellendus corporis quisquam voluptate, veritatis incidunt mollitia pariatur reprehenderit, quis iste pariatur architecto facere voluptas. Quod error eveniet sint molestiae ipsam autem nihil incidunt architecto voluptas voluptatum, iure voluptatem sunt error temporibus mollitia cumque nostrum doloribus blanditiis excepturi, est porro maxime ea voluptate doloribus explicabo quo in voluptates. Fugit eaque laboriosam eos architecto et nemo ratione reprehenderit, voluptate a ipsa iste alias, eum at enim nemo unde quod amet possimus nihil voluptate labore.\r\n\r\nCumque molestiae dolore odio, necessitatibus recusandae magnam distinctio commodi obcaecati nostrum libero placeat dolor, obcaecati blanditiis deleniti possimus amet? Exercitationem quasi id dolor totam ut quo optio eveniet ducimus quaerat, quia consequatur reprehenderit accusantium asperiores nesciunt est rerum, ex quis voluptate officiis quaerat dolor itaque rem beatae libero, eius magnam consequatur earum vel blanditiis reiciendis dolor autem, iusto sunt nihil doloribus. Laudantium nemo officiis doloremque eveniet ipsam vel error tenetur eligendi, explicabo magni autem neque natus expedita, consequuntur laudantium vel nostrum aut cum modi, reprehenderit iste cum incidunt porro, explicabo autem dolore, voluptatem quae veniam fuga dolor aspernatur hic est quidem vero? Odio culpa consequatur, molestias dolore unde asperiores ullam ex, illum quasi porro minus dolorum fugiat vel eius natus dolor, explicabo libero non repellat voluptatem nemo itaque, fugiat deleniti beatae exercitationem assumenda nostrum obcaecati accusantium voluptatibus.",
    "image": "scenarioDesc/schlafanreiz_2.jpg",
    "left_right": false,
    "order": 2
  }
},
{
  "model": "app.scenariodescription",
  "pk": 9,
  "fields": {
    "belongs_to_scenario": 6,
    "description": "Lorem ipsum dolor sit amet, consectetur adipisicing elit, sed do eiusmod tempor incididunt ut labore et dolore magna aliqua. Ut enim ad minim veniam, quis nostrud exercitation ullamco laboris nisi ut aliquip ex ea commodo consequat. Duis aute irure dolor in reprehenderit in voluptate velit esse cillum dolore eu fugiat nulla pariatur. Excepteur sint occaecat cupidatat non proident, sunt in culpa qui officia deserunt mollit anim id est laborum.\r\n\r\nQui quasi perspiciatis maxime esse, fugit inventore aliquam esse adipisci quia id quidem reiciendis a, nostrum iure labore eveniet molestias provident fugiat voluptate quibusdam. Rem maxime alias recusandae laborum explicabo necessitatibus odit qui at impedit, minus natus magnam odit ducimus veniam culpa ipsum, aut odit possimus laborum a dolore repellendus corporis quisquam voluptate, veritatis incidunt mollitia pariatur reprehenderit, quis iste pariatur architecto facere voluptas. Quod error eveniet sint molestiae ipsam autem nihil incidunt architecto voluptas voluptatum, iure voluptatem sunt error temporibus mollitia cumque nostrum doloribus blanditiis excepturi, est porro maxime ea voluptate doloribus explicabo quo in voluptates. Fugit eaque laboriosam eos architecto et nemo ratione reprehenderit, voluptate a ipsa iste alias, eum at enim nemo unde quod amet possimus nihil voluptate labore.\r\n\r\nCumque molestiae dolore odio, necessitatibus recusandae magnam distinctio commodi obcaecati nostrum libero placeat dolor, obcaecati blanditiis deleniti possimus amet? Exercitationem quasi id dolor totam ut quo optio eveniet ducimus quaerat, quia consequatur reprehenderit accusantium asperiores nesciunt est rerum, ex quis voluptate officiis quaerat dolor itaque rem beatae libero, eius magnam consequatur earum vel blanditiis reiciendis dolor autem, iusto sunt nihil doloribus. Laudantium nemo officiis doloremque eveniet ipsam vel error tenetur eligendi, explicabo magni autem neque natus expedita, consequuntur laudantium vel nostrum aut cum modi, reprehenderit iste cum incidunt porro, explicabo autem dolore, voluptatem quae veniam fuga dolor aspernatur hic est quidem vero? Odio culpa consequatur, molestias dolore unde asperiores ullam ex, illum quasi porro minus dolorum fugiat vel eius natus dolor, explicabo libero non repellat voluptatem nemo itaque, fugiat deleniti beatae exercitationem assumenda nostrum obcaecati accusantium voluptatibus.",
    "image": "scenarioDesc/juvo-smart-sleep-monitor-1-672x372_3.png",
    "left_right": true,
    "order": 3
  }
},
{
  "model": "app.scenariodescription",
  "pk": 10,
  "fields": {
    "belongs_to_scenario": 9,
    "description": "Lorem ipsum dolor sit amet, consectetur adipisicing elit, sed do eiusmod tempor incididunt ut labore et dolore magna aliqua. Ut enim ad minim veniam, quis nostrud exercitation ullamco laboris nisi ut aliquip ex ea commodo consequat. Duis aute irure dolor in reprehenderit in voluptate velit esse cillum dolore eu fugiat nulla pariatur. Excepteur sint occaecat cupidatat non proident, sunt in culpa qui officia deserunt mollit anim id est laborum.\r\n\r\nQui quasi perspiciatis maxime esse, fugit inventore aliquam esse adipisci quia id quidem reiciendis a, nostrum iure labore eveniet molestias provident fugiat voluptate quibusdam. Rem maxime alias recusandae laborum explicabo necessitatibus odit qui at impedit, minus natus magnam odit ducimus veniam culpa ipsum, aut odit possimus laborum a dolore repellendus corporis quisquam voluptate, veritatis incidunt mollitia pariatur reprehenderit, quis iste pariatur architecto facere voluptas. Quod error eveniet sint molestiae ipsam autem nihil incidunt architecto voluptas voluptatum, iure voluptatem sunt error temporibus mollitia cumque nostrum doloribus blanditiis excepturi, est porro maxime ea voluptate doloribus explicabo quo in voluptates. Fugit eaque laboriosam eos architecto et nemo ratione reprehenderit, voluptate a ipsa iste alias, eum at enim nemo unde quod amet possimus nihil voluptate labore.\r\n\r\nCumque molestiae dolore odio, necessitatibus recusandae magnam distinctio commodi obcaecati nostrum libero placeat dolor, obcaecati blanditiis deleniti possimus amet? Exercitationem quasi id dolor totam ut quo optio eveniet ducimus quaerat, quia consequatur reprehenderit accusantium asperiores nesciunt est rerum, ex quis voluptate officiis quaerat dolor itaque rem beatae libero, eius magnam consequatur earum vel blanditiis reiciendis dolor autem, iusto sunt nihil doloribus. Laudantium nemo officiis doloremque eveniet ipsam vel error tenetur eligendi, explicabo magni autem neque natus expedita, consequuntur laudantium vel nostrum aut cum modi, reprehenderit iste cum incidunt porro, explicabo autem dolore, voluptatem quae veniam fuga dolor aspernatur hic est quidem vero? Odio culpa consequatur, molestias dolore unde asperiores ullam ex, illum quasi porro minus dolorum fugiat vel eius natus dolor, explicabo libero non repellat voluptatem nemo itaque, fugiat deleniti beatae exercitationem assumenda nostrum obcaecati accusantium voluptatibus.",
    "image": "scenarioDesc/b-maternity-app-1422266365-2VKM-column-width-inline.jpg",
    "left_right": true,
    "order": 1
  }
},
{
  "model": "app.scenariodescription",
  "pk": 11,
  "fields": {
    "belongs_to_scenario": 9,
    "description": "Lorem ipsum dolor sit amet, consectetur adipisicing elit, sed do eiusmod tempor incididunt ut labore et dolore magna aliqua. Ut enim ad minim veniam, quis nostrud exercitation ullamco laboris nisi ut aliquip ex ea commodo consequat. Duis aute irure dolor in reprehenderit in voluptate velit esse cillum dolore eu fugiat nulla pariatur. Excepteur sint occaecat cupidatat non proident, sunt in culpa qui officia deserunt mollit anim id est laborum.\r\n\r\nQui quasi perspiciatis maxime esse, fugit inventore aliquam esse adipisci quia id quidem reiciendis a, nostrum iure labore eveniet molestias provident fugiat voluptate quibusdam. Rem maxime alias recusandae laborum explicabo necessitatibus odit qui at impedit, minus natus magnam odit ducimus veniam culpa ipsum, aut odit possimus laborum a dolore repellendus corporis quisquam voluptate, veritatis incidunt mollitia pariatur reprehenderit, quis iste pariatur architecto facere voluptas. Quod error eveniet sint molestiae ipsam autem nihil incidunt architecto voluptas voluptatum, iure voluptatem sunt error temporibus mollitia cumque nostrum doloribus blanditiis excepturi, est porro maxime ea voluptate doloribus explicabo quo in voluptates. Fugit eaque laboriosam eos architecto et nemo ratione reprehenderit, voluptate a ipsa iste alias, eum at enim nemo unde quod amet possimus nihil voluptate labore.\r\n\r\nCumque molestiae dolore odio, necessitatibus recusandae magnam distinctio commodi obcaecati nostrum libero placeat dolor, obcaecati blanditiis deleniti possimus amet? Exercitationem quasi id dolor totam ut quo optio eveniet ducimus quaerat, quia consequatur reprehenderit accusantium asperiores nesciunt est rerum, ex quis voluptate officiis quaerat dolor itaque rem beatae libero, eius magnam consequatur earum vel blanditiis reiciendis dolor autem, iusto sunt nihil doloribus. Laudantium nemo officiis doloremque eveniet ipsam vel error tenetur eligendi, explicabo magni autem neque natus expedita, consequuntur laudantium vel nostrum aut cum modi, reprehenderit iste cum incidunt porro, explicabo autem dolore, voluptatem quae veniam fuga dolor aspernatur hic est quidem vero? Odio culpa consequatur, molestias dolore unde asperiores ullam ex, illum quasi porro minus dolorum fugiat vel eius natus dolor, explicabo libero non repellat voluptatem nemo itaque, fugiat deleniti beatae exercitationem assumenda nostrum obcaecati accusantium voluptatibus.",
    "image": "scenarioDesc/AAEAAQAAAAAAAAKwAAAAJDBmZTQyZTA5LTBkZDYtNDY5Mi05MGMzLWE3NWEzODFkYzI4MQ_2.jpg",
    "left_right": false,
    "order": 2
  }
},
{
  "model": "app.scenariodescription",
  "pk": 12,
  "fields": {
    "belongs_to_scenario": 9,
    "description": "Lorem ipsum dolor sit amet, consectetur adipisicing elit, sed do eiusmod tempor incididunt ut labore et dolore magna aliqua. Ut enim ad minim veniam, quis nostrud exercitation ullamco laboris nisi ut aliquip ex ea commodo consequat. Duis aute irure dolor in reprehenderit in voluptate velit esse cillum dolore eu fugiat nulla pariatur. Excepteur sint occaecat cupidatat non proident, sunt in culpa qui officia deserunt mollit anim id est laborum.\r\n\r\nQui quasi perspiciatis maxime esse, fugit inventore aliquam esse adipisci quia id quidem reiciendis a, nostrum iure labore eveniet molestias provident fugiat voluptate quibusdam. Rem maxime alias recusandae laborum explicabo necessitatibus odit qui at impedit, minus natus magnam odit ducimus veniam culpa ipsum, aut odit possimus laborum a dolore repellendus corporis quisquam voluptate, veritatis incidunt mollitia pariatur reprehenderit, quis iste pariatur architecto facere voluptas. Quod error eveniet sint molestiae ipsam autem nihil incidunt architecto voluptas voluptatum, iure voluptatem sunt error temporibus mollitia cumque nostrum doloribus blanditiis excepturi, est porro maxime ea voluptate doloribus explicabo quo in voluptates. Fugit eaque laboriosam eos architecto et nemo ratione reprehenderit, voluptate a ipsa iste alias, eum at enim nemo unde quod amet possimus nihil voluptate labore.\r\n\r\nCumque molestiae dolore odio, necessitatibus recusandae magnam distinctio commodi obcaecati nostrum libero placeat dolor, obcaecati blanditiis deleniti possimus amet? Exercitationem quasi id dolor totam ut quo optio eveniet ducimus quaerat, quia consequatur reprehenderit accusantium asperiores nesciunt est rerum, ex quis voluptate officiis quaerat dolor itaque rem beatae libero, eius magnam consequatur earum vel blanditiis reiciendis dolor autem, iusto sunt nihil doloribus. Laudantium nemo officiis doloremque eveniet ipsam vel error tenetur eligendi, explicabo magni autem neque natus expedita, consequuntur laudantium vel nostrum aut cum modi, reprehenderit iste cum incidunt porro, explicabo autem dolore, voluptatem quae veniam fuga dolor aspernatur hic est quidem vero? Odio culpa consequatur, molestias dolore unde asperiores ullam ex, illum quasi porro minus dolorum fugiat vel eius natus dolor, explicabo libero non repellat voluptatem nemo itaque, fugiat deleniti beatae exercitationem assumenda nostrum obcaecati accusantium voluptatibus.",
    "image": "scenarioDesc/Trackingvitalhealthdatainreal-timeonyoursmartphoneortablet_3.PNG",
    "left_right": true,
    "order": 3
  }
},
{
  "model": "app.scenariodescription",
  "pk": 13,
  "fields": {
    "belongs_to_scenario": 11,
    "description": "Lorem ipsum dolor sit amet, consectetur adipisicing elit, sed do eiusmod tempor incididunt ut labore et dolore magna aliqua. Ut enim ad minim veniam, quis nostrud exercitation ullamco laboris nisi ut aliquip ex ea commodo consequat. Duis aute irure dolor in reprehenderit in voluptate velit esse cillum dolore eu fugiat nulla pariatur. Excepteur sint occaecat cupidatat non proident, sunt in culpa qui officia deserunt mollit anim id est laborum.\r\n\r\nQui quasi perspiciatis maxime esse, fugit inventore aliquam esse adipisci quia id quidem reiciendis a, nostrum iure labore eveniet molestias provident fugiat voluptate quibusdam. Rem maxime alias recusandae laborum explicabo necessitatibus odit qui at impedit, minus natus magnam odit ducimus veniam culpa ipsum, aut odit possimus laborum a dolore repellendus corporis quisquam voluptate, veritatis incidunt mollitia pariatur reprehenderit, quis iste pariatur architecto facere voluptas. Quod error eveniet sint molestiae ipsam autem nihil incidunt architecto voluptas voluptatum, iure voluptatem sunt error temporibus mollitia cumque nostrum doloribus blanditiis excepturi, est porro maxime ea voluptate doloribus explicabo quo in voluptates. Fugit eaque laboriosam eos architecto et nemo ratione reprehenderit, voluptate a ipsa iste alias, eum at enim nemo unde quod amet possimus nihil voluptate labore.\r\n\r\nCumque molestiae dolore odio, necessitatibus recusandae magnam distinctio commodi obcaecati nostrum libero placeat dolor, obcaecati blanditiis deleniti possimus amet? Exercitationem quasi id dolor totam ut quo optio eveniet ducimus quaerat, quia consequatur reprehenderit accusantium asperiores nesciunt est rerum, ex quis voluptate officiis quaerat dolor itaque rem beatae libero, eius magnam consequatur earum vel blanditiis reiciendis dolor autem, iusto sunt nihil doloribus. Laudantium nemo officiis doloremque eveniet ipsam vel error tenetur eligendi, explicabo magni autem neque natus expedita, consequuntur laudantium vel nostrum aut cum modi, reprehenderit iste cum incidunt porro, explicabo autem dolore, voluptatem quae veniam fuga dolor aspernatur hic est quidem vero? Odio culpa consequatur, molestias dolore unde asperiores ullam ex, illum quasi porro minus dolorum fugiat vel eius natus dolor, explicabo libero non repellat voluptatem nemo itaque, fugiat deleniti beatae exercitationem assumenda nostrum obcaecati accusantium voluptatibus.",
    "image": "scenarioDesc/WakeUpSmart.jpg",
    "left_right": true,
    "order": 1
  }
},
{
  "model": "app.scenariodescription",
  "pk": 14,
  "fields": {
    "belongs_to_scenario": 11,
    "description": "Lorem ipsum dolor sit amet, consectetur adipisicing elit, sed do eiusmod tempor incididunt ut labore et dolore magna aliqua. Ut enim ad minim veniam, quis nostrud exercitation ullamco laboris nisi ut aliquip ex ea commodo consequat. Duis aute irure dolor in reprehenderit in voluptate velit esse cillum dolore eu fugiat nulla pariatur. Excepteur sint occaecat cupidatat non proident, sunt in culpa qui officia deserunt mollit anim id est laborum.\r\n\r\nQui quasi perspiciatis maxime esse, fugit inventore aliquam esse adipisci quia id quidem reiciendis a, nostrum iure labore eveniet molestias provident fugiat voluptate quibusdam. Rem maxime alias recusandae laborum explicabo necessitatibus odit qui at impedit, minus natus magnam odit ducimus veniam culpa ipsum, aut odit possimus laborum a dolore repellendus corporis quisquam voluptate, veritatis incidunt mollitia pariatur reprehenderit, quis iste pariatur architecto facere voluptas. Quod error eveniet sint molestiae ipsam autem nihil incidunt architecto voluptas voluptatum, iure voluptatem sunt error temporibus mollitia cumque nostrum doloribus blanditiis excepturi, est porro maxime ea voluptate doloribus explicabo quo in voluptates. Fugit eaque laboriosam eos architecto et nemo ratione reprehenderit, voluptate a ipsa iste alias, eum at enim nemo unde quod amet possimus nihil voluptate labore.\r\n\r\nCumque molestiae dolore odio, necessitatibus recusandae magnam distinctio commodi obcaecati nostrum libero placeat dolor, obcaecati blanditiis deleniti possimus amet? Exercitationem quasi id dolor totam ut quo optio eveniet ducimus quaerat, quia consequatur reprehenderit accusantium asperiores nesciunt est rerum, ex quis voluptate officiis quaerat dolor itaque rem beatae libero, eius magnam consequatur earum vel blanditiis reiciendis dolor autem, iusto sunt nihil doloribus. Laudantium nemo officiis doloremque eveniet ipsam vel error tenetur eligendi, explicabo magni autem neque natus expedita, consequuntur laudantium vel nostrum aut cum modi, reprehenderit iste cum incidunt porro, explicabo autem dolore, voluptatem quae veniam fuga dolor aspernatur hic est quidem vero? Odio culpa consequatur, molestias dolore unde asperiores ullam ex, illum quasi porro minus dolorum fugiat vel eius natus dolor, explicabo libero non repellat voluptatem nemo itaque, fugiat deleniti beatae exercitationem assumenda nostrum obcaecati accusantium voluptatibus.",
    "image": "scenarioDesc/iwaku-Smart-Wake-up-Light-lifestyle_2.jpg",
    "left_right": false,
    "order": 2
  }
},
{
  "model": "app.scenariodescription",
  "pk": 15,
  "fields": {
    "belongs_to_scenario": 11,
    "description": "Lorem ipsum dolor sit amet, consectetur adipisicing elit, sed do eiusmod tempor incididunt ut labore et dolore magna aliqua. Ut enim ad minim veniam, quis nostrud exercitation ullamco laboris nisi ut aliquip ex ea commodo consequat. Duis aute irure dolor in reprehenderit in voluptate velit esse cillum dolore eu fugiat nulla pariatur. Excepteur sint occaecat cupidatat non proident, sunt in culpa qui officia deserunt mollit anim id est laborum.\r\n\r\nQui quasi perspiciatis maxime esse, fugit inventore aliquam esse adipisci quia id quidem reiciendis a, nostrum iure labore eveniet molestias provident fugiat voluptate quibusdam. Rem maxime alias recusandae laborum explicabo necessitatibus odit qui at impedit, minus natus magnam odit ducimus veniam culpa ipsum, aut odit possimus laborum a dolore repellendus corporis quisquam voluptate, veritatis incidunt mollitia pariatur reprehenderit, quis iste pariatur architecto facere voluptas. Quod error eveniet sint molestiae ipsam autem nihil incidunt architecto voluptas voluptatum, iure voluptatem sunt error temporibus mollitia cumque nostrum doloribus blanditiis excepturi, est porro maxime ea voluptate doloribus explicabo quo in voluptates. Fugit eaque laboriosam eos architecto et nemo ratione reprehenderit, voluptate a ipsa iste alias, eum at enim nemo unde quod amet possimus nihil voluptate labore.\r\n\r\nCumque molestiae dolore odio, necessitatibus recusandae magnam distinctio commodi obcaecati nostrum libero placeat dolor, obcaecati blanditiis deleniti possimus amet? Exercitationem quasi id dolor totam ut quo optio eveniet ducimus quaerat, quia consequatur reprehenderit accusantium asperiores nesciunt est rerum, ex quis voluptate officiis quaerat dolor itaque rem beatae libero, eius magnam consequatur earum vel blanditiis reiciendis dolor autem, iusto sunt nihil doloribus. Laudantium nemo officiis doloremque eveniet ipsam vel error tenetur eligendi, explicabo magni autem neque natus expedita, consequuntur laudantium vel nostrum aut cum modi, reprehenderit iste cum incidunt porro, explicabo autem dolore, voluptatem quae veniam fuga dolor aspernatur hic est quidem vero? Odio culpa consequatur, molestias dolore unde asperiores ullam ex, illum quasi porro minus dolorum fugiat vel eius natus dolor, explicabo libero non repellat voluptatem nemo itaque, fugiat deleniti beatae exercitationem assumenda nostrum obcaecati accusantium voluptatibus.",
    "image": "scenarioDesc/graph_smartwake_3.png",
    "left_right": true,
    "order": 3
  }
},
{
  "model": "app.scenariodescription",
  "pk": 16,
  "fields": {
    "belongs_to_scenario": 12,
    "description": "Lorem ipsum dolor sit amet, consectetur adipisicing elit, sed do eiusmod tempor incididunt ut labore et dolore magna aliqua. Ut enim ad minim veniam, quis nostrud exercitation ullamco laboris nisi ut aliquip ex ea commodo consequat. Duis aute irure dolor in reprehenderit in voluptate velit esse cillum dolore eu fugiat nulla pariatur. Excepteur sint occaecat cupidatat non proident, sunt in culpa qui officia deserunt mollit anim id est laborum.\r\n\r\nQui quasi perspiciatis maxime esse, fugit inventore aliquam esse adipisci quia id quidem reiciendis a, nostrum iure labore eveniet molestias provident fugiat voluptate quibusdam. Rem maxime alias recusandae laborum explicabo necessitatibus odit qui at impedit, minus natus magnam odit ducimus veniam culpa ipsum, aut odit possimus laborum a dolore repellendus corporis quisquam voluptate, veritatis incidunt mollitia pariatur reprehenderit, quis iste pariatur architecto facere voluptas. Quod error eveniet sint molestiae ipsam autem nihil incidunt architecto voluptas voluptatum, iure voluptatem sunt error temporibus mollitia cumque nostrum doloribus blanditiis excepturi, est porro maxime ea voluptate doloribus explicabo quo in voluptates. Fugit eaque laboriosam eos architecto et nemo ratione reprehenderit, voluptate a ipsa iste alias, eum at enim nemo unde quod amet possimus nihil voluptate labore.\r\n\r\nCumque molestiae dolore odio, necessitatibus recusandae magnam distinctio commodi obcaecati nostrum libero placeat dolor, obcaecati blanditiis deleniti possimus amet? Exercitationem quasi id dolor totam ut quo optio eveniet ducimus quaerat, quia consequatur reprehenderit accusantium asperiores nesciunt est rerum, ex quis voluptate officiis quaerat dolor itaque rem beatae libero, eius magnam consequatur earum vel blanditiis reiciendis dolor autem, iusto sunt nihil doloribus. Laudantium nemo officiis doloremque eveniet ipsam vel error tenetur eligendi, explicabo magni autem neque natus expedita, consequuntur laudantium vel nostrum aut cum modi, reprehenderit iste cum incidunt porro, explicabo autem dolore, voluptatem quae veniam fuga dolor aspernatur hic est quidem vero? Odio culpa consequatur, molestias dolore unde asperiores ullam ex, illum quasi porro minus dolorum fugiat vel eius natus dolor, explicabo libero non repellat voluptatem nemo itaque, fugiat deleniti beatae exercitationem assumenda nostrum obcaecati accusantium voluptatibus.",
    "image": "scenarioDesc/Website-Pic-Lighting-control_1.jpg",
    "left_right": true,
    "order": 1
  }
},
{
  "model": "app.scenariodescription",
  "pk": 17,
  "fields": {
    "belongs_to_scenario": 12,
    "description": "Lorem ipsum dolor sit amet, consectetur adipisicing elit, sed do eiusmod tempor incididunt ut labore et dolore magna aliqua. Ut enim ad minim veniam, quis nostrud exercitation ullamco laboris nisi ut aliquip ex ea commodo consequat. Duis aute irure dolor in reprehenderit in voluptate velit esse cillum dolore eu fugiat nulla pariatur. Excepteur sint occaecat cupidatat non proident, sunt in culpa qui officia deserunt mollit anim id est laborum.\r\n\r\nQui quasi perspiciatis maxime esse, fugit inventore aliquam esse adipisci quia id quidem reiciendis a, nostrum iure labore eveniet molestias provident fugiat voluptate quibusdam. Rem maxime alias recusandae laborum explicabo necessitatibus odit qui at impedit, minus natus magnam odit ducimus veniam culpa ipsum, aut odit possimus laborum a dolore repellendus corporis quisquam voluptate, veritatis incidunt mollitia pariatur reprehenderit, quis iste pariatur architecto facere voluptas. Quod error eveniet sint molestiae ipsam autem nihil incidunt architecto voluptas voluptatum, iure voluptatem sunt error temporibus mollitia cumque nostrum doloribus blanditiis excepturi, est porro maxime ea voluptate doloribus explicabo quo in voluptates. Fugit eaque laboriosam eos architecto et nemo ratione reprehenderit, voluptate a ipsa iste alias, eum at enim nemo unde quod amet possimus nihil voluptate labore.\r\n\r\nCumque molestiae dolore odio, necessitatibus recusandae magnam distinctio commodi obcaecati nostrum libero placeat dolor, obcaecati blanditiis deleniti possimus amet? Exercitationem quasi id dolor totam ut quo optio eveniet ducimus quaerat, quia consequatur reprehenderit accusantium asperiores nesciunt est rerum, ex quis voluptate officiis quaerat dolor itaque rem beatae libero, eius magnam consequatur earum vel blanditiis reiciendis dolor autem, iusto sunt nihil doloribus. Laudantium nemo officiis doloremque eveniet ipsam vel error tenetur eligendi, explicabo magni autem neque natus expedita, consequuntur laudantium vel nostrum aut cum modi, reprehenderit iste cum incidunt porro, explicabo autem dolore, voluptatem quae veniam fuga dolor aspernatur hic est quidem vero? Odio culpa consequatur, molestias dolore unde asperiores ullam ex, illum quasi porro minus dolorum fugiat vel eius natus dolor, explicabo libero non repellat voluptatem nemo itaque, fugiat deleniti beatae exercitationem assumenda nostrum obcaecati accusantium voluptatibus.",
    "image": "scenarioDesc/1351534582_w670_h447_2.jpeg",
    "left_right": false,
    "order": 2
  }
},
{
  "model": "app.scenariodescription",
  "pk": 18,
  "fields": {
    "belongs_to_scenario": 12,
    "description": "Lorem ipsum dolor sit amet, consectetur adipisicing elit, sed do eiusmod tempor incididunt ut labore et dolore magna aliqua. Ut enim ad minim veniam, quis nostrud exercitation ullamco laboris nisi ut aliquip ex ea commodo consequat. Duis aute irure dolor in reprehenderit in voluptate velit esse cillum dolore eu fugiat nulla pariatur. Excepteur sint occaecat cupidatat non proident, sunt in culpa qui officia deserunt mollit anim id est laborum.\r\n\r\nQui quasi perspiciatis maxime esse, fugit inventore aliquam esse adipisci quia id quidem reiciendis a, nostrum iure labore eveniet molestias provident fugiat voluptate quibusdam. Rem maxime alias recusandae laborum explicabo necessitatibus odit qui at impedit, minus natus magnam odit ducimus veniam culpa ipsum, aut odit possimus laborum a dolore repellendus corporis quisquam voluptate, veritatis incidunt mollitia pariatur reprehenderit, quis iste pariatur architecto facere voluptas. Quod error eveniet sint molestiae ipsam autem nihil incidunt architecto voluptas voluptatum, iure voluptatem sunt error temporibus mollitia cumque nostrum doloribus blanditiis excepturi, est porro maxime ea voluptate doloribus explicabo quo in voluptates. Fugit eaque laboriosam eos architecto et nemo ratione reprehenderit, voluptate a ipsa iste alias, eum at enim nemo unde quod amet possimus nihil voluptate labore.\r\n\r\nCumque molestiae dolore odio, necessitatibus recusandae magnam distinctio commodi obcaecati nostrum libero placeat dolor, obcaecati blanditiis deleniti possimus amet? Exercitationem quasi id dolor totam ut quo optio eveniet ducimus quaerat, quia consequatur reprehenderit accusantium asperiores nesciunt est rerum, ex quis voluptate officiis quaerat dolor itaque rem beatae libero, eius magnam consequatur earum vel blanditiis reiciendis dolor autem, iusto sunt nihil doloribus. Laudantium nemo officiis doloremque eveniet ipsam vel error tenetur eligendi, explicabo magni autem neque natus expedita, consequuntur laudantium vel nostrum aut cum modi, reprehenderit iste cum incidunt porro, explicabo autem dolore, voluptatem quae veniam fuga dolor aspernatur hic est quidem vero? Odio culpa consequatur, molestias dolore unde asperiores ullam ex, illum quasi porro minus dolorum fugiat vel eius natus dolor, explicabo libero non repellat voluptatem nemo itaque, fugiat deleniti beatae exercitationem assumenda nostrum obcaecati accusantium voluptatibus.",
    "image": "scenarioDesc/lighting-control_3.jpg",
    "left_right": true,
    "order": 3
  }
},
{
  "model": "app.scenariodescription",
  "pk": 19,
  "fields": {
    "belongs_to_scenario": 14,
    "description": "Lorem ipsum dolor sit amet, consectetur adipisicing elit, sed do eiusmod tempor incididunt ut labore et dolore magna aliqua. Ut enim ad minim veniam, quis nostrud exercitation ullamco laboris nisi ut aliquip ex ea commodo consequat. Duis aute irure dolor in reprehenderit in voluptate velit esse cillum dolore eu fugiat nulla pariatur. Excepteur sint occaecat cupidatat non proident, sunt in culpa qui officia deserunt mollit anim id est laborum.\r\n\r\nQui quasi perspiciatis maxime esse, fugit inventore aliquam esse adipisci quia id quidem reiciendis a, nostrum iure labore eveniet molestias provident fugiat voluptate quibusdam. Rem maxime alias recusandae laborum explicabo necessitatibus odit qui at impedit, minus natus magnam odit ducimus veniam culpa ipsum, aut odit possimus laborum a dolore repellendus corporis quisquam voluptate, veritatis incidunt mollitia pariatur reprehenderit, quis iste pariatur architecto facere voluptas. Quod error eveniet sint molestiae ipsam autem nihil incidunt architecto voluptas voluptatum, iure voluptatem sunt error temporibus mollitia cumque nostrum doloribus blanditiis excepturi, est porro maxime ea voluptate doloribus explicabo quo in voluptates. Fugit eaque laboriosam eos architecto et nemo ratione reprehenderit, voluptate a ipsa iste alias, eum at enim nemo unde quod amet possimus nihil voluptate labore.\r\n\r\nCumque molestiae dolore odio, necessitatibus recusandae magnam distinctio commodi obcaecati nostrum libero placeat dolor, obcaecati blanditiis deleniti possimus amet? Exercitationem quasi id dolor totam ut quo optio eveniet ducimus quaerat, quia consequatur reprehenderit accusantium asperiores nesciunt est rerum, ex quis voluptate officiis quaerat dolor itaque rem beatae libero, eius magnam consequatur earum vel blanditiis reiciendis dolor autem, iusto sunt nihil doloribus. Laudantium nemo officiis doloremque eveniet ipsam vel error tenetur eligendi, explicabo magni autem neque natus expedita, consequuntur laudantium vel nostrum aut cum modi, reprehenderit iste cum incidunt porro, explicabo autem dolore, voluptatem quae veniam fuga dolor aspernatur hic est quidem vero? Odio culpa consequatur, molestias dolore unde asperiores ullam ex, illum quasi porro minus dolorum fugiat vel eius natus dolor, explicabo libero non repellat voluptatem nemo itaque, fugiat deleniti beatae exercitationem assumenda nostrum obcaecati accusantium voluptatibus.",
    "image": "scenarioDesc/tahoma-web.jpg",
    "left_right": true,
    "order": 1
  }
},
{
  "model": "app.scenariodescription",
  "pk": 20,
  "fields": {
    "belongs_to_scenario": 14,
    "description": "Lorem ipsum dolor sit amet, consectetur adipisicing elit, sed do eiusmod tempor incididunt ut labore et dolore magna aliqua. Ut enim ad minim veniam, quis nostrud exercitation ullamco laboris nisi ut aliquip ex ea commodo consequat. Duis aute irure dolor in reprehenderit in voluptate velit esse cillum dolore eu fugiat nulla pariatur. Excepteur sint occaecat cupidatat non proident, sunt in culpa qui officia deserunt mollit anim id est laborum.\r\n\r\nQui quasi perspiciatis maxime esse, fugit inventore aliquam esse adipisci quia id quidem reiciendis a, nostrum iure labore eveniet molestias provident fugiat voluptate quibusdam. Rem maxime alias recusandae laborum explicabo necessitatibus odit qui at impedit, minus natus magnam odit ducimus veniam culpa ipsum, aut odit possimus laborum a dolore repellendus corporis quisquam voluptate, veritatis incidunt mollitia pariatur reprehenderit, quis iste pariatur architecto facere voluptas. Quod error eveniet sint molestiae ipsam autem nihil incidunt architecto voluptas voluptatum, iure voluptatem sunt error temporibus mollitia cumque nostrum doloribus blanditiis excepturi, est porro maxime ea voluptate doloribus explicabo quo in voluptates. Fugit eaque laboriosam eos architecto et nemo ratione reprehenderit, voluptate a ipsa iste alias, eum at enim nemo unde quod amet possimus nihil voluptate labore.\r\n\r\nCumque molestiae dolore odio, necessitatibus recusandae magnam distinctio commodi obcaecati nostrum libero placeat dolor, obcaecati blanditiis deleniti possimus amet? Exercitationem quasi id dolor totam ut quo optio eveniet ducimus quaerat, quia consequatur reprehenderit accusantium asperiores nesciunt est rerum, ex quis voluptate officiis quaerat dolor itaque rem beatae libero, eius magnam consequatur earum vel blanditiis reiciendis dolor autem, iusto sunt nihil doloribus. Laudantium nemo officiis doloremque eveniet ipsam vel error tenetur eligendi, explicabo magni autem neque natus expedita, consequuntur laudantium vel nostrum aut cum modi, reprehenderit iste cum incidunt porro, explicabo autem dolore, voluptatem quae veniam fuga dolor aspernatur hic est quidem vero? Odio culpa consequatur, molestias dolore unde asperiores ullam ex, illum quasi porro minus dolorum fugiat vel eius natus dolor, explicabo libero non repellat voluptatem nemo itaque, fugiat deleniti beatae exercitationem assumenda nostrum obcaecati accusantium voluptatibus.",
    "image": "scenarioDesc/CeBIT-2014_2.jpg",
    "left_right": false,
    "order": 2
  }
},
{
  "model": "app.scenariodescription",
  "pk": 21,
  "fields": {
    "belongs_to_scenario": 14,
    "description": "Lorem ipsum dolor sit amet, consectetur adipisicing elit, sed do eiusmod tempor incididunt ut labore et dolore magna aliqua. Ut enim ad minim veniam, quis nostrud exercitation ullamco laboris nisi ut aliquip ex ea commodo consequat. Duis aute irure dolor in reprehenderit in voluptate velit esse cillum dolore eu fugiat nulla pariatur. Excepteur sint occaecat cupidatat non proident, sunt in culpa qui officia deserunt mollit anim id est laborum.\r\n\r\nQui quasi perspiciatis maxime esse, fugit inventore aliquam esse adipisci quia id quidem reiciendis a, nostrum iure labore eveniet molestias provident fugiat voluptate quibusdam. Rem maxime alias recusandae laborum explicabo necessitatibus odit qui at impedit, minus natus magnam odit ducimus veniam culpa ipsum, aut odit possimus laborum a dolore repellendus corporis quisquam voluptate, veritatis incidunt mollitia pariatur reprehenderit, quis iste pariatur architecto facere voluptas. Quod error eveniet sint molestiae ipsam autem nihil incidunt architecto voluptas voluptatum, iure voluptatem sunt error temporibus mollitia cumque nostrum doloribus blanditiis excepturi, est porro maxime ea voluptate doloribus explicabo quo in voluptates. Fugit eaque laboriosam eos architecto et nemo ratione reprehenderit, voluptate a ipsa iste alias, eum at enim nemo unde quod amet possimus nihil voluptate labore.\r\n\r\nCumque molestiae dolore odio, necessitatibus recusandae magnam distinctio commodi obcaecati nostrum libero placeat dolor, obcaecati blanditiis deleniti possimus amet? Exercitationem quasi id dolor totam ut quo optio eveniet ducimus quaerat, quia consequatur reprehenderit accusantium asperiores nesciunt est rerum, ex quis voluptate officiis quaerat dolor itaque rem beatae libero, eius magnam consequatur earum vel blanditiis reiciendis dolor autem, iusto sunt nihil doloribus. Laudantium nemo officiis doloremque eveniet ipsam vel error tenetur eligendi, explicabo magni autem neque natus expedita, consequuntur laudantium vel nostrum aut cum modi, reprehenderit iste cum incidunt porro, explicabo autem dolore, voluptatem quae veniam fuga dolor aspernatur hic est quidem vero? Odio culpa consequatur, molestias dolore unde asperiores ullam ex, illum quasi porro minus dolorum fugiat vel eius natus dolor, explicabo libero non repellat voluptatem nemo itaque, fugiat deleniti beatae exercitationem assumenda nostrum obcaecati accusantium voluptatibus.",
    "image": "scenarioDesc/rolladensteuerung_3.jpg",
    "left_right": true,
    "order": 3
  }
},
{
  "model": "app.scenariodescription",
  "pk": 22,
  "fields": {
    "belongs_to_scenario": 15,
    "description": "Lorem ipsum dolor sit amet, consectetur adipisicing elit, sed do eiusmod tempor incididunt ut labore et dolore magna aliqua. Ut enim ad minim veniam, quis nostrud exercitation ullamco laboris nisi ut aliquip ex ea commodo consequat. Duis aute irure dolor in reprehenderit in voluptate velit esse cillum dolore eu fugiat nulla pariatur. Excepteur sint occaecat cupidatat non proident, sunt in culpa qui officia deserunt mollit anim id est laborum.\r\n\r\nQui quasi perspiciatis maxime esse, fugit inventore aliquam esse adipisci quia id quidem reiciendis a, nostrum iure labore eveniet molestias provident fugiat voluptate quibusdam. Rem maxime alias recusandae laborum explicabo necessitatibus odit qui at impedit, minus natus magnam odit ducimus veniam culpa ipsum, aut odit possimus laborum a dolore repellendus corporis quisquam voluptate, veritatis incidunt mollitia pariatur reprehenderit, quis iste pariatur architecto facere voluptas. Quod error eveniet sint molestiae ipsam autem nihil incidunt architecto voluptas voluptatum, iure voluptatem sunt error temporibus mollitia cumque nostrum doloribus blanditiis excepturi, est porro maxime ea voluptate doloribus explicabo quo in voluptates. Fugit eaque laboriosam eos architecto et nemo ratione reprehenderit, voluptate a ipsa iste alias, eum at enim nemo unde quod amet possimus nihil voluptate labore.\r\n\r\nCumque molestiae dolore odio, necessitatibus recusandae magnam distinctio commodi obcaecati nostrum libero placeat dolor, obcaecati blanditiis deleniti possimus amet? Exercitationem quasi id dolor totam ut quo optio eveniet ducimus quaerat, quia consequatur reprehenderit accusantium asperiores nesciunt est rerum, ex quis voluptate officiis quaerat dolor itaque rem beatae libero, eius magnam consequatur earum vel blanditiis reiciendis dolor autem, iusto sunt nihil doloribus. Laudantium nemo officiis doloremque eveniet ipsam vel error tenetur eligendi, explicabo magni autem neque natus expedita, consequuntur laudantium vel nostrum aut cum modi, reprehenderit iste cum incidunt porro, explicabo autem dolore, voluptatem quae veniam fuga dolor aspernatur hic est quidem vero? Odio culpa consequatur, molestias dolore unde asperiores ullam ex, illum quasi porro minus dolorum fugiat vel eius natus dolor, explicabo libero non repellat voluptatem nemo itaque, fugiat deleniti beatae exercitationem assumenda nostrum obcaecati accusantium voluptatibus.",
    "image": "scenarioDesc/tahoma-web_e3Q35FD.jpg",
    "left_right": true,
    "order": 1
  }
},
{
  "model": "app.scenariodescription",
  "pk": 23,
  "fields": {
    "belongs_to_scenario": 15,
    "description": "Lorem ipsum dolor sit amet, consectetur adipisicing elit, sed do eiusmod tempor incididunt ut labore et dolore magna aliqua. Ut enim ad minim veniam, quis nostrud exercitation ullamco laboris nisi ut aliquip ex ea commodo consequat. Duis aute irure dolor in reprehenderit in voluptate velit esse cillum dolore eu fugiat nulla pariatur. Excepteur sint occaecat cupidatat non proident, sunt in culpa qui officia deserunt mollit anim id est laborum.\r\n\r\nQui quasi perspiciatis maxime esse, fugit inventore aliquam esse adipisci quia id quidem reiciendis a, nostrum iure labore eveniet molestias provident fugiat voluptate quibusdam. Rem maxime alias recusandae laborum explicabo necessitatibus odit qui at impedit, minus natus magnam odit ducimus veniam culpa ipsum, aut odit possimus laborum a dolore repellendus corporis quisquam voluptate, veritatis incidunt mollitia pariatur reprehenderit, quis iste pariatur architecto facere voluptas. Quod error eveniet sint molestiae ipsam autem nihil incidunt architecto voluptas voluptatum, iure voluptatem sunt error temporibus mollitia cumque nostrum doloribus blanditiis excepturi, est porro maxime ea voluptate doloribus explicabo quo in voluptates. Fugit eaque laboriosam eos architecto et nemo ratione reprehenderit, voluptate a ipsa iste alias, eum at enim nemo unde quod amet possimus nihil voluptate labore.\r\n\r\nCumque molestiae dolore odio, necessitatibus recusandae magnam distinctio commodi obcaecati nostrum libero placeat dolor, obcaecati blanditiis deleniti possimus amet? Exercitationem quasi id dolor totam ut quo optio eveniet ducimus quaerat, quia consequatur reprehenderit accusantium asperiores nesciunt est rerum, ex quis voluptate officiis quaerat dolor itaque rem beatae libero, eius magnam consequatur earum vel blanditiis reiciendis dolor autem, iusto sunt nihil doloribus. Laudantium nemo officiis doloremque eveniet ipsam vel error tenetur eligendi, explicabo magni autem neque natus expedita, consequuntur laudantium vel nostrum aut cum modi, reprehenderit iste cum incidunt porro, explicabo autem dolore, voluptatem quae veniam fuga dolor aspernatur hic est quidem vero? Odio culpa consequatur, molestias dolore unde asperiores ullam ex, illum quasi porro minus dolorum fugiat vel eius natus dolor, explicabo libero non repellat voluptatem nemo itaque, fugiat deleniti beatae exercitationem assumenda nostrum obcaecati accusantium voluptatibus.",
    "image": "scenarioDesc/CeBIT-2014_2_DgdWwjR.jpg",
    "left_right": false,
    "order": 2
  }
},
{
  "model": "app.scenariodescription",
  "pk": 24,
  "fields": {
    "belongs_to_scenario": 15,
    "description": "Lorem ipsum dolor sit amet, consectetur adipisicing elit, sed do eiusmod tempor incididunt ut labore et dolore magna aliqua. Ut enim ad minim veniam, quis nostrud exercitation ullamco laboris nisi ut aliquip ex ea commodo consequat. Duis aute irure dolor in reprehenderit in voluptate velit esse cillum dolore eu fugiat nulla pariatur. Excepteur sint occaecat cupidatat non proident, sunt in culpa qui officia deserunt mollit anim id est laborum.\r\n\r\nQui quasi perspiciatis maxime esse, fugit inventore aliquam esse adipisci quia id quidem reiciendis a, nostrum iure labore eveniet molestias provident fugiat voluptate quibusdam. Rem maxime alias recusandae laborum explicabo necessitatibus odit qui at impedit, minus natus magnam odit ducimus veniam culpa ipsum, aut odit possimus laborum a dolore repellendus corporis quisquam voluptate, veritatis incidunt mollitia pariatur reprehenderit, quis iste pariatur architecto facere voluptas. Quod error eveniet sint molestiae ipsam autem nihil incidunt architecto voluptas voluptatum, iure voluptatem sunt error temporibus mollitia cumque nostrum doloribus blanditiis excepturi, est porro maxime ea voluptate doloribus explicabo quo in voluptates. Fugit eaque laboriosam eos architecto et nemo ratione reprehenderit, voluptate a ipsa iste alias, eum at enim nemo unde quod amet possimus nihil voluptate labore.\r\n\r\nCumque molestiae dolore odio, necessitatibus recusandae magnam distinctio commodi obcaecati nostrum libero placeat dolor, obcaecati blanditiis deleniti possimus amet? Exercitationem quasi id dolor totam ut quo optio eveniet ducimus quaerat, quia consequatur reprehenderit accusantium asperiores nesciunt est rerum, ex quis voluptate officiis quaerat dolor itaque rem beatae libero, eius magnam consequatur earum vel blanditiis reiciendis dolor autem, iusto sunt nihil doloribus. Laudantium nemo officiis doloremque eveniet ipsam vel error tenetur eligendi, explicabo magni autem neque natus expedita, consequuntur laudantium vel nostrum aut cum modi, reprehenderit iste cum incidunt porro, explicabo autem dolore, voluptatem quae veniam fuga dolor aspernatur hic est quidem vero? Odio culpa consequatur, molestias dolore unde asperiores ullam ex, illum quasi porro minus dolorum fugiat vel eius natus dolor, explicabo libero non repellat voluptatem nemo itaque, fugiat deleniti beatae exercitationem assumenda nostrum obcaecati accusantium voluptatibus.",
    "image": "scenarioDesc/rolladensteuerung_3_ib7JZkx.jpg",
    "left_right": true,
    "order": 3
  }
},
{
  "model": "app.scenariodescription",
  "pk": 25,
  "fields": {
    "belongs_to_scenario": 13,
    "description": "Lorem ipsum dolor sit amet, consectetur adipisicing elit, sed do eiusmod tempor incididunt ut labore et dolore magna aliqua. Ut enim ad minim veniam, quis nostrud exercitation ullamco laboris nisi ut aliquip ex ea commodo consequat. Duis aute irure dolor in reprehenderit in voluptate velit esse cillum dolore eu fugiat nulla pariatur. Excepteur sint occaecat cupidatat non proident, sunt in culpa qui officia deserunt mollit anim id est laborum.\r\n\r\nQui quasi perspiciatis maxime esse, fugit inventore aliquam esse adipisci quia id quidem reiciendis a, nostrum iure labore eveniet molestias provident fugiat voluptate quibusdam. Rem maxime alias recusandae laborum explicabo necessitatibus odit qui at impedit, minus natus magnam odit ducimus veniam culpa ipsum, aut odit possimus laborum a dolore repellendus corporis quisquam voluptate, veritatis incidunt mollitia pariatur reprehenderit, quis iste pariatur architecto facere voluptas. Quod error eveniet sint molestiae ipsam autem nihil incidunt architecto voluptas voluptatum, iure voluptatem sunt error temporibus mollitia cumque nostrum doloribus blanditiis excepturi, est porro maxime ea voluptate doloribus explicabo quo in voluptates. Fugit eaque laboriosam eos architecto et nemo ratione reprehenderit, voluptate a ipsa iste alias, eum at enim nemo unde quod amet possimus nihil voluptate labore.\r\n\r\nCumque molestiae dolore odio, necessitatibus recusandae magnam distinctio commodi obcaecati nostrum libero placeat dolor, obcaecati blanditiis deleniti possimus amet? Exercitationem quasi id dolor totam ut quo optio eveniet ducimus quaerat, quia consequatur reprehenderit accusantium asperiores nesciunt est rerum, ex quis voluptate officiis quaerat dolor itaque rem beatae libero, eius magnam consequatur earum vel blanditiis reiciendis dolor autem, iusto sunt nihil doloribus. Laudantium nemo officiis doloremque eveniet ipsam vel error tenetur eligendi, explicabo magni autem neque natus expedita, consequuntur laudantium vel nostrum aut cum modi, reprehenderit iste cum incidunt porro, explicabo autem dolore, voluptatem quae veniam fuga dolor aspernatur hic est quidem vero? Odio culpa consequatur, molestias dolore unde asperiores ullam ex, illum quasi porro minus dolorum fugiat vel eius natus dolor, explicabo libero non repellat voluptatem nemo itaque, fugiat deleniti beatae exercitationem assumenda nostrum obcaecati accusantium voluptatibus.",
    "image": "scenarioDesc/Honeywell-Lyric-WiFi-Water-Leak-and-Freeze-Detector-hero_1.jpg",
    "left_right": true,
    "order": 1
  }
},
{
  "model": "app.scenariodescription",
  "pk": 26,
  "fields": {
    "belongs_to_scenario": 13,
    "description": "Lorem ipsum dolor sit amet, consectetur adipisicing elit, sed do eiusmod tempor incididunt ut labore et dolore magna aliqua. Ut enim ad minim veniam, quis nostrud exercitation ullamco laboris nisi ut aliquip ex ea commodo consequat. Duis aute irure dolor in reprehenderit in voluptate velit esse cillum dolore eu fugiat nulla pariatur. Excepteur sint occaecat cupidatat non proident, sunt in culpa qui officia deserunt mollit anim id est laborum.\r\n\r\nQui quasi perspiciatis maxime esse, fugit inventore aliquam esse adipisci quia id quidem reiciendis a, nostrum iure labore eveniet molestias provident fugiat voluptate quibusdam. Rem maxime alias recusandae laborum explicabo necessitatibus odit qui at impedit, minus natus magnam odit ducimus veniam culpa ipsum, aut odit possimus laborum a dolore repellendus corporis quisquam voluptate, veritatis incidunt mollitia pariatur reprehenderit, quis iste pariatur architecto facere voluptas. Quod error eveniet sint molestiae ipsam autem nihil incidunt architecto voluptas voluptatum, iure voluptatem sunt error temporibus mollitia cumque nostrum doloribus blanditiis excepturi, est porro maxime ea voluptate doloribus explicabo quo in voluptates. Fugit eaque laboriosam eos architecto et nemo ratione reprehenderit, voluptate a ipsa iste alias, eum at enim nemo unde quod amet possimus nihil voluptate labore.\r\n\r\nCumque molestiae dolore odio, necessitatibus recusandae magnam distinctio commodi obcaecati nostrum libero placeat dolor, obcaecati blanditiis deleniti possimus amet? Exercitationem quasi id dolor totam ut quo optio eveniet ducimus quaerat, quia consequatur reprehenderit accusantium asperiores nesciunt est rerum, ex quis voluptate officiis quaerat dolor itaque rem beatae libero, eius magnam consequatur earum vel blanditiis reiciendis dolor autem, iusto sunt nihil doloribus. Laudantium nemo officiis doloremque eveniet ipsam vel error tenetur eligendi, explicabo magni autem neque natus expedita, consequuntur laudantium vel nostrum aut cum modi, reprehenderit iste cum incidunt porro, explicabo autem dolore, voluptatem quae veniam fuga dolor aspernatur hic est quidem vero? Odio culpa consequatur, molestias dolore unde asperiores ullam ex, illum quasi porro minus dolorum fugiat vel eius natus dolor, explicabo libero non repellat voluptatem nemo itaque, fugiat deleniti beatae exercitationem assumenda nostrum obcaecati accusantium voluptatibus.",
    "image": "scenarioDesc/leaksmart-water-sensor_2.jpg",
    "left_right": false,
    "order": 2
  }
},
{
  "model": "app.scenariodescription",
  "pk": 27,
  "fields": {
    "belongs_to_scenario": 13,
    "description": "Lorem ipsum dolor sit amet, consectetur adipisicing elit, sed do eiusmod tempor incididunt ut labore et dolore magna aliqua. Ut enim ad minim veniam, quis nostrud exercitation ullamco laboris nisi ut aliquip ex ea commodo consequat. Duis aute irure dolor in reprehenderit in voluptate velit esse cillum dolore eu fugiat nulla pariatur. Excepteur sint occaecat cupidatat non proident, sunt in culpa qui officia deserunt mollit anim id est laborum.\r\n\r\nQui quasi perspiciatis maxime esse, fugit inventore aliquam esse adipisci quia id quidem reiciendis a, nostrum iure labore eveniet molestias provident fugiat voluptate quibusdam. Rem maxime alias recusandae laborum explicabo necessitatibus odit qui at impedit, minus natus magnam odit ducimus veniam culpa ipsum, aut odit possimus laborum a dolore repellendus corporis quisquam voluptate, veritatis incidunt mollitia pariatur reprehenderit, quis iste pariatur architecto facere voluptas. Quod error eveniet sint molestiae ipsam autem nihil incidunt architecto voluptas voluptatum, iure voluptatem sunt error temporibus mollitia cumque nostrum doloribus blanditiis excepturi, est porro maxime ea voluptate doloribus explicabo quo in voluptates. Fugit eaque laboriosam eos architecto et nemo ratione reprehenderit, voluptate a ipsa iste alias, eum at enim nemo unde quod amet possimus nihil voluptate labore.\r\n\r\nCumque molestiae dolore odio, necessitatibus recusandae magnam distinctio commodi obcaecati nostrum libero placeat dolor, obcaecati blanditiis deleniti possimus amet? Exercitationem quasi id dolor totam ut quo optio eveniet ducimus quaerat, quia consequatur reprehenderit accusantium asperiores nesciunt est rerum, ex quis voluptate officiis quaerat dolor itaque rem beatae libero, eius magnam consequatur earum vel blanditiis reiciendis dolor autem, iusto sunt nihil doloribus. Laudantium nemo officiis doloremque eveniet ipsam vel error tenetur eligendi, explicabo magni autem neque natus expedita, consequuntur laudantium vel nostrum aut cum modi, reprehenderit iste cum incidunt porro, explicabo autem dolore, voluptatem quae veniam fuga dolor aspernatur hic est quidem vero? Odio culpa consequatur, molestias dolore unde asperiores ullam ex, illum quasi porro minus dolorum fugiat vel eius natus dolor, explicabo libero non repellat voluptatem nemo itaque, fugiat deleniti beatae exercitationem assumenda nostrum obcaecati accusantium voluptatibus.",
    "image": "scenarioDesc/Vivint-Smart-Home-Fire-Alarm-System_3.jpg",
    "left_right": true,
    "order": 3
  }
},
{
  "model": "app.scenariodescription",
  "pk": 28,
  "fields": {
    "belongs_to_scenario": 16,
    "description": "Lorem ipsum dolor sit amet, consectetur adipisicing elit, sed do eiusmod tempor incididunt ut labore et dolore magna aliqua. Ut enim ad minim veniam, quis nostrud exercitation ullamco laboris nisi ut aliquip ex ea commodo consequat. Duis aute irure dolor in reprehenderit in voluptate velit esse cillum dolore eu fugiat nulla pariatur. Excepteur sint occaecat cupidatat non proident, sunt in culpa qui officia deserunt mollit anim id est laborum.\r\n\r\nQui quasi perspiciatis maxime esse, fugit inventore aliquam esse adipisci quia id quidem reiciendis a, nostrum iure labore eveniet molestias provident fugiat voluptate quibusdam. Rem maxime alias recusandae laborum explicabo necessitatibus odit qui at impedit, minus natus magnam odit ducimus veniam culpa ipsum, aut odit possimus laborum a dolore repellendus corporis quisquam voluptate, veritatis incidunt mollitia pariatur reprehenderit, quis iste pariatur architecto facere voluptas. Quod error eveniet sint molestiae ipsam autem nihil incidunt architecto voluptas voluptatum, iure voluptatem sunt error temporibus mollitia cumque nostrum doloribus blanditiis excepturi, est porro maxime ea voluptate doloribus explicabo quo in voluptates. Fugit eaque laboriosam eos architecto et nemo ratione reprehenderit, voluptate a ipsa iste alias, eum at enim nemo unde quod amet possimus nihil voluptate labore.\r\n\r\nCumque molestiae dolore odio, necessitatibus recusandae magnam distinctio commodi obcaecati nostrum libero placeat dolor, obcaecati blanditiis deleniti possimus amet? Exercitationem quasi id dolor totam ut quo optio eveniet ducimus quaerat, quia consequatur reprehenderit accusantium asperiores nesciunt est rerum, ex quis voluptate officiis quaerat dolor itaque rem beatae libero, eius magnam consequatur earum vel blanditiis reiciendis dolor autem, iusto sunt nihil doloribus. Laudantium nemo officiis doloremque eveniet ipsam vel error tenetur eligendi, explicabo magni autem neque natus expedita, consequuntur laudantium vel nostrum aut cum modi, reprehenderit iste cum incidunt porro, explicabo autem dolore, voluptatem quae veniam fuga dolor aspernatur hic est quidem vero? Odio culpa consequatur, molestias dolore unde asperiores ullam ex, illum quasi porro minus dolorum fugiat vel eius natus dolor, explicabo libero non repellat voluptatem nemo itaque, fugiat deleniti beatae exercitationem assumenda nostrum obcaecati accusantium voluptatibus.",
    "image": "scenarioDesc/canary-smart-home-security-system-app-580x405_1.jpg",
    "left_right": true,
    "order": 1
  }
},
{
  "model": "app.scenariodescription",
  "pk": 29,
  "fields": {
    "belongs_to_scenario": 16,
    "description": "Lorem ipsum dolor sit amet, consectetur adipisicing elit, sed do eiusmod tempor incididunt ut labore et dolore magna aliqua. Ut enim ad minim veniam, quis nostrud exercitation ullamco laboris nisi ut aliquip ex ea commodo consequat. Duis aute irure dolor in reprehenderit in voluptate velit esse cillum dolore eu fugiat nulla pariatur. Excepteur sint occaecat cupidatat non proident, sunt in culpa qui officia deserunt mollit anim id est laborum.\r\n\r\nQui quasi perspiciatis maxime esse, fugit inventore aliquam esse adipisci quia id quidem reiciendis a, nostrum iure labore eveniet molestias provident fugiat voluptate quibusdam. Rem maxime alias recusandae laborum explicabo necessitatibus odit qui at impedit, minus natus magnam odit ducimus veniam culpa ipsum, aut odit possimus laborum a dolore repellendus corporis quisquam voluptate, veritatis incidunt mollitia pariatur reprehenderit, quis iste pariatur architecto facere voluptas. Quod error eveniet sint molestiae ipsam autem nihil incidunt architecto voluptas voluptatum, iure voluptatem sunt error temporibus mollitia cumque nostrum doloribus blanditiis excepturi, est porro maxime ea voluptate doloribus explicabo quo in voluptates. Fugit eaque laboriosam eos architecto et nemo ratione reprehenderit, voluptate a ipsa iste alias, eum at enim nemo unde quod amet possimus nihil voluptate labore.\r\n\r\nCumque molestiae dolore odio, necessitatibus recusandae magnam distinctio commodi obcaecati nostrum libero placeat dolor, obcaecati blanditiis deleniti possimus amet? Exercitationem quasi id dolor totam ut quo optio eveniet ducimus quaerat, quia consequatur reprehenderit accusantium asperiores nesciunt est rerum, ex quis voluptate officiis quaerat dolor itaque rem beatae libero, eius magnam consequatur earum vel blanditiis reiciendis dolor autem, iusto sunt nihil doloribus. Laudantium nemo officiis doloremque eveniet ipsam vel error tenetur eligendi, explicabo magni autem neque natus expedita, consequuntur laudantium vel nostrum aut cum modi, reprehenderit iste cum incidunt porro, explicabo autem dolore, voluptatem quae veniam fuga dolor aspernatur hic est quidem vero? Odio culpa consequatur, molestias dolore unde asperiores ullam ex, illum quasi porro minus dolorum fugiat vel eius natus dolor, explicabo libero non repellat voluptatem nemo itaque, fugiat deleniti beatae exercitationem assumenda nostrum obcaecati accusantium voluptatibus.",
    "image": "scenarioDesc/video-alert-sms_2.jpg",
    "left_right": false,
    "order": 2
  }
},
{
  "model": "app.scenariodescription",
  "pk": 30,
  "fields": {
    "belongs_to_scenario": 16,
    "description": "Lorem ipsum dolor sit amet, consectetur adipisicing elit, sed do eiusmod tempor incididunt ut labore et dolore magna aliqua. Ut enim ad minim veniam, quis nostrud exercitation ullamco laboris nisi ut aliquip ex ea commodo consequat. Duis aute irure dolor in reprehenderit in voluptate velit esse cillum dolore eu fugiat nulla pariatur. Excepteur sint occaecat cupidatat non proident, sunt in culpa qui officia deserunt mollit anim id est laborum.\r\n\r\nQui quasi perspiciatis maxime esse, fugit inventore aliquam esse adipisci quia id quidem reiciendis a, nostrum iure labore eveniet molestias provident fugiat voluptate quibusdam. Rem maxime alias recusandae laborum explicabo necessitatibus odit qui at impedit, minus natus magnam odit ducimus veniam culpa ipsum, aut odit possimus laborum a dolore repellendus corporis quisquam voluptate, veritatis incidunt mollitia pariatur reprehenderit, quis iste pariatur architecto facere voluptas. Quod error eveniet sint molestiae ipsam autem nihil incidunt architecto voluptas voluptatum, iure voluptatem sunt error temporibus mollitia cumque nostrum doloribus blanditiis excepturi, est porro maxime ea voluptate doloribus explicabo quo in voluptates. Fugit eaque laboriosam eos architecto et nemo ratione reprehenderit, voluptate a ipsa iste alias, eum at enim nemo unde quod amet possimus nihil voluptate labore.\r\n\r\nCumque molestiae dolore odio, necessitatibus recusandae magnam distinctio commodi obcaecati nostrum libero placeat dolor, obcaecati blanditiis deleniti possimus amet? Exercitationem quasi id dolor totam ut quo optio eveniet ducimus quaerat, quia consequatur reprehenderit accusantium asperiores nesciunt est rerum, ex quis voluptate officiis quaerat dolor itaque rem beatae libero, eius magnam consequatur earum vel blanditiis reiciendis dolor autem, iusto sunt nihil doloribus. Laudantium nemo officiis doloremque eveniet ipsam vel error tenetur eligendi, explicabo magni autem neque natus expedita, consequuntur laudantium vel nostrum aut cum modi, reprehenderit iste cum incidunt porro, explicabo autem dolore, voluptatem quae veniam fuga dolor aspernatur hic est quidem vero? Odio culpa consequatur, molestias dolore unde asperiores ullam ex, illum quasi porro minus dolorum fugiat vel eius natus dolor, explicabo libero non repellat voluptatem nemo itaque, fugiat deleniti beatae exercitationem assumenda nostrum obcaecati accusantium voluptatibus.",
    "image": "scenarioDesc/smart-home-security_3.jpg",
    "left_right": true,
    "order": 3
  }
},
{
  "model": "app.scenariodescription",
  "pk": 31,
  "fields": {
    "belongs_to_scenario": 17,
    "description": "Lorem ipsum dolor sit amet, consectetur adipisicing elit, sed do eiusmod tempor incididunt ut labore et dolore magna aliqua. Ut enim ad minim veniam, quis nostrud exercitation ullamco laboris nisi ut aliquip ex ea commodo consequat. Duis aute irure dolor in reprehenderit in voluptate velit esse cillum dolore eu fugiat nulla pariatur. Excepteur sint occaecat cupidatat non proident, sunt in culpa qui officia deserunt mollit anim id est laborum.\r\n\r\nQui quasi perspiciatis maxime esse, fugit inventore aliquam esse adipisci quia id quidem reiciendis a, nostrum iure labore eveniet molestias provident fugiat voluptate quibusdam. Rem maxime alias recusandae laborum explicabo necessitatibus odit qui at impedit, minus natus magnam odit ducimus veniam culpa ipsum, aut odit possimus laborum a dolore repellendus corporis quisquam voluptate, veritatis incidunt mollitia pariatur reprehenderit, quis iste pariatur architecto facere voluptas. Quod error eveniet sint molestiae ipsam autem nihil incidunt architecto voluptas voluptatum, iure voluptatem sunt error temporibus mollitia cumque nostrum doloribus blanditiis excepturi, est porro maxime ea voluptate doloribus explicabo quo in voluptates. Fugit eaque laboriosam eos architecto et nemo ratione reprehenderit, voluptate a ipsa iste alias, eum at enim nemo unde quod amet possimus nihil voluptate labore.\r\n\r\nCumque molestiae dolore odio, necessitatibus recusandae magnam distinctio commodi obcaecati nostrum libero placeat dolor, obcaecati blanditiis deleniti possimus amet? Exercitationem quasi id dolor totam ut quo optio eveniet ducimus quaerat, quia consequatur reprehenderit accusantium asperiores nesciunt est rerum, ex quis voluptate officiis quaerat dolor itaque rem beatae libero, eius magnam consequatur earum vel blanditiis reiciendis dolor autem, iusto sunt nihil doloribus. Laudantium nemo officiis doloremque eveniet ipsam vel error tenetur eligendi, explicabo magni autem neque natus expedita, consequuntur laudantium vel nostrum aut cum modi, reprehenderit iste cum incidunt porro, explicabo autem dolore, voluptatem quae veniam fuga dolor aspernatur hic est quidem vero? Odio culpa consequatur, molestias dolore unde asperiores ullam ex, illum quasi porro minus dolorum fugiat vel eius natus dolor, explicabo libero non repellat voluptatem nemo itaque, fugiat deleniti beatae exercitationem assumenda nostrum obcaecati accusantium voluptatibus.",
    "image": "scenarioDesc/smart-home_1.jpg",
    "left_right": true,
    "order": 1
  }
},
{
  "model": "app.scenariodescription",
  "pk": 32,
  "fields": {
    "belongs_to_scenario": 17,
    "description": "Lorem ipsum dolor sit amet, consectetur adipisicing elit, sed do eiusmod tempor incididunt ut labore et dolore magna aliqua. Ut enim ad minim veniam, quis nostrud exercitation ullamco laboris nisi ut aliquip ex ea commodo consequat. Duis aute irure dolor in reprehenderit in voluptate velit esse cillum dolore eu fugiat nulla pariatur. Excepteur sint occaecat cupidatat non proident, sunt in culpa qui officia deserunt mollit anim id est laborum.\r\n\r\nQui quasi perspiciatis maxime esse, fugit inventore aliquam esse adipisci quia id quidem reiciendis a, nostrum iure labore eveniet molestias provident fugiat voluptate quibusdam. Rem maxime alias recusandae laborum explicabo necessitatibus odit qui at impedit, minus natus magnam odit ducimus veniam culpa ipsum, aut odit possimus laborum a dolore repellendus corporis quisquam voluptate, veritatis incidunt mollitia pariatur reprehenderit, quis iste pariatur architecto facere voluptas. Quod error eveniet sint molestiae ipsam autem nihil incidunt architecto voluptas voluptatum, iure voluptatem sunt error temporibus mollitia cumque nostrum doloribus blanditiis excepturi, est porro maxime ea voluptate doloribus explicabo quo in voluptates. Fugit eaque laboriosam eos architecto et nemo ratione reprehenderit, voluptate a ipsa iste alias, eum at enim nemo unde quod amet possimus nihil voluptate labore.\r\n\r\nCumque molestiae dolore odio, necessitatibus recusandae magnam distinctio commodi obcaecati nostrum libero placeat dolor, obcaecati blanditiis deleniti possimus amet? Exercitationem quasi id dolor totam ut quo optio eveniet ducimus quaerat, quia consequatur reprehenderit accusantium asperiores nesciunt est rerum, ex quis voluptate officiis quaerat dolor itaque rem beatae libero, eius magnam consequatur earum vel blanditiis reiciendis dolor autem, iusto sunt nihil doloribus. Laudantium nemo officiis doloremque eveniet ipsam vel error tenetur eligendi, explicabo magni autem neque natus expedita, consequuntur laudantium vel nostrum aut cum modi, reprehenderit iste cum incidunt porro, explicabo autem dolore, voluptatem quae veniam fuga dolor aspernatur hic est quidem vero? Odio culpa consequatur, molestias dolore unde asperiores ullam ex, illum quasi porro minus dolorum fugiat vel eius natus dolor, explicabo libero non repellat voluptatem nemo itaque, fugiat deleniti beatae exercitationem assumenda nostrum obcaecati accusantium voluptatibus.",
    "image": "scenarioDesc/smarthome-energie_2.jpg",
    "left_right": false,
    "order": 2
  }
},
{
  "model": "app.scenariodescription",
  "pk": 33,
  "fields": {
    "belongs_to_scenario": 17,
    "description": "Lorem ipsum dolor sit amet, consectetur adipisicing elit, sed do eiusmod tempor incididunt ut labore et dolore magna aliqua. Ut enim ad minim veniam, quis nostrud exercitation ullamco laboris nisi ut aliquip ex ea commodo consequat. Duis aute irure dolor in reprehenderit in voluptate velit esse cillum dolore eu fugiat nulla pariatur. Excepteur sint occaecat cupidatat non proident, sunt in culpa qui officia deserunt mollit anim id est laborum.\r\n\r\nQui quasi perspiciatis maxime esse, fugit inventore aliquam esse adipisci quia id quidem reiciendis a, nostrum iure labore eveniet molestias provident fugiat voluptate quibusdam. Rem maxime alias recusandae laborum explicabo necessitatibus odit qui at impedit, minus natus magnam odit ducimus veniam culpa ipsum, aut odit possimus laborum a dolore repellendus corporis quisquam voluptate, veritatis incidunt mollitia pariatur reprehenderit, quis iste pariatur architecto facere voluptas. Quod error eveniet sint molestiae ipsam autem nihil incidunt architecto voluptas voluptatum, iure voluptatem sunt error temporibus mollitia cumque nostrum doloribus blanditiis excepturi, est porro maxime ea voluptate doloribus explicabo quo in voluptates. Fugit eaque laboriosam eos architecto et nemo ratione reprehenderit, voluptate a ipsa iste alias, eum at enim nemo unde quod amet possimus nihil voluptate labore.\r\n\r\nCumque molestiae dolore odio, necessitatibus recusandae magnam distinctio commodi obcaecati nostrum libero placeat dolor, obcaecati blanditiis deleniti possimus amet? Exercitationem quasi id dolor totam ut quo optio eveniet ducimus quaerat, quia consequatur reprehenderit accusantium asperiores nesciunt est rerum, ex quis voluptate officiis quaerat dolor itaque rem beatae libero, eius magnam consequatur earum vel blanditiis reiciendis dolor autem, iusto sunt nihil doloribus. Laudantium nemo officiis doloremque eveniet ipsam vel error tenetur eligendi, explicabo magni autem neque natus expedita, consequuntur laudantium vel nostrum aut cum modi, reprehenderit iste cum incidunt porro, explicabo autem dolore, voluptatem quae veniam fuga dolor aspernatur hic est quidem vero? Odio culpa consequatur, molestias dolore unde asperiores ullam ex, illum quasi porro minus dolorum fugiat vel eius natus dolor, explicabo libero non repellat voluptatem nemo itaque, fugiat deleniti beatae exercitationem assumenda nostrum obcaecati accusantium voluptatibus.",
    "image": "scenarioDesc/parceone_aufmacher_3.jpg",
    "left_right": true,
    "order": 3
  }
},
{
  "model": "app.scenariodescription",
  "pk": 34,
  "fields": {
    "belongs_to_scenario": 18,
    "description": "Lorem ipsum dolor sit amet, consectetur adipisicing elit, sed do eiusmod tempor incididunt ut labore et dolore magna aliqua. Ut enim ad minim veniam, quis nostrud exercitation ullamco laboris nisi ut aliquip ex ea commodo consequat. Duis aute irure dolor in reprehenderit in voluptate velit esse cillum dolore eu fugiat nulla pariatur. Excepteur sint occaecat cupidatat non proident, sunt in culpa qui officia deserunt mollit anim id est laborum.\r\n\r\nQui quasi perspiciatis maxime esse, fugit inventore aliquam esse adipisci quia id quidem reiciendis a, nostrum iure labore eveniet molestias provident fugiat voluptate quibusdam. Rem maxime alias recusandae laborum explicabo necessitatibus odit qui at impedit, minus natus magnam odit ducimus veniam culpa ipsum, aut odit possimus laborum a dolore repellendus corporis quisquam voluptate, veritatis incidunt mollitia pariatur reprehenderit, quis iste pariatur architecto facere voluptas. Quod error eveniet sint molestiae ipsam autem nihil incidunt architecto voluptas voluptatum, iure voluptatem sunt error temporibus mollitia cumque nostrum doloribus blanditiis excepturi, est porro maxime ea voluptate doloribus explicabo quo in voluptates. Fugit eaque laboriosam eos architecto et nemo ratione reprehenderit, voluptate a ipsa iste alias, eum at enim nemo unde quod amet possimus nihil voluptate labore.\r\n\r\nCumque molestiae dolore odio, necessitatibus recusandae magnam distinctio commodi obcaecati nostrum libero placeat dolor, obcaecati blanditiis deleniti possimus amet? Exercitationem quasi id dolor totam ut quo optio eveniet ducimus quaerat, quia consequatur reprehenderit accusantium asperiores nesciunt est rerum, ex quis voluptate officiis quaerat dolor itaque rem beatae libero, eius magnam consequatur earum vel blanditiis reiciendis dolor autem, iusto sunt nihil doloribus. Laudantium nemo officiis doloremque eveniet ipsam vel error tenetur eligendi, explicabo magni autem neque natus expedita, consequuntur laudantium vel nostrum aut cum modi, reprehenderit iste cum incidunt porro, explicabo autem dolore, voluptatem quae veniam fuga dolor aspernatur hic est quidem vero? Odio culpa consequatur, molestias dolore unde asperiores ullam ex, illum quasi porro minus dolorum fugiat vel eius natus dolor, explicabo libero non repellat voluptatem nemo itaque, fugiat deleniti beatae exercitationem assumenda nostrum obcaecati accusantium voluptatibus.",
    "image": "scenarioDesc/whatyoucando-smarthome-1.jpg",
    "left_right": true,
    "order": 1
  }
},
{
  "model": "app.scenariodescription",
  "pk": 35,
  "fields": {
    "belongs_to_scenario": 18,
    "description": "Lorem ipsum dolor sit amet, consectetur adipisicing elit, sed do eiusmod tempor incididunt ut labore et dolore magna aliqua. Ut enim ad minim veniam, quis nostrud exercitation ullamco laboris nisi ut aliquip ex ea commodo consequat. Duis aute irure dolor in reprehenderit in voluptate velit esse cillum dolore eu fugiat nulla pariatur. Excepteur sint occaecat cupidatat non proident, sunt in culpa qui officia deserunt mollit anim id est laborum.\r\n\r\nQui quasi perspiciatis maxime esse, fugit inventore aliquam esse adipisci quia id quidem reiciendis a, nostrum iure labore eveniet molestias provident fugiat voluptate quibusdam. Rem maxime alias recusandae laborum explicabo necessitatibus odit qui at impedit, minus natus magnam odit ducimus veniam culpa ipsum, aut odit possimus laborum a dolore repellendus corporis quisquam voluptate, veritatis incidunt mollitia pariatur reprehenderit, quis iste pariatur architecto facere voluptas. Quod error eveniet sint molestiae ipsam autem nihil incidunt architecto voluptas voluptatum, iure voluptatem sunt error temporibus mollitia cumque nostrum doloribus blanditiis excepturi, est porro maxime ea voluptate doloribus explicabo quo in voluptates. Fugit eaque laboriosam eos architecto et nemo ratione reprehenderit, voluptate a ipsa iste alias, eum at enim nemo unde quod amet possimus nihil voluptate labore.\r\n\r\nCumque molestiae dolore odio, necessitatibus recusandae magnam distinctio commodi obcaecati nostrum libero placeat dolor, obcaecati blanditiis deleniti possimus amet? Exercitationem quasi id dolor totam ut quo optio eveniet ducimus quaerat, quia consequatur reprehenderit accusantium asperiores nesciunt est rerum, ex quis voluptate officiis quaerat dolor itaque rem beatae libero, eius magnam consequatur earum vel blanditiis reiciendis dolor autem, iusto sunt nihil doloribus. Laudantium nemo officiis doloremque eveniet ipsam vel error tenetur eligendi, explicabo magni autem neque natus expedita, consequuntur laudantium vel nostrum aut cum modi, reprehenderit iste cum incidunt porro, explicabo autem dolore, voluptatem quae veniam fuga dolor aspernatur hic est quidem vero? Odio culpa consequatur, molestias dolore unde asperiores ullam ex, illum quasi porro minus dolorum fugiat vel eius natus dolor, explicabo libero non repellat voluptatem nemo itaque, fugiat deleniti beatae exercitationem assumenda nostrum obcaecati accusantium voluptatibus.",
    "image": "scenarioDesc/whatyoucando-smarthome-2.jpg",
    "left_right": false,
    "order": 2
  }
},
{
  "model": "app.scenariodescription",
  "pk": 36,
  "fields": {
    "belongs_to_scenario": 18,
    "description": "Lorem ipsum dolor sit amet, consectetur adipisicing elit, sed do eiusmod tempor incididunt ut labore et dolore magna aliqua. Ut enim ad minim veniam, quis nostrud exercitation ullamco laboris nisi ut aliquip ex ea commodo consequat. Duis aute irure dolor in reprehenderit in voluptate velit esse cillum dolore eu fugiat nulla pariatur. Excepteur sint occaecat cupidatat non proident, sunt in culpa qui officia deserunt mollit anim id est laborum.\r\n\r\nQui quasi perspiciatis maxime esse, fugit inventore aliquam esse adipisci quia id quidem reiciendis a, nostrum iure labore eveniet molestias provident fugiat voluptate quibusdam. Rem maxime alias recusandae laborum explicabo necessitatibus odit qui at impedit, minus natus magnam odit ducimus veniam culpa ipsum, aut odit possimus laborum a dolore repellendus corporis quisquam voluptate, veritatis incidunt mollitia pariatur reprehenderit, quis iste pariatur architecto facere voluptas. Quod error eveniet sint molestiae ipsam autem nihil incidunt architecto voluptas voluptatum, iure voluptatem sunt error temporibus mollitia cumque nostrum doloribus blanditiis excepturi, est porro maxime ea voluptate doloribus explicabo quo in voluptates. Fugit eaque laboriosam eos architecto et nemo ratione reprehenderit, voluptate a ipsa iste alias, eum at enim nemo unde quod amet possimus nihil voluptate labore.\r\n\r\nCumque molestiae dolore odio, necessitatibus recusandae magnam distinctio commodi obcaecati nostrum libero placeat dolor, obcaecati blanditiis deleniti possimus amet? Exercitationem quasi id dolor totam ut quo optio eveniet ducimus quaerat, quia consequatur reprehenderit accusantium asperiores nesciunt est rerum, ex quis voluptate officiis quaerat dolor itaque rem beatae libero, eius magnam consequatur earum vel blanditiis reiciendis dolor autem, iusto sunt nihil doloribus. Laudantium nemo officiis doloremque eveniet ipsam vel error tenetur eligendi, explicabo magni autem neque natus expedita, consequuntur laudantium vel nostrum aut cum modi, reprehenderit iste cum incidunt porro, explicabo autem dolore, voluptatem quae veniam fuga dolor aspernatur hic est quidem vero? Odio culpa consequatur, molestias dolore unde asperiores ullam ex, illum quasi porro minus dolorum fugiat vel eius natus dolor, explicabo libero non repellat voluptatem nemo itaque, fugiat deleniti beatae exercitationem assumenda nostrum obcaecati accusantium voluptatibus.",
    "image": "scenarioDesc/whatyoucando-smarthome-3.jpg",
    "left_right": true,
    "order": 3
  }
},
{
  "model": "app.scenariodescription",
  "pk": 37,
  "fields": {
    "belongs_to_scenario": 10,
    "description": "Lorem ipsum dolor sit amet, consectetur adipisicing elit, sed do eiusmod tempor incididunt ut labore et dolore magna aliqua. Ut enim ad minim veniam, quis nostrud exercitation ullamco laboris nisi ut aliquip ex ea commodo consequat. Duis aute irure dolor in reprehenderit in voluptate velit esse cillum dolore eu fugiat nulla pariatur. Excepteur sint occaecat cupidatat non proident, sunt in culpa qui officia deserunt mollit anim id est laborum.\r\n\r\nQui quasi perspiciatis maxime esse, fugit inventore aliquam esse adipisci quia id quidem reiciendis a, nostrum iure labore eveniet molestias provident fugiat voluptate quibusdam. Rem maxime alias recusandae laborum explicabo necessitatibus odit qui at impedit, minus natus magnam odit ducimus veniam culpa ipsum, aut odit possimus laborum a dolore repellendus corporis quisquam voluptate, veritatis incidunt mollitia pariatur reprehenderit, quis iste pariatur architecto facere voluptas. Quod error eveniet sint molestiae ipsam autem nihil incidunt architecto voluptas voluptatum, iure voluptatem sunt error temporibus mollitia cumque nostrum doloribus blanditiis excepturi, est porro maxime ea voluptate doloribus explicabo quo in voluptates. Fugit eaque laboriosam eos architecto et nemo ratione reprehenderit, voluptate a ipsa iste alias, eum at enim nemo unde quod amet possimus nihil voluptate labore.\r\n\r\nCumque molestiae dolore odio, necessitatibus recusandae magnam distinctio commodi obcaecati nostrum libero placeat dolor, obcaecati blanditiis deleniti possimus amet? Exercitationem quasi id dolor totam ut quo optio eveniet ducimus quaerat, quia consequatur reprehenderit accusantium asperiores nesciunt est rerum, ex quis voluptate officiis quaerat dolor itaque rem beatae libero, eius magnam consequatur earum vel blanditiis reiciendis dolor autem, iusto sunt nihil doloribus. Laudantium nemo officiis doloremque eveniet ipsam vel error tenetur eligendi, explicabo magni autem neque natus expedita, consequuntur laudantium vel nostrum aut cum modi, reprehenderit iste cum incidunt porro, explicabo autem dolore, voluptatem quae veniam fuga dolor aspernatur hic est quidem vero? Odio culpa consequatur, molestias dolore unde asperiores ullam ex, illum quasi porro minus dolorum fugiat vel eius natus dolor, explicabo libero non repellat voluptatem nemo itaque, fugiat deleniti beatae exercitationem assumenda nostrum obcaecati accusantium voluptatibus.",
    "image": "scenarioDesc/qaoshxql1k7hjefp6h47.jpg",
    "left_right": true,
    "order": 1
  }
},
{
  "model": "app.scenariodescription",
  "pk": 38,
  "fields": {
    "belongs_to_scenario": 10,
    "description": "Lorem ipsum dolor sit amet, consectetur adipisicing elit, sed do eiusmod tempor incididunt ut labore et dolore magna aliqua. Ut enim ad minim veniam, quis nostrud exercitation ullamco laboris nisi ut aliquip ex ea commodo consequat. Duis aute irure dolor in reprehenderit in voluptate velit esse cillum dolore eu fugiat nulla pariatur. Excepteur sint occaecat cupidatat non proident, sunt in culpa qui officia deserunt mollit anim id est laborum.\r\n\r\nQui quasi perspiciatis maxime esse, fugit inventore aliquam esse adipisci quia id quidem reiciendis a, nostrum iure labore eveniet molestias provident fugiat voluptate quibusdam. Rem maxime alias recusandae laborum explicabo necessitatibus odit qui at impedit, minus natus magnam odit ducimus veniam culpa ipsum, aut odit possimus laborum a dolore repellendus corporis quisquam voluptate, veritatis incidunt mollitia pariatur reprehenderit, quis iste pariatur architecto facere voluptas. Quod error eveniet sint molestiae ipsam autem nihil incidunt architecto voluptas voluptatum, iure voluptatem sunt error temporibus mollitia cumque nostrum doloribus blanditiis excepturi, est porro maxime ea voluptate doloribus explicabo quo in voluptates. Fugit eaque laboriosam eos architecto et nemo ratione reprehenderit, voluptate a ipsa iste alias, eum at enim nemo unde quod amet possimus nihil voluptate labore.\r\n\r\nCumque molestiae dolore odio, necessitatibus recusandae magnam distinctio commodi obcaecati nostrum libero placeat dolor, obcaecati blanditiis deleniti possimus amet? Exercitationem quasi id dolor totam ut quo optio eveniet ducimus quaerat, quia consequatur reprehenderit accusantium asperiores nesciunt est rerum, ex quis voluptate officiis quaerat dolor itaque rem beatae libero, eius magnam consequatur earum vel blanditiis reiciendis dolor autem, iusto sunt nihil doloribus. Laudantium nemo officiis doloremque eveniet ipsam vel error tenetur eligendi, explicabo magni autem neque natus expedita, consequuntur laudantium vel nostrum aut cum modi, reprehenderit iste cum incidunt porro, explicabo autem dolore, voluptatem quae veniam fuga dolor aspernatur hic est quidem vero? Odio culpa consequatur, molestias dolore unde asperiores ullam ex, illum quasi porro minus dolorum fugiat vel eius natus dolor, explicabo libero non repellat voluptatem nemo itaque, fugiat deleniti beatae exercitationem assumenda nostrum obcaecati accusantium voluptatibus.",
    "image": "scenarioDesc/canary-video_2.jpg",
    "left_right": false,
    "order": 2
  }
},
{
  "model": "app.scenariodescription",
  "pk": 39,
  "fields": {
    "belongs_to_scenario": 10,
    "description": "Lorem ipsum dolor sit amet, consectetur adipisicing elit, sed do eiusmod tempor incididunt ut labore et dolore magna aliqua. Ut enim ad minim veniam, quis nostrud exercitation ullamco laboris nisi ut aliquip ex ea commodo consequat. Duis aute irure dolor in reprehenderit in voluptate velit esse cillum dolore eu fugiat nulla pariatur. Excepteur sint occaecat cupidatat non proident, sunt in culpa qui officia deserunt mollit anim id est laborum.\r\n\r\nQui quasi perspiciatis maxime esse, fugit inventore aliquam esse adipisci quia id quidem reiciendis a, nostrum iure labore eveniet molestias provident fugiat voluptate quibusdam. Rem maxime alias recusandae laborum explicabo necessitatibus odit qui at impedit, minus natus magnam odit ducimus veniam culpa ipsum, aut odit possimus laborum a dolore repellendus corporis quisquam voluptate, veritatis incidunt mollitia pariatur reprehenderit, quis iste pariatur architecto facere voluptas. Quod error eveniet sint molestiae ipsam autem nihil incidunt architecto voluptas voluptatum, iure voluptatem sunt error temporibus mollitia cumque nostrum doloribus blanditiis excepturi, est porro maxime ea voluptate doloribus explicabo quo in voluptates. Fugit eaque laboriosam eos architecto et nemo ratione reprehenderit, voluptate a ipsa iste alias, eum at enim nemo unde quod amet possimus nihil voluptate labore.\r\n\r\nCumque molestiae dolore odio, necessitatibus recusandae magnam distinctio commodi obcaecati nostrum libero placeat dolor, obcaecati blanditiis deleniti possimus amet? Exercitationem quasi id dolor totam ut quo optio eveniet ducimus quaerat, quia consequatur reprehenderit accusantium asperiores nesciunt est rerum, ex quis voluptate officiis quaerat dolor itaque rem beatae libero, eius magnam consequatur earum vel blanditiis reiciendis dolor autem, iusto sunt nihil doloribus. Laudantium nemo officiis doloremque eveniet ipsam vel error tenetur eligendi, explicabo magni autem neque natus expedita, consequuntur laudantium vel nostrum aut cum modi, reprehenderit iste cum incidunt porro, explicabo autem dolore, voluptatem quae veniam fuga dolor aspernatur hic est quidem vero? Odio culpa consequatur, molestias dolore unde asperiores ullam ex, illum quasi porro minus dolorum fugiat vel eius natus dolor, explicabo libero non repellat voluptatem nemo itaque, fugiat deleniti beatae exercitationem assumenda nostrum obcaecati accusantium voluptatibus.",
    "image": "scenarioDesc/resp-feature_3.jpg",
    "left_right": true,
    "order": 3
  }
},
{
  "model": "app.scenariocategoryrating",
  "pk": 1,
  "fields": {
    "scenario": 11,
    "category": 10,
    "rating": 9
  }
}
]
